Date,ACA.PA,AI.PA,AIR.PA,BNP.PA,CS.PA,DG.PA,EL.PA,KER.PA,MC.PA,OR.PA,RMS.PA,SAF.PA,SAN.PA,SU.PA,TTE.PA,^FCHI
2020-01-02,8.96194076538086,93.45242309570312,122.49592590332031,37.87434005737305,18.182151794433594,79.61782836914062,122.48155975341797,514.5965576171875,380.1163330078125,242.35858154296875,634.2944946289062,132.26263427734375,71.4093017578125,81.93767547607422,33.18252944946289,6041.5
2020-01-03,8.907563209533691,93.15738677978516,122.9729995727539,37.42193603515625,18.189292907714844,79.1234130859375,122.07835388183594,517.09228515625,380.0709533691406,242.08334350585938,638.4537353515625,132.64710998535156,71.85254669189453,81.72637176513672,33.55888366699219,6044.16015625
2020-01-06,8.819201469421387,92.53044128417969,122.44088745117188,37.2381477355957,17.950054168701172,78.72468566894531,121.94395446777344,508.40081787109375,376.4888610839844,241.25775146484375,633.1600952148438,131.15724182128906,72.3037109375,81.6207046508789,34.04485321044922,6013.58984375
2020-01-07,8.798810005187988,92.124755859375,121.10143280029297,37.22400665283203,18.060747146606445,78.18241119384766,122.7951431274414,513.1337890625,377.2596740722656,238.1388397216797,641.1007080078125,132.35874938964844,72.05042266845703,81.28614044189453,33.822120666503906,6012.35009765625
2020-01-08,8.839592933654785,92.19852447509766,123.28491973876953,37.308837890625,18.053604125976562,79.68163299560547,124.45271301269531,513.9942626953125,379.79888916015625,239.60658264160156,646.7724609375,132.16650390625,72.29578399658203,81.49745178222656,33.90986251831055,6031.0
2020-01-09,8.846389770507812,92.56731414794922,123.78034973144531,37.040225982666016,18.032180786132812,78.88416290283203,126.46870422363281,512.7896728515625,384.9681091308594,241.07427978515625,649.41943359375,134.04086303710938,72.81818389892578,80.82827758789062,33.72087860107422,6042.5498046875
2020-01-10,8.75123119354248,92.78858184814453,123.3216323852539,36.870574951171875,18.10716438293457,79.28290557861328,126.33429718017578,509.5195617675781,384.19720458984375,242.08334350585938,651.3099365234375,133.1277313232422,73.3880615234375,81.12764739990234,33.602760314941406,6037.10986328125
2020-01-13,8.73763656616211,93.12051391601562,123.96380615234375,36.70799255371094,18.09288215637207,79.5380859375,124.36311340332031,510.9825134277344,387.00860595703125,240.79908752441406,651.8770141601562,132.11842346191406,72.87358856201172,80.881103515625,33.45089340209961,6036.14013671875
2020-01-14,8.781817436218262,93.67369079589844,123.94548797607422,36.87763977050781,17.628686904907227,80.06441497802734,125.30389404296875,512.5405883789062,390.8628234863281,241.99159240722656,661.3300170898438,132.26263427734375,72.24038696289062,81.55028533935547,33.18091583251953,6040.89013671875
2020-01-15,8.67646312713623,93.52617645263672,123.17483520507812,36.02232360839844,17.26804542541504,80.18402862548828,127.31988525390625,514.7046508789062,391.27093505859375,247.12864685058594,669.8378295898438,133.84864807128906,72.5965576171875,81.3037338256836,32.7894401550293,6032.60986328125
2020-01-16,8.683259963989258,93.93184661865234,122.3858413696289,35.760780334472656,17.28232765197754,80.1042709350586,127.31988525390625,523.7938842773438,391.678955078125,247.49557495117188,673.0517578125,135.53074645996094,72.50949096679688,81.55028533935547,32.93117141723633,6039.02978515625
2020-01-17,8.747832298278809,95.44390869140625,125.48677825927734,35.873878479003906,17.407304763793945,81.6593017578125,129.6494598388672,528.2085571289062,398.1631164550781,252.54090881347656,685.9078369140625,137.02061462402344,72.96856689453125,82.95904541015625,32.73881912231445,6100.72021484375
2020-01-20,8.707050323486328,95.0382308959961,126.51428985595703,35.690093994140625,17.478717803955078,81.4200668334961,128.0366668701172,518.5134887695312,389.72918701171875,251.62355041503906,677.7782592773438,136.63613891601562,72.7390365600586,82.74773406982422,32.78268814086914,6078.5400390625
2020-01-21,8.67646312713623,95.66517639160156,125.13815307617188,35.49216842651367,17.532276153564453,81.49982452392578,127.99187469482422,507.779541015625,385.376220703125,248.3212127685547,670.4049682617188,136.49197387695312,72.3116226196289,82.41314697265625,32.47559356689453,6045.990234375
2020-01-22,8.584702491760254,95.55455017089844,126.5876693725586,35.40027618408203,17.41801643371582,80.463134765625,125.66229248046875,512.627197265625,384.0158996582031,246.76171875,672.2955322265625,134.80984497070312,70.34077453613281,81.86724853515625,32.262969970703125,6010.97998046875
2020-01-23,8.489543914794922,94.81696319580078,124.58769989013672,35.31191635131836,17.2430477142334,80.82196807861328,124.72151947021484,496.35333251953125,373.5868835449219,244.9270477294922,665.678466796875,136.5880889892578,70.6098861694336,81.46221160888672,31.938993453979492,5971.7900390625
2020-01-24,8.547317504882812,96.32901000976562,127.52346801757812,35.28010559082031,17.360881805419922,81.6593017578125,124.54232788085938,496.2667236328125,377.53173828125,248.13772583007812,672.1063842773438,141.29800415039062,70.5307388305664,82.95904541015625,31.982866287231445,6024.259765625
2020-01-27,8.377391815185547,94.11624908447266,121.92710876464844,34.54495620727539,17.046659469604492,79.47428894042969,121.7647476196289,478.34814453125,363.6565246582031,236.67111206054688,643.1803588867188,137.98182678222656,68.62321472167969,80.66978454589844,31.12229347229004,5863.02001953125
2020-01-28,8.469152450561523,95.44390869140625,123.15648651123047,34.933738708496094,17.257335662841797,80.6624984741211,123.64632415771484,486.3118591308594,373.6321716308594,239.97348022460938,649.0411987304688,138.89498901367188,69.39097595214844,81.14525604248047,31.36865234375,5925.81982421875
2020-01-29,8.452159881591797,96.66091918945312,125.2849349975586,34.99382781982422,17.30375099182129,81.38021087646484,124.22872924804688,491.6788330078125,369.6419372558594,240.61561584472656,652.255126953125,144.22972106933594,70.18247985839844,82.50119018554688,31.169540405273438,5954.89013671875
2020-01-30,8.34680461883545,96.55028533935547,123.39501953125,34.5590934753418,17.307321548461914,80.6624984741211,122.6159439086914,485.7925720214844,361.75213623046875,238.1388397216797,640.344482421875,141.874755859375,69.54136657714844,80.881103515625,30.3190975189209,5871.77001953125
2020-01-31,8.312820434570312,96.43965148925781,122.23905944824219,33.96178436279297,17.196630477905273,79.90491485595703,120.286376953125,480.4256286621094,358.4873962402344,231.0753936767578,639.5880737304688,140.2887420654297,68.82109069824219,79.70125579833984,29.79599952697754,5806.33984375
2020-02-03,8.38758659362793,97.2878646850586,122.64271545410156,34.170310974121094,17.189489364624023,80.14414978027344,121.6751480102539,479.6466369628906,359.80230712890625,233.9191131591797,641.667724609375,141.201904296875,69.3355712890625,80.82827758789062,29.536142349243164,5832.509765625
2020-02-04,8.540521621704102,98.09922790527344,126.60604858398438,34.84184646606445,17.425155639648438,81.49982452392578,122.07835388183594,492.5445251464844,372.362548828125,239.88177490234375,654.1458740234375,142.54759216308594,70.09541320800781,82.80055236816406,30.238096237182617,5935.0498046875
2020-02-05,8.866781234741211,99.53752136230469,125.57852172851562,35.06804656982422,17.646543502807617,82.9751205444336,123.5119400024414,496.52642822265625,376.352783203125,241.3494873046875,661.897216796875,141.77862548828125,71.17977142333984,84.15650177001953,30.66670036315918,5985.39990234375
2020-02-06,9.050301551818848,99.7587890625,125.68860626220703,35.633548736572266,17.671537399291992,82.53651428222656,122.97435760498047,495.1414489746094,379.1187744140625,245.66091918945312,655.0911254882812,141.874755859375,74.12416076660156,84.50869750976562,30.98055076599121,6038.18017578125
2020-02-07,9.135266304016113,99.5006332397461,125.48677825927734,36.637306213378906,17.71795654296875,82.6561279296875,122.75033569335938,489.68792724609375,375.4006042480469,248.3212127685547,657.35986328125,144.4219512939453,74.0687484741211,84.19171905517578,30.548568725585938,6029.75
2020-02-10,9.104679107666016,99.31624603271484,125.33999633789062,36.50300216674805,17.789371490478516,83.25423431396484,123.28793334960938,486.9180603027344,375.0378112792969,248.41290283203125,657.9268798828125,142.83595275878906,73.981689453125,83.99801635742188,30.08623504638672,6015.669921875
2020-02-11,9.16925048828125,101.71340942382812,126.60604858398438,37.27349090576172,17.96790885925293,83.7326889038086,123.95992279052734,487.091064453125,373.9495544433594,250.4310760498047,658.3050537109375,143.74908447265625,74.34577941894531,84.57913208007812,30.366336822509766,6054.759765625
2020-02-12,9.20323657989502,102.37723541259766,125.32162475585938,37.87434005737305,18.042890548706055,84.25104522705078,124.49752044677734,517.6478271484375,385.14947509765625,248.68809509277344,670.5938110351562,141.6344451904297,73.55426788330078,85.07221221923828,30.7004451751709,6104.72998046875
2020-02-13,9.278003692626953,103.26234436035156,121.83538818359375,37.867271423339844,18.046463012695312,83.7326889038086,124.99031066894531,516.2628173828125,382.2928466796875,249.05508422851562,672.1063842773438,139.5678253173828,73.11894226074219,85.7413558959961,30.63969612121582,6093.14013671875
2020-02-14,9.16925048828125,102.37723541259766,119.13811492919922,37.94502639770508,18.182151794433594,84.37066650390625,124.85590362548828,501.54718017578125,376.30743408203125,246.02786254882812,666.4346923828125,139.37559509277344,73.00814056396484,85.40678405761719,30.541820526123047,6069.35009765625
2020-02-17,9.26780891418457,103.11483001708984,120.16564178466797,38.2984619140625,18.210718154907227,84.33079528808594,125.75191497802734,502.0664978027344,375.8086853027344,245.3857421875,670.5938110351562,139.23141479492188,73.06354522705078,86.44575500488281,30.511451721191406,6085.9501953125
2020-02-18,9.074091911315918,103.07793426513672,119.50508880615234,37.93795394897461,18.16429901123047,84.64978790283203,125.48310852050781,493.15045166015625,370.7755432128906,246.11961364746094,661.7081909179688,137.78961181640625,74.1716537475586,85.40678405761719,30.16722869873047,6056.81982421875
2020-02-19,9.063897132873535,103.48362731933594,120.9179458618164,37.994503021240234,18.114309310913086,85.12823486328125,127.76788330078125,508.12591552734375,380.025634765625,249.78892517089844,673.8080444335938,140.2887420654297,74.40117645263672,85.75897979736328,30.406831741333008,6111.240234375
2020-02-20,8.941548347473145,102.15594482421875,120.89959716796875,37.64813232421875,17.48586082458496,83.89215850830078,126.69268798828125,490.3804931640625,371.6370544433594,243.73455810546875,661.5191650390625,139.90423583984375,74.00543212890625,90.60163116455078,30.204349517822266,6062.2998046875
2020-02-21,8.931353569030762,102.70914459228516,120.03720092773438,37.61986541748047,17.232337951660156,84.091552734375,127.27507019042969,486.1388854980469,366.8306884765625,244.00973510742188,656.603515625,138.22216796875,73.8708724975586,89.50102996826172,29.897245407104492,6029.72021484375
2020-02-24,8.632282257080078,98.65242004394531,114.1105728149414,36.191978454589844,16.671733856201172,80.22389221191406,119.79358673095703,463.1995544433594,349.7360534667969,234.83645629882812,633.7272338867188,131.6859130859375,72.47783660888672,86.7979507446289,28.459585189819336,5791.8701171875
2020-02-25,8.319616317749023,96.73468017578125,113.33992767333984,34.42478942871094,16.28966522216797,78.35785675048828,117.46402740478516,454.02392578125,344.6575012207031,231.8092498779297,627.8665161132812,127.6488265991211,71.58343505859375,85.03697967529297,27.767749786376953,5679.68017578125
2020-02-26,8.224457740783691,97.10348510742188,110.60597229003906,34.08195495605469,16.111127853393555,77.84747314453125,116.70243072509766,458.78485107421875,349.373291015625,233.0017547607422,629.5679321289062,127.16822052001953,71.9475326538086,85.49483489990234,27.703630447387695,5684.5498046875
2020-02-27,7.718076229095459,94.26375579833984,105.50504302978516,32.08149337768555,15.607656478881836,76.18877410888672,113.02886962890625,442.94384765625,335.40740966796875,226.2135467529297,605.9356689453125,124.62100219726562,70.00043487548828,82.53640747070312,26.78231430053711,5495.60009765625
2020-02-28,7.347635269165039,90.64958190917969,99.17472839355469,30.95050048828125,14.964924812316895,72.55238342285156,110.29611206054688,437.83660888671875,336.3143310546875,221.07647705078125,595.537353515625,119.28628540039062,66.4307632446289,79.68364715576172,25.90486717224121,5309.89990234375
2020-03-02,7.116535186767578,92.23539733886719,98.73436737060547,30.717233657836914,14.800671577453613,72.4247817993164,109.04173278808594,436.7978210449219,341.0754089355469,227.0391387939453,600.0747680664062,118.51731872558594,67.74464416503906,81.21569061279297,26.390840530395508,5333.52001953125
2020-03-03,6.950007438659668,93.56305694580078,102.86282348632812,30.261295318603516,15.004204750061035,74.41841125488281,114.37284851074219,443.2034912109375,342.2089538574219,230.61671447753906,609.0764770507812,122.21798706054688,68.14039611816406,83.32884216308594,26.53933334350586,5393.169921875
2020-03-04,6.8820366859436035,95.00135803222656,101.79859161376953,29.865447998046875,15.107754707336426,75.93360137939453,115.22404479980469,444.5884704589844,349.3279724121094,238.04710388183594,618.7411499023438,122.0257339477539,70.90274810791016,84.61434173583984,26.9611759185791,5464.89013671875
2020-03-05,6.565971851348877,94.04249572753906,98.82611083984375,28.639022827148438,14.754250526428223,74.24298858642578,111.95369720458984,434.1143798828125,339.6697082519531,236.2124481201172,612.677001953125,117.26773834228516,70.81568145751953,84.87849426269531,26.35708999633789,5361.10009765625
2020-03-06,6.319918632507324,90.94461822509766,91.2847900390625,27.225271224975586,14.282915115356445,69.79319763183594,107.60814666748047,418.5329895019531,326.79217529296875,232.72659301757812,600.7380981445312,110.68344116210938,67.32515716552734,79.48992919921875,25.074670791625977,5139.10986328125
2020-03-09,5.2541375160217285,84.04817199707031,82.55997467041016,23.881755828857422,12.856053352355957,64.37052154541016,101.91862487792969,395.63702392578125,306.52349853515625,217.2237091064453,573.8279418945312,103.3301773071289,63.26475143432617,72.32282257080078,20.910184860229492,4707.91015625
2020-03-10,5.2391839027404785,82.68363189697266,82.22053527832031,24.47906494140625,12.660377502441406,60.415130615234375,96.0499038696289,389.4910583496094,303.6214294433594,215.0221405029297,564.5421752929688,101.55194854736328,62.030006408691406,71.23102569580078,21.27128791809082,4636.60986328125
2020-03-11,5.366968154907227,83.27371215820312,78.62418365478516,25.2071475982666,12.623241424560547,61.2763786315918,97.48348999023438,379.5795593261719,299.4045715332031,210.7106475830078,563.4050903320312,98.90860748291016,63.02730178833008,72.3580322265625,20.90005874633789,4610.25
2020-03-12,4.481989860534668,73.98008728027344,65.4681625366211,21.91311264038086,10.702188491821289,50.813777923583984,90.4947738647461,332.8354797363281,273.422607421875,195.39125061035156,530.6203002929688,82.24121856689453,58.12790298461914,62.21489334106445,17.80537986755371,4044.260009765625
2020-03-13,4.664151191711426,77.70491027832031,68.19294738769531,22.429128646850586,10.947854995727539,53.73246383666992,89.68839263916016,350.5809020996094,285.57470703125,198.1432647705078,542.748779296875,81.0108642578125,58.104164123535156,63.35950469970703,17.565773010253906,4118.35986328125
2020-03-16,4.131260871887207,73.1834945678711,63.30302429199219,19.396635055541992,9.600975036621094,47.08169937133789,85.92523193359375,326.862548828125,269.88580322265625,190.43768310546875,519.439453125,71.64866638183594,60.629051208496094,62.003570556640625,16.425090789794922,3881.4599609375
2020-03-17,4.433050632476807,77.99994659423828,57.835105895996094,20.640735626220703,9.739519119262695,51.10087203979492,86.82122802734375,338.5053405761719,282.2646484375,204.19764709472656,529.2938842773438,66.2274398803711,62.09333419799805,64.62740325927734,16.97517967224121,3991.780029296875
2020-03-18,4.242732524871826,73.61129760742188,45.01395034790039,18.661487579345703,9.068222999572754,45.454891204833984,89.68839263916016,309.54998779296875,261.1343994140625,205.84881591796875,497.4565734863281,51.07875442504883,60.233299255371094,59.99605941772461,14.710699081420898,3754.840087890625
2020-03-19,4.227779388427734,77.4467544555664,49.29378128051758,19.216384887695312,8.922536849975586,49.95252990722656,93.63072967529297,329.1997985839844,267.4825439453125,208.78428649902344,530.6203002929688,53.347206115722656,60.05916976928711,59.23884582519531,15.186543464660645,3855.5
2020-03-20,4.641041278839111,77.52051544189453,58.514007568359375,19.396635055541992,9.798080444335938,55.64634704589844,98.82746124267578,363.3056945800781,282.0378723144531,208.23385620117188,574.3966064453125,63.63216781616211,58.452423095703125,61.38722610473633,16.873937606811523,4048.800048828125
2020-03-23,4.450722694396973,77.07795715332031,50.45893096923828,17.972286224365234,9.603832244873047,52.041866302490234,88.55944061279297,351.4031982421875,282.400634765625,202.36297607421875,571.7435913085938,54.827476501464844,57.02771759033203,59.6614875793457,17.886375427246094,3914.31005859375
2020-03-24,4.793295860290527,80.24959564208984,51.35801696777344,19.63697624206543,11.290644645690918,55.104087829589844,97.70748138427734,388.10601806640625,307.5663757324219,218.59970092773438,607.5603637695312,66.30432891845703,59.1568603515625,66.82860565185547,20.569332122802734,4242.7001953125
2020-03-25,5.055662631988525,79.88079833984375,55.05527877807617,21.20623779296875,11.746270179748535,59.53792190551758,100.39544677734375,408.664794921875,329.64874267578125,232.81832885742188,621.7734375,78.80008697509766,60.7873420715332,69.29395294189453,22.1723575592041,4432.2998046875
2020-03-26,5.067897319793701,81.0609359741211,66.32138061523438,21.898971557617188,11.680569648742676,60.494873046875,98.24507141113281,426.19384765625,329.8301696777344,233.55218505859375,636.176025390625,88.35450744628906,61.499698638916016,72.0058364868164,22.273595809936523,4543.580078125
2020-03-27,4.76202917098999,78.84817504882812,62.54154968261719,21.117876052856445,11.062118530273438,57.12961196899414,91.88356018066406,415.0704345703125,309.8335876464844,220.15916442871094,611.1610107421875,83.62535858154297,60.945655822753906,69.98072814941406,21.767375946044922,4351.490234375
2020-03-30,4.552679538726807,83.05242919921875,55.89931869506836,19.969205856323242,10.959280967712402,58.21416091918945,89.07910919189453,416.8017883300781,317.4059143066406,225.93832397460938,606.2337646484375,81.60681915283203,63.72382354736328,69.75181579589844,23.14636993408203,4378.509765625
2020-03-31,4.5472412109375,86.03966522216797,54.44059753417969,19.44611930847168,11.274932861328125,60.12804412841797,88.05769348144531,411.9542236328125,306.9316101074219,219.1501007080078,595.8108520507812,77.03144836425781,63.430965423583984,69.18830108642578,24.401254653930664,4396.1201171875
2020-04-01,4.312063217163086,84.08505249023438,47.890113830566406,18.286846160888672,10.522224426269531,53.47727584838867,84.0257568359375,393.86248779296875,294.41668701171875,214.0130615234375,560.9414672851562,64.36268615722656,62.481170654296875,64.75067138671875,24.270248413085938,4207.240234375
2020-04-02,4.252248764038086,83.56873321533203,46.11946487426758,18.41054916381836,10.45080852508545,51.91426086425781,86.3194808959961,394.3819274902344,295.0514831542969,218.32449340820312,567.1952514648438,65.93907928466797,62.908573150634766,64.80350494384766,25.014902114868164,4220.9599609375
2020-04-03,4.090478420257568,84.97016143798828,45.417625427246094,17.484539031982422,9.972331047058105,50.90947341918945,87.5917739868164,391.87158203125,294.77947998046875,216.76502990722656,573.0699462890625,60.55629348754883,64.39659881591797,65.59593963623047,23.118793487548828,4154.580078125
2020-04-06,4.244091987609863,85.92901611328125,49.11029815673828,18.127798080444336,10.545077323913574,56.09292984008789,94.30272674560547,405.4619445800781,308.11053466796875,215.93943786621094,573.0699462890625,64.74717712402344,67.14311218261719,71.54798889160156,23.315296173095703,4346.14013671875
2020-04-07,4.5540385246276855,88.54744720458984,52.330501556396484,18.908891677856445,10.977848052978516,57.352909088134766,96.9011001586914,412.9063720703125,312.418212890625,220.15916442871094,584.819580078125,69.20719146728516,66.48616790771484,72.18194580078125,23.62557029724121,4438.27001953125
2020-04-08,4.564914226531982,87.14604187011719,54.87179183959961,19.053802490234375,10.932143211364746,59.13919448852539,94.97471618652344,411.4781494140625,311.2392272949219,222.3607635498047,602.6331787109375,72.07160949707031,64.90316009521484,72.39324951171875,23.36012077331543,4442.75
2020-04-09,4.7402777671813965,87.36732482910156,55.963539123535156,20.078771591186523,11.090683937072754,61.00525665283203,95.60189819335938,410.0498046875,315.0481262207031,224.56236267089844,608.1288452148438,76.51239776611328,65.00605010986328,70.66751861572266,23.184295654296875,4506.85009765625
2020-04-14,4.612493515014648,91.97724151611328,55.04610061645508,19.65818214416504,11.064974784851074,61.43587112426758,96.58748626708984,418.7494201660156,319.2197570800781,229.7911376953125,637.5025024414062,76.66619873046875,65.41763305664062,72.46369934082031,22.5189266204834,4523.91015625
2020-04-15,4.237295150756836,88.87937927246094,50.27544403076172,18.251501083374023,10.656482696533203,56.26837158203125,94.16832733154297,411.1750793457031,310.1509704589844,225.5714111328125,640.1555786132812,71.1296157836914,65.54428100585938,69.75181579589844,21.15717124938965,4353.72021484375
2020-04-16,4.211465835571289,88.39994049072266,48.80754470825195,17.60117530822754,10.506512641906738,56.68304443359375,95.46751403808594,413.1227722167969,310.8764343261719,224.2871551513672,633.5228881835938,72.1292724609375,67.14311218261719,69.99834442138672,20.69521141052246,4350.16015625
2020-04-17,4.438488483428955,89.10065460205078,52.110313415527344,18.004093170166016,10.657912254333496,60.973350524902344,99.54425811767578,435.759033203125,324.6609802246094,227.13088989257812,648.8729248046875,77.37748718261719,68.52032470703125,72.97437286376953,21.38815689086914,4499.009765625
2020-04-20,4.4289727210998535,89.65383911132812,51.027740478515625,18.163143157958984,10.647913932800293,60.44704055786133,98.78266143798828,440.52001953125,326.8828430175781,234.56126403808594,658.3482055664062,77.76197052001953,69.96878051757812,75.422119140625,21.28473472595215,4528.2998046875
2020-04-21,4.252248764038086,85.37582397460938,47.66992950439453,17.438594818115234,10.485089302062988,55.82179260253906,94.84031677246094,423.2940368652344,317.4059143066406,225.4796905517578,634.0913696289062,71.0527114868164,69.7234115600586,71.54798889160156,20.4780216217041,4357.4599609375
2020-04-22,4.4017839431762695,86.62973022460938,49.11029815673828,18.05004119873047,10.522224426269531,57.32100296020508,93.80992889404297,402.47552490234375,320.5347595214844,227.5895538330078,637.31298828125,72.09082794189453,69.77880859375,72.692626953125,21.453657150268555,4411.7998046875
2020-04-23,4.593461036682129,86.7403564453125,49.770851135253906,19.177505493164062,10.540792465209961,55.965335845947266,95.06431579589844,395.63702392578125,316.1816711425781,225.4796905517578,664.2229614257812,74.58997344970703,70.35660552978516,73.23851776123047,22.353452682495117,4451.0
2020-04-24,4.4466447830200195,85.04391479492188,48.018550872802734,18.59079933166504,10.39796257019043,55.773956298828125,94.0787353515625,390.7029113769531,309.10809326171875,223.18637084960938,639.0184936523438,73.22505187988281,71.97918701171875,70.5970687866211,21.967330932617188,4393.31982421875
2020-04-27,4.647838592529297,86.81412506103516,46.85340881347656,19.644044876098633,10.835020065307617,58.80427551269531,96.9458999633789,402.38897705078125,318.2675476074219,225.8466033935547,649.6309204101562,74.32083892822266,73.92628479003906,73.08003234863281,22.236236572265625,4505.259765625
2020-04-28,4.933314800262451,88.21553802490234,48.51396942138672,20.923486709594727,11.412050247192383,59.87287139892578,97.2146987915039,404.2068176269531,323.75408935546875,233.3686981201172,644.1581420898438,79.107666015625,72.96856689453125,75.03471374511719,22.612009048461914,4569.7900390625
2020-04-29,5.265012264251709,88.62122344970703,53.569034576416016,21.701047897338867,11.847678184509277,60.46297073364258,99.76826477050781,412.4303283691406,326.2933044433594,235.01992797851562,648.3461303710938,83.91371154785156,71.78923034667969,76.02084350585938,23.31874656677246,4671.10986328125
2020-04-30,4.949628829956055,85.63399505615234,53.10114288330078,20.26962661743164,11.566305160522461,59.56982421875,100.93303680419922,398.36383056640625,319.6278076171875,243.3675994873047,635.5924072265625,80.95319366455078,70.59406280517578,73.48505401611328,22.64993667602539,4572.18017578125
2020-05-04,4.691339015960693,83.27371215820312,50.45893096923828,19.163366317749023,11.010700225830078,56.04507827758789,95.8707046508789,390.356689453125,307.02227783203125,229.51593017578125,615.0340576171875,74.97445678710938,72.56130981445312,70.91404724121094,21.022720336914062,4378.22998046875
2020-05-05,4.870782375335693,86.03966522216797,51.78003692626953,19.940927505493164,11.312068939208984,57.84733581542969,98.82746124267578,391.09246826171875,310.60443115234375,227.68128967285156,633.688720703125,76.89688873291016,74.43238067626953,73.97828674316406,22.691308975219727,4483.1298828125
2020-05-06,4.757950782775879,85.81837463378906,49.266265869140625,19.79248809814453,11.393482208251953,57.767581939697266,97.75227355957031,375.2514343261719,305.0724792480469,222.91116333007812,618.6507568359375,75.32048797607422,75.84388732910156,72.28704071044922,22.201765060424805,4433.3798828125
2020-05-07,4.878938674926758,88.47370147705078,51.14700698852539,20.14238929748535,11.63629150390625,58.94782257080078,99.18586730957031,383.17193603515625,313.370361328125,228.41514587402344,639.7800903320312,77.93499755859375,74.4734115600586,72.12337493896484,22.456876754760742,4501.43994140625
2020-05-08,4.934675216674805,88.43682098388672,51.44058609008789,20.368589401245117,11.587728500366211,61.2444953918457,99.18586730957031,387.3702697753906,319.4464111328125,232.54310607910156,647.0134887695312,77.97344207763672,73.50504302978516,73.12356567382812,22.743017196655273,4549.64013671875
2020-05-11,4.774263381958008,88.1727066040039,50.000205993652344,19.863174438476562,11.507745742797852,60.000450134277344,101.82902526855469,380.22882080078125,316.40838623046875,234.7447052001953,629.5009765625,75.45507049560547,72.97162628173828,72.97809600830078,22.329320907592773,4490.22021484375
2020-05-12,4.734841346740723,87.79541778564453,46.991024017333984,19.665246963500977,11.350631713867188,60.60651397705078,101.73942565917969,377.3722229003906,314.54931640625,232.3596649169922,638.06689453125,74.28237915039062,74.68678283691406,73.97828674316406,22.281049728393555,4472.5
2020-05-13,4.6138529777526855,86.55036926269531,45.504783630371094,18.732175827026367,11.090683937072754,58.42150115966797,97.39389038085938,365.5563049316406,303.84820556640625,225.11273193359375,641.1126098632812,72.57144165039062,73.43939971923828,72.90534210205078,21.43642234802246,4344.9501953125
2020-05-14,4.5513200759887695,84.58845520019531,45.761661529541016,18.541318893432617,10.83359146118164,58.054664611816406,96.31869506835938,359.5401916503906,300.17535400390625,221.44342041015625,634.8309326171875,70.80280303955078,72.3643569946289,70.43213653564453,21.243366241455078,4273.1298828125
2020-05-15,4.627447128295898,84.70164489746094,45.23872375488281,18.760452270507812,10.797883033752441,58.21416091918945,96.4531021118164,356.0776672363281,299.4952087402344,222.63595581054688,633.1177368164062,70.16840362548828,71.5765380859375,71.0504379272461,21.27783966064453,4277.6298828125
2020-05-18,4.910204887390137,88.51228332519531,50.77085876464844,20.227214813232422,11.08354377746582,63.3657112121582,100.44024658203125,372.04852294921875,317.4512939453125,229.607666015625,666.2393798828125,76.39705657958984,71.85556030273438,75.57860565185547,22.85333824157715,4498.33984375
2020-05-19,4.774263381958008,87.38040924072266,49.75250244140625,20.039894104003906,11.21065902709961,62.21736526489258,100.79864501953125,380.9212951660156,324.20751953125,227.7729949951172,656.7216186523438,75.43584442138672,71.26469421386719,75.61498260498047,22.722335815429688,4458.16015625
2020-05-20,4.802811622619629,87.83316040039062,50.504798889160156,20.372121810913086,11.12639045715332,62.82344055175781,101.20182800292969,377.4587707519531,328.061767578125,232.3596649169922,660.1480102539062,74.95523834228516,72.0032730102539,76.56061553955078,23.008468627929688,4496.97998046875
2020-05-21,4.657354354858398,87.56905364990234,50.1378288269043,19.993947982788086,11.032124519348145,61.94623947143555,99.85784912109375,375.0350341796875,326.33868408203125,227.7729949951172,657.6734008789062,74.32083892822266,71.3877944946289,74.94210815429688,22.59477424621582,4445.4501953125
2020-05-22,4.684542179107666,88.55001068115234,49.57819366455078,20.05756378173828,10.947854995727539,61.2763786315918,98.91706085205078,366.07568359375,322.2123718261719,227.5895538330078,664.1453857421875,72.74443817138672,71.2811050415039,76.65155029296875,22.52582550048828,4444.56005859375
2020-05-25,4.778342247009277,89.8327865600586,53.79839324951172,20.43221092224121,10.849302291870117,64.60973358154297,100.39544677734375,373.90966796875,328.24310302734375,230.341552734375,666.4296875,77.24291229248047,71.94583129882812,77.61537170410156,22.93607521057129,4539.91015625
2020-05-26,5.160337448120117,88.1349868774414,57.62409591674805,21.91311264038086,11.302070617675781,65.64642333984375,99.85784912109375,388.3224792480469,331.3717956542969,227.9564971923828,675.7570190429688,83.24087524414062,71.01029205322266,78.16093444824219,23.011920928955078,4606.240234375
2020-05-27,5.433579921722412,87.6445083618164,56.08280944824219,23.846412658691406,12.004790306091309,67.27324676513672,104.74099731445312,404.76947021484375,339.0349426269531,230.61671447753906,677.6605834960938,84.27898406982422,70.72307586669922,79.70670318603516,23.47043228149414,4688.740234375
2020-05-28,5.434938907623291,90.88920593261719,55.15619659423828,23.81813621520996,12.093345642089844,66.95426177978516,107.20497131347656,416.3256530761719,350.7789001464844,238.6892547607422,710.5918579101562,85.43242645263672,72.63516998291016,80.4886703491211,23.66349220275879,4771.39013671875
2020-05-29,5.318029403686523,92.1342544555664,52.0185661315918,22.80023765563965,11.697708129882812,66.2206039428711,103.71060180664062,406.500732421875,340.0778503417969,240.24868774414062,711.7339477539062,82.52957153320312,71.8309326171875,81.14334106445312,23.184295654296875,4695.43994140625
2020-06-01,5.448533535003662,92.32290649414062,54.53234100341797,23.669696807861328,11.783405303955078,66.95426177978516,105.54737854003906,412.3870544433594,343.6146240234375,237.40496826171875,710.0208129882812,84.87493896484375,72.78288269042969,81.56160736083984,23.81863021850586,4762.77978515625
2020-06-02,5.573599338531494,93.03975677490234,58.440616607666016,24.373031616210938,12.323299407958984,68.56510925292969,107.428955078125,422.2118835449219,349.1012268066406,239.60658264160156,718.2059326171875,89.89244079589844,72.88956451416016,82.65272521972656,24.508121490478516,4858.97021484375
2020-06-03,5.766636371612549,95.07713317871094,62.761741638183594,25.55351448059082,13.6016206741333,71.85061645507812,108.9073257446289,436.4516296386719,356.80963134765625,248.04600524902344,735.908935546875,94.19868469238281,72.87316131591797,86.76263427734375,25.114879608154297,5022.3798828125
2020-06-04,5.814216136932373,94.5866470336914,66.03697967529297,25.461620330810547,13.681605339050293,70.52684020996094,108.19054412841797,439.22161865234375,353.72625732421875,244.46839904785156,736.6703491210938,94.775390625,72.91419219970703,85.7806167602539,24.901140213012695,5011.97998046875
2020-06-05,6.182616710662842,95.64306640625,74.29389953613281,27.649394989013672,14.311482429504395,72.02606201171875,112.26728057861328,464.0652160644531,366.60394287109375,247.4038848876953,748.2819213867188,97.9954605102539,73.16858673095703,89.45408630371094,26.431821823120117,5197.7900390625
2020-06-08,6.307682991027832,96.17127227783203,75.14710235595703,27.886201858520508,14.350757598876953,71.45189666748047,109.57933044433594,451.2538757324219,359.2128601074219,242.81723022460938,732.86328125,98.04351806640625,73.59532165527344,86.5080337524414,26.786909103393555,5175.52001953125
2020-06-09,5.908016204833984,95.22804260253906,69.42230987548828,26.97433090209961,13.858712196350098,69.64964294433594,108.7281265258789,454.4566650390625,358.4873962402344,244.00973510742188,728.1043090820312,93.41047668457031,74.23542785644531,86.52622985839844,25.993986129760742,5095.10986328125
2020-06-10,5.83052921295166,95.19029998779297,68.77094268798828,26.401762008666992,13.69303035736084,68.42156219482422,105.81617736816406,451.8598327636719,361.29864501953125,244.5601806640625,730.0078735351562,92.75686645507812,74.42417907714844,86.18070983886719,25.521684646606445,5053.419921875
2020-06-11,5.475721836090088,93.53023529052734,61.523193359375,24.563888549804688,12.976028442382812,65.55073547363281,101.11223602294922,421.5627136230469,340.16851806640625,242.81723022460938,708.6883544921875,85.50933074951172,73.21782684326172,82.54362487792969,23.942739486694336,4815.60009765625
2020-06-12,5.52330207824707,92.85111999511719,61.422271728515625,24.719404220581055,13.058868408203125,66.1727523803711,102.05301666259766,421.8656921386719,343.84136962890625,241.6246795654297,702.7872924804688,86.35518646240234,73.0536880493164,82.85277557373047,24.19785499572754,4839.259765625
2020-06-15,5.478440761566162,93.19068145751953,62.385581970214844,24.242259979248047,13.068867683410645,66.58743286132812,100.35063934326172,415.93609619140625,336.85845947265625,239.3313751220703,696.1249389648438,88.33529663085938,73.19320678710938,83.23467254638672,23.91860580444336,4815.72021484375
2020-06-16,5.666039943695068,95.07713317871094,64.06449127197266,25.45454978942871,13.44022274017334,68.48535919189453,102.90422058105469,428.6176452636719,341.710205078125,249.60545349121094,710.4014282226562,90.9690170288086,74.73601531982422,86.12615203857422,24.70462989807129,4952.4599609375
2020-06-17,5.638850688934326,96.13353729248047,63.99110412597656,25.415674209594727,13.50020980834961,68.51726531982422,103.8897933959961,438.8753662109375,343.84136962890625,253.3665313720703,718.0156860351562,93.71807098388672,76.90251922607422,86.96267700195312,24.78392791748047,4995.97021484375
2020-06-18,5.598068714141846,95.49214935302734,62.2204475402832,25.31671142578125,13.40166187286377,68.29398345947266,103.57620239257812,441.47222900390625,342.1636657714844,253.73341369628906,712.8759765625,91.94944763183594,75.76183319091797,86.2716293334961,24.601205825805664,4958.75
2020-06-19,5.482518672943115,96.6617431640625,63.17457962036133,24.952672958374023,13.19741439819336,67.5762710571289,105.45777893066406,441.3856506347656,344.6575012207031,256.1185302734375,703.548828125,90.71910095214844,77.2389907836914,87.07178497314453,24.60810089111328,4979.4501953125
2020-06-22,5.493393898010254,96.0958023071289,61.70668411254883,24.811294555664062,13.243119239807129,68.13449096679688,104.3377914428711,436.2784118652344,343.6146240234375,253.8251953125,706.97509765625,89.91168212890625,76.34447479248047,87.10816192626953,24.432287216186523,4948.7001953125
2020-06-23,5.709540843963623,97.37859344482422,61.247962951660156,25.666616439819336,13.44022274017334,67.25235748291016,105.72657012939453,434.6189880371094,354.2704162597656,257.40277099609375,714.7796630859375,91.43038940429688,76.55784606933594,88.74484252929688,24.94940185546875,5017.68017578125
2020-06-24,5.462128162384033,95.22804260253906,57.7708854675293,24.394237518310547,13.145995140075684,65.6337661743164,100.79864501953125,414.530029296875,345.8364562988281,255.9350128173828,691.746826171875,86.2782974243164,74.72781372070312,87.29000854492188,24.084089279174805,4871.35986328125
2020-06-25,5.626616954803467,95.71852111816406,58.64244842529297,24.86431312561035,13.261688232421875,66.37831115722656,103.17301177978516,414.79205322265625,348.1036376953125,257.76971435546875,700.5031127929688,85.45166015625,75.38432312011719,87.79920196533203,24.277141571044922,4918.580078125
2020-06-26,5.494753360748291,95.152587890625,56.77088928222656,24.376569747924805,13.230263710021973,65.81181335449219,103.21780395507812,416.6262512207031,351.59515380859375,261.5307922363281,702.2161865234375,84.39433288574219,74.7606430053711,88.47207641601562,24.232328414916992,4909.64013671875
2020-06-29,5.700024604797363,96.20899963378906,58.119510650634766,24.988012313842773,13.297394752502441,66.96100616455078,105.23377990722656,420.33831787109375,353.2275085449219,261.7142028808594,705.6427001953125,85.7208023071289,75.12171936035156,89.65412139892578,24.29208755493164,4945.4599609375
2020-06-30,5.728573322296143,96.88812255859375,58.27547836303711,25.002151489257812,13.291680335998535,66.36214447021484,102.36662292480469,422.9586486816406,354.1343994140625,262.0811767578125,707.9268188476562,85.75926208496094,74.39134979248047,89.9087142944336,23.88780403137207,4935.990234375
2020-07-01,5.694587707519531,96.92584991455078,58.890159606933594,24.542686462402344,13.224550247192383,66.20027923583984,103.53141021728516,420.1199951171875,355.1319580078125,262.9985046386719,703.7391357421875,86.41287231445312,74.7606430053711,88.30839538574219,24.017881393432617,4926.93994140625
2020-07-02,5.948797225952148,100.09508514404297,60.92686080932617,25.87514305114746,13.63304328918457,68.14258575439453,104.7857894897461,430.07708740234375,364.4273986816406,272.1717529296875,726.58154296875,88.00847625732422,75.46639251708984,89.36315155029297,24.4995059967041,5049.3798828125
2020-07-03,5.92568826675415,98.35955047607422,60.211265563964844,25.64540672302246,13.50020980834961,67.94834899902344,105.99536895751953,432.17333984375,359.7569885253906,269.1512451171875,714.3989868164062,87.18183135986328,74.67857360839844,88.98125457763672,24.35536766052246,5007.14013671875
2020-07-06,6.091536521911621,99.30278015136719,62.12870407104492,26.426504135131836,13.727311134338379,68.40155792236328,106.44336700439453,436.6715087890625,366.377197265625,269.80181884765625,733.4342651367188,89.23882293701172,75.90132904052734,89.36315155029297,24.668249130249023,5081.509765625
2020-07-07,6.0398783683776855,99.64234161376953,61.743385314941406,26.32400894165039,13.716917991638184,67.57608032226562,106.3985595703125,435.6670837402344,367.51812744140625,267.94305419921875,729.6272583007812,87.85469055175781,75.22019958496094,89.50863647460938,24.387014389038086,5043.72998046875
2020-07-08,5.954236030578613,99.75552368164062,60.39474868774414,25.69489097595215,13.532818794250488,65.71469116210938,105.32337188720703,429.6404113769531,364.9167785644531,265.2477722167969,730.5790405273438,86.54743957519531,74.31748962402344,88.89033508300781,24.102251052856445,4981.1298828125
2020-07-09,5.815575122833252,99.75552368164062,58.000247955322266,25.101116180419922,13.299724578857422,64.40364074707031,105.00978088378906,435.3176574707031,365.9664306640625,266.4560852050781,729.4368896484375,84.85569763183594,73.18499755859375,87.1990966796875,23.314781188964844,4921.009765625
2020-07-10,6.016768455505371,101.86834716796875,60.04612731933594,25.92815589904785,13.569934844970703,65.148193359375,104.7857894897461,436.4967956542969,365.73828125,268.2218933105469,732.86328125,85.47087860107422,72.97162628173828,88.07199096679688,23.427278518676758,4970.47998046875
2020-07-13,6.080660820007324,104.132080078125,62.24797058105469,26.67391014099121,13.709493637084961,66.36214447021484,108.23534393310547,447.1090087890625,372.72076416015625,267.4783630371094,737.6221313476562,88.91201782226562,74.66215515136719,89.47225952148438,23.701486587524414,5056.22998046875
2020-07-14,6.124162197113037,102.58518981933594,60.697505950927734,26.51132583618164,13.800058364868164,65.52046203613281,106.21936798095703,442.3924865722656,369.3435974121094,265.6195373535156,717.0639038085938,86.25907135009766,75.0806884765625,88.07199096679688,23.9370174407959,5007.4599609375
2020-07-15,6.2057271003723145,103.75479888916016,63.50486755371094,27.23587417602539,13.817876815795898,67.86741638183594,107.92174530029297,457.41546630859375,376.0979309082031,270.54534912109375,726.58154296875,92.00711822509766,76.86970520019531,91.5635986328125,24.13741111755371,5108.97998046875
2020-07-16,6.264182090759277,104.69802856445312,61.4681510925293,27.257081985473633,13.890623092651367,67.59225463867188,106.08497619628906,451.56353759765625,372.5382080078125,266.8277893066406,710.9725341796875,90.373046875,76.25421142578125,91.51811981201172,24.20420265197754,5085.27978515625
2020-07-17,6.194852352142334,104.73575592041016,60.4589729309082,26.84356117248535,13.63674545288086,66.73440551757812,105.77136993408203,450.166015625,374.45501708984375,269.80181884765625,714.5892944335938,89.50796508789062,76.50040435791016,91.79090881347656,23.7823429107666,5069.419921875
2020-07-20,6.2057271003723145,105.71670532226562,60.2846565246582,26.868301391601562,13.74364185333252,66.54017639160156,105.05458068847656,450.515380859375,376.782470703125,269.52301025390625,722.5841674804688,89.5848617553711,77.37848663330078,91.97276306152344,23.346420288085938,5093.18017578125
2020-07-21,6.261462688446045,105.60352325439453,62.431453704833984,27.24294662475586,13.733247756958008,66.65347290039062,105.63697814941406,455.4939270019531,374.1811828613281,269.1512451171875,721.82275390625,89.95012664794922,76.09008026123047,91.5635986328125,23.733125686645508,5104.27978515625
2020-07-22,6.11736536026001,105.26395416259766,61.569068908691406,26.71985626220703,13.5847806930542,66.29739379882812,103.39700317382812,441.9557800292969,368.7503356933594,266.8277893066406,712.8759765625,87.91236114501953,75.09709930419922,91.97276306152344,22.987836837768555,5037.1201171875
2020-07-23,6.10784912109375,106.093994140625,59.890159606933594,26.553739547729492,13.485308647155762,65.26148986816406,104.56178283691406,439.59747314453125,368.3852233886719,270.731201171875,715.7314453125,85.50933074951172,74.7606430053711,91.47266387939453,22.871826171875,5033.759765625
2020-07-24,6.054832935333252,104.96212768554688,58.65162658691406,26.25331687927246,13.29378604888916,64.25796508789062,102.85941314697266,432.3480224609375,364.2778625488281,264.7830810546875,705.8330078125,85.10562133789062,72.88135528564453,90.18150329589844,22.956201553344727,4956.43017578125
2020-07-27,5.9297661781311035,105.37715148925781,56.80758285522461,25.670146942138672,13.189859390258789,63.80476379394531,102.81460571289062,433.87652587890625,366.377197265625,265.4336853027344,711.5435791015625,83.5869140625,73.1357650756836,91.51811981201172,22.773393630981445,4939.6201171875
2020-07-28,5.944719314575195,106.43355560302734,58.57823181152344,25.56764793395996,13.265576362609863,63.51342010498047,103.93460845947266,422.04156494140625,351.4537048339844,266.4560852050781,695.9346313476562,86.85502624511719,73.4476089477539,90.54520416259766,22.783933639526367,4928.93994140625
2020-07-29,5.879467010498047,106.1317367553711,57.046112060546875,25.306110382080078,13.262605667114258,64.41983032226562,105.09938049316406,438.8114318847656,353.3704833984375,268.779541015625,700.5031127929688,87.18183135986328,73.79227447509766,93.20027160644531,22.81558609008789,4958.740234375
2020-07-30,5.6035075187683105,105.41487121582031,58.11033630371094,24.302345275878906,12.778602600097656,62.833614349365234,103.3521957397461,430.2518005371094,341.2309875488281,264.411376953125,676.7089233398438,90.58451843261719,72.6679916381836,90.89073181152344,22.449970245361328,4852.93994140625
2020-07-31,5.52330207824707,105.33942413330078,56.89014434814453,24.11502456665039,12.51878547668457,58.916622161865234,100.52984619140625,420.7750244140625,334.7503967285156,263.01727294921875,653.1047973632812,85.97071075439453,72.6679916381836,89.3267822265625,22.007017135620117,4783.68994140625
2020-08-03,5.69050931930542,107.60316467285156,58.4681396484375,25.065767288208008,12.84986686706543,61.24739456176758,99.00666046142578,427.7188720703125,339.8161315917969,258.4632873535156,657.2926025390625,86.14373016357422,74.0712890625,92.42739868164062,22.78042984008789,4875.93017578125
2020-08-04,5.801981449127197,107.26360321044922,60.257137298583984,25.578256607055664,12.995366096496582,61.32831573486328,99.00666046142578,424.9675598144531,339.222900390625,261.7161560058594,654.4375,88.70054626464844,72.38897705078125,91.10895538330078,23.34290885925293,4889.52001953125
2020-08-05,5.80062198638916,106.9994888305664,62.358062744140625,25.408605575561523,13.099291801452637,63.52959060668945,98.82746124267578,429.5093994140625,343.2846374511719,262.5525817871094,658.625244140625,93.16057586669922,71.78990936279297,92.56378936767578,23.792892456054688,4933.33984375
2020-08-06,5.738089084625244,105.18851470947266,62.6883430480957,25.330846786499023,12.642013549804688,63.43247604370117,97.52828216552734,421.9104919433594,341.3678894042969,259.2997131347656,653.2952880859375,94.71772003173828,70.90360260009766,92.65471649169922,23.233924865722656,4885.1298828125
2020-08-07,5.746245384216309,105.6789779663086,63.57825469970703,25.079904556274414,12.642013549804688,63.49722671508789,97.93147277832031,423.9195251464844,341.3678894042969,257.99853515625,659.3865356445312,93.9295425415039,71.70783996582031,93.74584197998047,23.05814552307129,4889.52001953125
2020-08-10,5.853638648986816,104.77348327636719,66.11038208007812,25.31671142578125,12.875105857849121,64.85684204101562,97.48348999023438,421.080810546875,339.1316223144531,256.51153564453125,650.43994140625,96.84201049804688,71.16622161865234,93.15481567382812,23.371030807495117,4909.509765625
2020-08-11,6.137755870819092,105.86763763427734,69.89020538330078,26.5007266998291,13.235883712768555,66.78296661376953,99.54425811767578,432.0423278808594,349.30877685546875,257.6268310546875,657.86376953125,102.2728500366211,71.91300201416016,94.83696746826172,24.038970947265625,5027.990234375
2020-08-12,6.177180290222168,107.71634674072266,68.73423767089844,26.737529754638672,13.321992874145508,67.05813598632812,100.97783660888672,439.9468994140625,357.067138671875,262.2737731933594,670.617431640625,99.48533630371094,72.38077545166016,95.38253021240234,24.200687408447266,5073.31005859375
2020-08-13,6.053472995758057,106.92403411865234,67.24799346923828,26.147289276123047,13.117109298706055,66.345947265625,100.08184051513672,442.56719970703125,357.067138671875,262.5525817871094,674.424560546875,99.72563934326172,71.3877944946289,95.24613952636719,23.898357391357422,5042.3798828125
2020-08-14,5.973267555236816,105.60352325439453,66.15624237060547,25.914016723632812,13.029512405395508,65.05107116699219,98.51386260986328,433.74554443359375,352.366455078125,258.83502197265625,668.1428833007812,97.56291961669922,70.13220977783203,93.24574279785156,23.553836822509766,4962.93017578125
2020-08-17,5.908016204833984,106.01853942871094,65.54155731201172,25.656009674072266,12.878076553344727,65.11582946777344,99.49945831298828,435.9727478027344,353.9181823730469,259.2068176269531,667.3814086914062,97.17842864990234,70.99388885498047,94.29139709472656,23.40618324279785,4971.93994140625
2020-08-18,5.823731422424316,105.5657958984375,63.5140266418457,25.36972999572754,12.901829719543457,64.51693725585938,99.36505889892578,436.5404968261719,352.366455078125,259.4856262207031,661.4805297851562,95.27523040771484,71.70783996582031,93.8822250366211,23.065181732177734,4938.06005859375
2020-08-19,5.912093639373779,106.1694564819336,64.44981384277344,26.037723541259766,13.071084022521973,65.66615295410156,99.81304931640625,436.5404968261719,353.4161376953125,263.01727294921875,660.1480102539062,95.525146484375,71.92121124267578,94.83696746826172,23.258529663085938,4977.22998046875
2020-08-20,5.751682758331299,104.84894561767578,63.458984375,25.415674209594727,12.930039405822754,65.05107116699219,97.70748138427734,431.6055908203125,349.9020690917969,259.2997131347656,656.9119873046875,93.85264587402344,71.37137603759766,93.70037841796875,22.864797592163086,4911.240234375
2020-08-21,5.663321018218994,104.24527740478516,63.37642288208008,24.99508285522461,12.772665023803711,65.05107116699219,97.66268157958984,432.78472900390625,351.81884765625,254.55984497070312,665.2876586914062,93.46815490722656,70.8543701171875,94.06407928466797,22.75230598449707,4896.330078125
2020-08-24,5.827809810638428,106.43355560302734,66.1470718383789,25.648941040039062,13.038419723510742,66.71823120117188,100.21623992919922,441.6063537597656,359.12078857421875,258.9280090332031,671.5692749023438,96.16915893554688,71.74887084960938,95.70077514648438,23.641725540161133,5007.89013671875
2020-08-25,5.842763423919678,105.79216766357422,65.65164947509766,25.70195770263672,13.062176704406738,66.49163055419922,99.99224853515625,445.5368347167969,362.4067077636719,259.1138610839844,674.6148681640625,95.50592041015625,71.94583129882812,96.15540313720703,23.385093688964844,5008.27001953125
2020-08-26,5.89034366607666,107.26360321044922,64.44063568115234,26.083669662475586,13.072569847106934,66.60493469238281,102.23222351074219,455.2319030761719,367.8376159667969,261.5302734375,688.1298828125,95.98652648925781,71.7981185913086,97.56478881835938,23.45891761779785,5048.43017578125
2020-08-27,5.856358528137207,105.64125061035156,66.15624237060547,25.793853759765625,12.907770156860352,65.82799530029297,101.29142761230469,455.1445617675781,366.01202392578125,260.7867431640625,685.0842895507812,97.03424835205078,70.69844818115234,95.97356414794922,23.399154663085938,5015.97021484375
2020-08-28,6.046675205230713,105.33942413330078,65.54155731201172,26.723392486572266,12.977550506591797,65.95748138427734,101.64983367919922,450.9520568847656,361.7677917480469,257.6268310546875,685.0842895507812,98.28382873535156,69.77932739257812,95.47345733642578,23.413217544555664,5002.93994140625
2020-08-31,5.8373260498046875,104.92440795898438,63.15623474121094,25.84686851501465,12.67616081237793,63.59434509277344,100.44024658203125,449.4672546386719,358.52752685546875,257.3479919433594,684.7037353515625,93.25668334960938,69.64802551269531,94.33686828613281,23.27259063720703,4947.22021484375
2020-09-01,5.787027359008789,104.99986267089844,63.82596206665039,25.507564544677734,12.688036918640137,62.97929763793945,98.28987884521484,458.5509033203125,362.0872802734375,257.9056396484375,682.0386962890625,94.19868469238281,68.8602066040039,95.0188217163086,23.167131423950195,4938.10009765625
2020-09-02,5.734010696411133,107.26360321044922,66.12872314453125,25.362661361694336,12.826111793518066,64.824462890625,101.29142761230469,483.0069580078125,371.71673583984375,261.3443908691406,703.7391357421875,96.55364227294922,69.90242004394531,96.38272094726562,23.40618324279785,5031.740234375
2020-09-03,5.735369682312012,105.9808120727539,65.59661102294922,25.55351448059082,12.843927383422852,65.66615295410156,101.38102722167969,485.01593017578125,372.766357421875,258.9280090332031,704.5005493164062,93.89108276367188,69.2705307006836,95.0188217163086,23.349933624267578,5009.52001953125
2020-09-04,5.893061637878418,104.73575592041016,64.01861572265625,26.313404083251953,12.753363609313965,64.4360122680664,99.54425811767578,484.75384521484375,367.70068359375,254.55984497070312,702.5970458984375,93.46815490722656,68.58119201660156,93.74584197998047,23.177675247192383,4965.06982421875
2020-09-07,5.943360328674316,106.50902557373047,67.67918395996094,26.43710708618164,12.848382949829102,66.00603485107422,99.99224853515625,489.9944763183594,373.1315002441406,258.9280090332031,703.7391357421875,96.98619079589844,70.18965148925781,95.92808532714844,23.606571197509766,5053.72021484375
2020-09-08,5.788386821746826,105.113037109375,64.93605041503906,25.74790382385254,12.584110260009766,64.1608657836914,99.49945831298828,484.75384521484375,369.11541748046875,256.4186096191406,696.8862915039062,94.41014862060547,70.32916259765625,94.79150390625,22.745269775390625,4973.52001953125
2020-09-09,5.8849053382873535,107.33905792236328,63.66082000732422,26.00591468811035,12.944887161254883,64.88922882080078,100.03704833984375,482.6575927734375,368.7959899902344,262.6455078125,700.312744140625,93.66039276123047,72.31511688232422,97.42838287353516,23.019481658935547,5042.97998046875
2020-09-10,5.903937339782715,106.69766235351562,63.70669174194336,26.15789222717285,12.894407272338867,63.0764045715332,100.35063934326172,488.5968933105469,369.0697937011719,261.6231689453125,697.8380737304688,93.31436920166016,71.1416015625,96.7464370727539,23.01596450805664,5023.93017578125
2020-09-11,5.793824672698975,107.1504135131836,63.137874603271484,25.525243759155273,12.812750816345215,62.6717529296875,99.94744873046875,498.3793029785156,380.25091552734375,262.2737731933594,707.3558349609375,93.41047668457031,71.83915710449219,96.92828369140625,22.86128044128418,5034.14013671875
2020-09-14,5.874030590057373,106.47129821777344,65.43146514892578,25.85040283203125,12.82165813446045,62.94690704345703,99.00666046142578,503.9693298339844,383.5824279785156,261.5302734375,704.119873046875,93.6988525390625,71.44522857666016,97.33746337890625,22.516767501831055,5051.8798828125
2020-09-15,5.803340435028076,106.54674530029297,63.74338912963867,25.330846786499023,12.780086517333984,62.57463836669922,99.36505889892578,514.6251831054688,387.00531005859375,263.3890075683594,714.3989868164062,93.17979431152344,72.82392120361328,98.2012710571289,22.720657348632812,5067.93017578125
2020-09-16,5.742166996002197,106.39582061767578,64.94522857666016,25.24248504638672,12.708823204040527,62.60700988769531,99.99224853515625,524.0581665039062,388.9676818847656,261.15850830078125,722.0131225585938,93.6988525390625,72.42179870605469,97.47384643554688,22.63277244567871,5074.419921875
2020-09-17,5.682352066040039,105.79216766357422,65.24798583984375,25.04102897644043,12.508393287658691,62.3156623840332,100.26103973388672,521.0012817382812,383.354248046875,260.2291259765625,720.2999267578125,94.19868469238281,72.24126434326172,97.24652862548828,22.1722412109375,5039.5
2020-09-18,5.5029096603393555,105.45259857177734,62.9360466003418,24.454326629638672,12.364378929138184,61.42543411254883,100.39544677734375,513.3151245117188,377.7408752441406,257.0691833496094,708.1171264648438,91.50727844238281,72.57772827148438,95.97356414794922,21.873428344726562,4978.18017578125
2020-09-21,5.207917213439941,102.47201538085938,58.79840850830078,22.895666122436523,11.87740421295166,58.916622161865234,97.16989135742188,503.79473876953125,361.03759765625,251.95755004882812,692.6984252929688,85.27864837646484,70.47688293457031,91.88184356689453,20.903148651123047,4792.0400390625
2020-09-22,5.178009510040283,102.58518981933594,57.22042465209961,22.775497436523438,11.610163688659668,57.9130973815918,95.10911560058594,496.3705139160156,356.9302062988281,254.55984497070312,687.17822265625,85.52855682373047,69.55774688720703,92.47285461425781,21.050800323486328,4772.83984375
2020-09-23,5.13858699798584,103.30204772949219,56.68831253051758,22.234737396240234,11.709635734558105,58.269195556640625,95.82591247558594,504.5807189941406,365.19061279296875,257.9056396484375,696.505615234375,82.4719009399414,71.44522857666016,93.70037841796875,20.88205909729004,4802.259765625
2020-09-24,5.0447869300842285,102.28337860107422,54.725006103515625,22.026208877563477,11.717060089111328,57.508453369140625,95.5571060180664,497.5058898925781,366.7422790527344,254.7457275390625,692.8889770507812,79.6651611328125,71.51089477539062,94.06407928466797,20.407461166381836,4762.6201171875
2020-09-25,4.869422912597656,101.45332336425781,55.064453125,21.382953643798828,11.558198928833008,57.47606658935547,97.08029174804688,494.3615417480469,365.28192138671875,251.58583068847656,695.7442016601562,81.91439819335938,71.07593536376953,93.5185317993164,20.188034057617188,4729.66015625
2020-09-28,5.150821685791016,103.52842712402344,57.165382385253906,22.492748260498047,11.950153350830078,58.609092712402344,101.24662780761719,501.6984558105469,370.48455810546875,258.9280090332031,698.0285034179688,82.37578582763672,71.65860748291016,97.01921844482422,20.720430374145508,4843.27001953125
2020-09-29,5.031192779541016,103.75479888916016,57.42226028442383,21.909578323364258,11.693304061889648,58.62527847290039,103.39700317382812,503.6199035644531,374.1811828613281,261.6231689453125,702.40673828125,81.99129486083984,70.72307586669922,99.01961517333984,20.38228416442871,4832.06982421875
2020-09-30,5.07877254486084,102.24564361572266,56.945194244384766,21.89544105529785,11.71112060546875,57.88072204589844,104.06900024414062,495.7590637207031,364.5516662597656,257.99853515625,700.693359375,81.16465759277344,70.02552032470703,96.42819213867188,21.00821304321289,4803.43994140625
2020-10-01,4.987691879272461,101.90608215332031,59.54153823852539,21.66923713684082,11.659158706665039,56.844825744628906,103.26261901855469,508.86053466796875,373.9529724121094,262.73846435546875,712.6857299804688,80.91474914550781,70.00090026855469,96.70095825195312,20.49739646911621,4824.0400390625
2020-10-02,4.929236888885498,101.98153686523438,59.2846565246582,21.5526065826416,11.626494407653809,59.353633880615234,106.17457580566406,504.6680908203125,372.0818786621094,261.3443908691406,710.4014282226562,81.12621307373047,70.64100646972656,97.01921844482422,20.295948028564453,4824.8798828125
2020-10-05,5.01895809173584,100.73648071289062,60.36723327636719,22.234737396240234,11.8209867477417,60.13057327270508,105.54737854003906,509.4719543457031,376.5543212890625,260.2291259765625,716.3024291992188,81.51068878173828,71.00209045410156,97.79210662841797,20.759998321533203,4871.8701171875
2020-10-06,5.281325817108154,99.90644073486328,62.1745719909668,23.351598739624023,12.052597045898438,61.58730697631836,106.04017639160156,507.8123474121094,375.3220520019531,259.4856262207031,712.4954223632812,83.81759643554688,69.64802551269531,97.42838287353516,21.238441467285156,4895.4599609375
2020-10-07,5.210635662078857,100.2082748413086,61.19292068481445,23.401081085205078,11.883343696594238,61.49018096923828,107.1153564453125,509.2099304199219,374.911376953125,258.4632873535156,720.2999267578125,82.2796630859375,68.8602066040039,97.97395324707031,20.986629486083984,4882.0
2020-10-08,5.286762714385986,100.51010131835938,61.394752502441406,23.835811614990234,12.031811714172363,61.732967376708984,108.36973571777344,503.5325622558594,371.6711730957031,258.83502197265625,719.34814453125,83.75992584228516,69.98448944091797,97.70116424560547,21.220457077026367,4911.93994140625
2020-10-09,5.213354587554932,100.77420806884766,61.26631546020508,23.623746871948242,12.02290153503418,60.81037902832031,108.86251831054688,508.1617126464844,375.9610595703125,262.4596252441406,724.8682861328125,85.2209701538086,70.82975006103516,98.746826171875,21.547807693481445,4946.81005859375
2020-10-12,5.240542888641357,102.24564361572266,60.54153823852539,23.708572387695312,12.101590156555176,60.632328033447266,108.14573669433594,514.7999877929688,381.75701904296875,267.1065673828125,737.6221313476562,83.62535858154297,70.98567962646484,100.33805084228516,21.353551864624023,4979.2900390625
2020-10-13,5.0420684814453125,102.32109832763672,58.42226791381836,22.743688583374023,11.844741821289062,59.02992630004883,107.02576446533203,514.6251831054688,380.38787841796875,266.8277893066406,742.1906127929688,81.9720687866211,71.82273864746094,101.02001190185547,21.015403747558594,4947.60986328125
2020-10-14,5.091006755828857,101.79288482666016,57.018592834472656,23.008764266967773,11.807625770568848,59.74210739135742,107.07056427001953,506.5896301269531,376.2348327636719,269.80181884765625,737.6221313476562,82.77948760986328,71.46986389160156,101.38371276855469,20.986629486083984,4941.66015625
2020-10-15,4.926517963409424,99.75552368164062,56.68831253051758,22.383180618286133,11.274626731872559,58.13970947265625,103.7553939819336,494.9730224609375,367.8376159667969,264.59722900390625,734.7667846679688,84.16362762451172,69.48389434814453,98.65589904785156,20.299541473388672,4837.419921875
2020-10-16,4.991770267486572,101.7174301147461,59.02777099609375,22.764894485473633,11.246417999267578,58.5929069519043,104.29298400878906,514.7999877929688,394.85491943359375,270.82415771484375,751.8986206054688,87.22028350830078,70.59996795654297,98.79229736328125,20.472217559814453,4935.85986328125
2020-10-19,5.021677494049072,101.7174301147461,60.2938346862793,23.044109344482422,11.155852317810059,59.58025360107422,103.66581726074219,511.830322265625,394.5810546875,268.1289367675781,759.7031860351562,88.02770233154297,70.11579132080078,98.01941680908203,20.295948028564453,4942.6201171875
2020-10-20,5.054303169250488,99.11412811279297,61.413108825683594,23.40814971923828,11.195938110351562,60.09819412231445,104.7857894897461,514.4505004882812,392.6643371582031,270.08062744140625,766.9365234375,89.56563568115234,69.44287109375,98.01941680908203,20.310335159301758,4929.27978515625
2020-10-21,4.978175640106201,98.62364959716797,58.77089309692383,23.068849563598633,11.090527534484863,58.18825149536133,101.96342468261719,504.75543212890625,390.4736633300781,266.5489501953125,761.797119140625,87.47019958496094,68.40885925292969,96.42819213867188,19.98298454284668,4853.9501953125
2020-10-22,5.014880180358887,98.28409576416016,59.12868881225586,23.033506393432617,10.894549369812012,58.123512268066406,102.27701568603516,501.43634033203125,389.92608642578125,265.15484619140625,774.3604125976562,87.87390899658203,67.9000473022461,98.47406005859375,19.8714656829834,4851.3798828125
2020-10-23,5.10867977142334,100.623291015625,62.413108825683594,23.6802978515625,11.114282608032227,58.94898986816406,103.66581726074219,485.62725830078125,390.6562805175781,268.2218933105469,785.2107543945312,92.8337631225586,68.06417846679688,100.20166015625,20.202417373657227,4909.64013671875
2020-10-26,4.998567581176758,99.11412811279297,60.41309356689453,23.291515350341797,10.872278213500977,57.18474578857422,101.38102722167969,479.8626403808594,384.9516296386719,265.15484619140625,786.3527221679688,89.95012664794922,67.96571350097656,97.24652862548828,19.464975357055664,4816.1201171875
2020-10-27,4.775622844696045,97.90680694580078,58.715843200683594,22.178186416625977,10.539711952209473,56.00316619873047,99.81304931640625,476.5436706542969,382.30462646484375,266.8277893066406,785.5913696289062,87.64321899414062,66.47212982177734,97.06468200683594,18.839040756225586,4730.66015625
2020-10-28,4.567633152008057,94.36027526855469,56.66996383666992,21.029516220092773,10.22347640991211,54.25508499145508,95.33311462402344,455.58123779296875,367.06170654296875,259.1138610839844,759.7031860351562,85.25941467285156,64.86367797851562,93.74584197998047,18.18073844909668,4571.1201171875
2020-10-29,4.52685022354126,94.85075378417969,56.42225646972656,20.714956283569336,10.131424903869629,53.785709381103516,94.84031677246094,454.3584899902344,368.5677490234375,259.3927001953125,770.5533447265625,84.16362762451172,64.1989517211914,93.10935974121094,18.08001708984375,4569.669921875
2020-10-30,4.609775066375732,94.69983673095703,57.42226028442383,21.10373878479004,10.244261741638184,54.88633728027344,95.15392303466797,452.8736877441406,367.1986389160156,258.09149169921875,760.4645385742188,87.0088119506836,63.493202209472656,94.74604034423828,18.576438903808594,4594.240234375
2020-11-02,4.745716094970703,97.41632080078125,57.880977630615234,22.001468658447266,10.657000541687012,56.9581298828125,95.19871520996094,460.29779052734375,370.25634765625,263.8537292480469,762.7488403320312,87.98925018310547,65.14269256591797,98.01941680908203,19.490156173706055,4691.14013671875
2020-11-03,4.9523468017578125,99.60462188720703,60.80759811401367,23.348066329956055,11.0712251663208,58.544342041015625,95.10911560058594,474.53460693359375,373.2684326171875,269.7088928222656,770.93408203125,93.17979431152344,67.01376342773438,100.92908477783203,19.96859359741211,4805.60986328125
2020-11-04,5.01352071762085,101.7174301147461,62.917694091796875,23.411684036254883,11.501782417297363,59.62881088256836,97.43869018554688,483.181640625,384.99725341796875,278.72393798828125,793.2055053710938,94.333251953125,71.24007415771484,101.83834838867188,20.072919845581055,4922.85009765625
2020-11-05,5.12907075881958,103.45297241210938,64.5690689086914,23.948909759521484,11.687366485595703,60.1143798828125,99.81304931640625,493.57550048828125,398.6428527832031,277.7016296386719,804.6268310546875,95.98652648925781,70.3045425415039,103.29318237304688,19.788728713989258,4983.990234375
2020-11-06,5.052943229675293,104.05663299560547,64.22045135498047,23.489439010620117,11.678458213806152,59.5155029296875,100.61943817138672,495.6717834472656,397.50189208984375,276.02874755859375,794.1572875976562,95.2944564819336,68.37602996826172,102.97494506835938,19.878658294677734,4960.8798828125
2020-11-09,5.743525981903076,107.26360321044922,76.1471176147461,27.713014602661133,12.888468742370605,70.73231506347656,107.96654510498047,525.5430908203125,427.9421081542969,289.0401611328125,798.1546630859375,108.6168441772461,69.697265625,108.02139282226562,22.875205993652344,5336.31982421875
2020-11-10,6.014049530029297,106.50902557373047,80.660888671875,29.830106735229492,13.412558555603027,71.26644897460938,107.51853942871094,533.6659545898438,432.6427307128906,293.1294860839844,792.8247680664062,114.14380645751953,69.50031280517578,108.24871063232422,23.781734466552734,5418.97021484375
2020-11-11,5.951516628265381,106.92403411865234,79.81684875488281,29.045475006103516,13.517970085144043,69.11373138427734,107.02576446533203,544.49658203125,444.87347412109375,296.4753112792969,810.5277709960938,112.36556243896484,71.6175765991211,107.93045806884766,23.378829956054688,5445.2099609375
2020-11-12,5.8074188232421875,105.6789779663086,77.62418365478516,27.953353881835938,13.344264030456543,67.65699768066406,105.45777893066406,531.6570434570312,431.593017578125,294.8953552246094,792.8247680664062,109.38581848144531,70.83795928955078,106.9302749633789,23.170188903808594,5362.56982421875
2020-11-13,5.86587381362915,104.88666534423828,78.49574279785156,28.21489906311035,13.621899604797363,69.3888931274414,105.32337188720703,531.9191284179688,428.7635498046875,292.0142517089844,794.7283325195312,109.09744262695312,70.41122436523438,106.79386901855469,23.48674964904785,5380.16015625
2020-11-16,5.977345943450928,104.01890563964844,82.56916046142578,28.6991024017334,13.914379119873047,70.29530334472656,105.63697814941406,540.74072265625,435.65472412109375,295.08123779296875,802.152099609375,115.58562469482422,70.18965148925781,106.83934783935547,24.630693435668945,5471.47998046875
2020-11-17,5.996377468109131,104.35846710205078,82.65171813964844,28.92884063720703,14.143020629882812,70.5866470336914,106.26416015625,541.6140747070312,433.555419921875,294.2447814941406,802.3425903320312,118.9979248046875,69.60699462890625,107.20304870605469,24.918474197387695,5483.0
2020-11-18,6.065707206726074,104.77348327636719,82.56916046142578,29.07375144958496,14.134112358093262,70.60283660888672,104.29298400878906,544.5838012695312,443.7325744628906,292.385986328125,806.3399047851562,117.60416412353516,70.64920806884766,106.70294189453125,25.015602111816406,5511.4501953125
2020-11-19,6.030362606048584,104.77348327636719,81.95447540283203,28.844017028808594,14.053937911987305,70.24674224853516,102.27701568603516,534.5394287109375,446.0144348144531,288.8542785644531,807.4820556640625,115.58562469482422,70.27991485595703,107.97593688964844,24.540756225585938,5474.66015625
2020-11-20,6.082020282745361,105.26395416259766,81.32144927978516,28.946517944335938,13.955949783325195,69.56694030761719,103.3521957397461,536.0242919921875,449.5741271972656,290.0625305175781,815.8577270507812,116.78713989257812,70.45225524902344,109.61262512207031,24.82134437561035,5495.89013671875
2020-11-23,6.329433917999268,103.11341094970703,82.69759368896484,29.328227996826172,14.079178810119629,70.05250549316406,104.38258361816406,532.7926025390625,449.5285339355469,284.67205810546875,795.4898681640625,117.50804138183594,69.00791931152344,108.88520050048828,25.986867904663086,5492.14990234375
2020-11-24,6.676084995269775,102.6229248046875,85.78018188476562,30.915157318115234,14.616631507873535,72.02719116210938,105.72657012939453,527.9013671875,451.6734924316406,275.00640869140625,787.494873046875,118.1328353881836,69.10639953613281,107.52128601074219,27.45816421508789,5558.419921875
2020-11-25,6.711429119110107,102.54747009277344,83.9453125,30.92929458618164,14.750252723693848,71.41212463378906,106.17457580566406,527.5518798828125,451.08026123046875,282.9062194824219,787.494873046875,119.1901626586914,69.11460876464844,107.7031478881836,27.177576065063477,5571.2900390625
2020-11-26,6.680163383483887,103.83026123046875,82.38567352294922,30.65361213684082,14.689379692077637,71.21790313720703,108.05613708496094,526.41650390625,452.4949951171875,284.20733642578125,786.1624145507812,117.26773834228516,70.058349609375,106.70294189453125,26.882598876953125,5566.7900390625
2020-11-27,6.704632759094238,104.20755767822266,82.56916046142578,30.978776931762695,14.647810935974121,71.20171356201172,108.36973571777344,529.4735107421875,452.72314453125,287.4602355957031,783.6878051757812,118.22895812988281,69.92704772949219,106.79386901855469,27.12362289428711,5598.18017578125
2020-11-30,6.5754876136779785,103.86798095703125,80.48657989501953,30.370866775512695,14.632962226867676,69.1946792602539,108.7281265258789,528.42529296875,440.7661437988281,285.13677978515625,777.9771728515625,117.55610656738281,69.5167236328125,106.06645965576172,25.77463722229004,5518.5498046875
2020-12-01,6.936412334442139,103.03794860839844,82.0186996459961,31.247390747070312,14.710165023803711,71.31502532958984,112.67046356201172,530.9584350585938,455.2933654785156,284.67205810546875,782.7360229492188,118.03671264648438,69.01612854003906,106.2028579711914,26.13796043395996,5581.64013671875
2020-12-02,7.051962852478027,102.13245391845703,83.78016662597656,31.774009704589844,14.822999954223633,71.54161834716797,112.93927001953125,528.5126342773438,456.3015441894531,284.7649841308594,787.3045654296875,118.94985961914062,68.96688079833984,104.52069854736328,26.411352157592773,5583.009765625
2020-12-03,7.221889495849609,101.45332336425781,87.15634155273438,31.720996856689453,14.739859580993652,71.23407745361328,113.11847686767578,528.42529296875,456.4390563964844,283.4638366699219,799.2967529296875,119.1901626586914,68.13804626464844,103.0204086303711,26.235082626342773,5574.35986328125
2020-12-04,7.510765552520752,101.56651306152344,88.29395294189453,32.33243942260742,14.84675407409668,71.60636901855469,113.61125946044922,525.7177124023438,451.1689453125,284.67205810546875,786.543212890625,119.57465362548828,68.60580444335938,103.6114273071289,27.116418838500977,5609.14990234375
2020-12-07,7.2932586669921875,102.77384948730469,87.34899139404297,31.459455490112305,14.667109489440918,70.29530334472656,114.28325653076172,514.7999877929688,452.4979553222656,282.53448486328125,791.6827392578125,117.50804138183594,67.96571350097656,104.02059936523438,26.7351131439209,5573.3798828125
2020-12-08,7.099542140960693,101.94380187988281,86.90862274169922,31.303939819335938,14.589905738830566,69.53457641601562,114.10405731201172,510.8693542480469,453.1852722167969,283.2779541015625,789.7791137695312,117.26773834228516,67.60462188720703,104.65708923339844,26.584016799926758,5560.669921875
2020-12-09,7.109737396240234,101.75515747070312,85.86275482177734,31.487722396850586,14.775489807128906,69.1946792602539,115.67204284667969,501.61102294921875,456.4390563964844,280.67572021484375,790.1597900390625,115.34532165527344,66.89886474609375,104.11153411865234,26.544448852539062,5546.81982421875
2020-12-10,7.045166015625,102.6229248046875,85.98201751708984,30.720767974853516,14.850464820861816,69.40509796142578,115.13445281982422,500.7376403808594,459.18865966796875,280.39691162109375,788.0659790039062,113.85543823242188,67.12044525146484,104.29338073730469,27.098434448242188,5549.64990234375
2020-12-11,7.000985145568848,102.24564361572266,84.57833862304688,30.476898193359375,14.592876434326172,68.45010375976562,114.86565399169922,500.9123229980469,458.6387634277344,281.140380859375,794.7283325195312,115.53755950927734,64.43693542480469,104.2479248046875,26.634384155273438,5507.5498046875
2020-12-14,7.126729965209961,102.77384948730469,84.44989776611328,31.20851707458496,14.607723236083984,68.75764465332031,116.07523345947266,492.7020568847656,466.7043762207031,281.3262939453125,803.8652954101562,114.67247772216797,63.88710403442383,105.61183166503906,26.33220863342285,5527.83984375
2020-12-15,7.255875587463379,100.88739776611328,83.82605743408203,31.975475311279297,14.794791221618652,69.16228485107422,115.76164245605469,497.59326171875,464.87127685546875,281.140380859375,812.4312744140625,113.75932312011719,62.557674407958984,105.56636047363281,26.30343246459961,5530.31005859375
2020-12-16,7.1233320236206055,101.75515747070312,83.22052764892578,31.226181030273438,15.02120590209961,68.67671203613281,116.47843170166016,485.8892822265625,462.8548889160156,287.55316162109375,820.4260864257812,113.13452911376953,63.714778900146484,105.20265197753906,26.24947166442871,5547.68017578125
2020-12-17,7.130129337310791,101.79288482666016,82.91777801513672,31.13429069519043,14.954395294189453,68.98424530029297,115.62724304199219,499.689453125,460.9301452636719,283.18505859375,820.4260864257812,112.22138977050781,64.01020812988281,105.88460540771484,26.17752456665039,5549.4599609375
2020-12-18,7.000985145568848,101.41559600830078,81.65171813964844,30.79499053955078,14.760644912719727,67.93217468261719,116.29923248291016,487.3740539550781,457.85968017578125,283.83563232421875,818.3322143554688,110.58731842041016,64.83904266357422,106.70294189453125,25.893346786499023,5527.83984375
2020-12-21,6.76444673538208,99.7177963256836,79.39484405517578,29.48727035522461,14.212800025939941,64.74353790283203,113.25287628173828,476.6309509277344,449.28997802734375,274.72760009765625,811.860107421875,109.38581848144531,63.35368728637695,105.20265197753906,24.92926597595215,5393.33984375
2020-12-22,6.899028778076172,100.43464660644531,80.67923736572266,30.03156280517578,14.315242767333984,65.73087310791016,115.04485321044922,486.4133605957031,451.2147521972656,280.48980712890625,814.7155151367188,110.82763671875,64.79801177978516,106.2483139038086,25.10194206237793,5466.85986328125
2020-12-23,7.109737396240234,101.4910659790039,84.358154296875,30.9858455657959,14.548335075378418,67.10667419433594,115.83626556396484,483.9677734375,454.6976623535156,282.2556457519531,810.5277709960938,114.48021697998047,64.26460266113281,106.06645965576172,25.80341148376465,5527.58984375
2020-12-24,7.1505208015441895,101.4910659790039,84.44073486328125,30.957571029663086,14.588422775268555,66.65347290039062,116.3336181640625,482.7450256347656,455.0184326171875,280.9544982910156,810.3374633789062,114.04768371582031,64.28922271728516,106.33924865722656,25.82139778137207,5522.009765625
2020-12-28,7.102941513061523,102.92476654052734,84.38568115234375,30.840940475463867,14.644842147827148,67.85122680664062,116.01712799072266,499.07818603515625,461.9382629394531,287.27435302734375,827.2789916992188,115.29725646972656,64.55183410644531,109.6580810546875,25.796215057373047,5588.3798828125
2020-12-29,7.106338977813721,102.50975036621094,85.38567352294922,30.851539611816406,14.650778770446777,67.26854705810547,116.78575134277344,504.40606689453125,470.00390625,290.1554870605469,840.0325317382812,115.82592010498047,65.01139068603516,109.70354461669922,25.735065460205078,5611.7900390625
2020-12-30,7.045166015625,102.0947265625,83.71595764160156,30.6112003326416,14.606239318847656,67.18760681152344,116.51447296142578,513.5770263671875,470.27886962890625,291.0848693847656,841.3651733398438,114.38410186767578,64.71595764160156,109.88539123535156,25.605558395385742,5599.41015625
2020-12-31,7.014578819274902,101.30241394042969,82.36732482910156,30.469829559326172,14.48449420928955,65.84417724609375,115.33892822265625,519.1670532226562,468.2624206542969,288.8542785644531,837.1773071289062,111.45242309570312,64.58465576171875,107.56676483154297,25.39690589904785,5551.41015625
2021-01-04,6.946608066558838,102.96248626708984,82.4682388305664,30.402673721313477,14.42956256866455,66.94483184814453,116.42403411865234,507.2010192871094,469.3623046875,289.6907958984375,841.745849609375,111.6446533203125,64.83085632324219,110.7037353515625,25.356592178344727,5588.9599609375
2021-01-05,6.97039794921875,101.86834716796875,82.41319274902344,30.339054107666016,14.423623085021973,65.81181335449219,115.20328521728516,499.1654357910156,463.9547424316406,286.7166748046875,828.0402221679688,111.88497161865234,64.82264709472656,109.6580810546875,26.023771286010742,5564.60009765625
2021-01-06,7.252476215362549,102.0947265625,82.7251205444336,32.014347076416016,15.039763450622559,68.33680725097656,116.19798278808594,502.3971252441406,460.3802185058594,286.9955139160156,826.1366577148438,111.78884887695312,64.42872619628906,112.70413970947266,27.16751480102539,5630.60009765625
2021-01-07,7.3068528175354,102.88703155517578,82.22053527832031,32.7353630065918,15.132556915283203,68.45010375976562,116.3336181640625,504.3187255859375,472.2952575683594,285.8802795410156,833.179931640625,111.30823516845703,63.78042984008789,115.02278137207031,27.464447021484375,5669.85009765625
2021-01-08,7.252476215362549,103.49069213867188,82.66090393066406,32.01081466674805,15.11771011352539,69.32415771484375,118.36821746826172,512.0922241210938,481.460693359375,284.67205810546875,844.6011962890625,111.83689880371094,64.65851593017578,116.25029754638672,27.482776641845703,5706.8798828125
2021-01-11,7.153919219970703,102.77384948730469,82.36732482910156,31.79521942138672,15.032340049743652,66.7506103515625,116.96659851074219,509.2972412109375,478.80279541015625,283.5567932128906,845.3626098632812,111.9810791015625,65.02780151367188,115.29557037353516,27.06487274169922,5662.43017578125
2021-01-12,7.245680332183838,101.11376190185547,82.53246307373047,32.0496940612793,14.987800598144531,67.23617553710938,116.19798278808594,502.6592102050781,472.7535705566406,279.2815856933594,841.93603515625,111.78884887695312,64.98677062988281,114.38629913330078,27.163850784301758,5650.97021484375
2021-01-13,7.208294868469238,102.0947265625,81.75264739990234,31.827028274536133,14.895007133483887,67.99690246582031,116.3336181640625,498.5540466308594,469.3623046875,280.21099853515625,844.6011962890625,110.05865478515625,64.85546875,114.75,27.44611930847168,5662.669921875
2021-01-14,7.082549571990967,101.37786865234375,85.55081939697266,31.901247024536133,14.88016128540039,70.0201416015625,114.38945007324219,497.5058898925781,465.6045227050781,276.9580993652344,853.7381591796875,112.41362762451172,66.44751739501953,113.20423126220703,27.713716506958008,5681.14013671875
2021-01-15,6.916022300720215,99.90644073486328,84.90863037109375,31.409971237182617,14.78439998626709,68.56342315673828,112.17400360107422,490.69317626953125,452.72705078125,277.3298645019531,838.5098266601562,110.29896545410156,66.90706634521484,113.06785583496094,27.19683837890625,5611.68994140625
2021-01-18,6.987390041351318,100.28372192382812,83.66090393066406,31.671512603759766,14.6492919921875,68.51485443115234,113.07826232910156,493.9247741699219,457.95135498046875,275.935791015625,844.7913208007812,109.28968811035156,66.9891357421875,111.61302185058594,27.112524032592773,5617.27001953125
2021-01-19,6.831058025360107,99.86870574951172,83.76182556152344,31.180234909057617,14.586936950683594,68.66053009033203,111.31494903564453,480.67755126953125,450.0691223144531,276.1216735839844,820.8069458007812,108.85714721679688,68.30216217041016,111.5220947265625,27.237167358398438,5598.60986328125
2021-01-20,6.936412334442139,98.85003662109375,84.78018188476562,31.399368286132812,14.635931968688965,67.64080810546875,112.58091735839844,488.3978576660156,465.3296203613281,272.8688049316406,826.3270263671875,110.44315338134766,67.58000183105469,112.0221939086914,27.380136489868164,5628.43994140625
2021-01-21,6.837854862213135,98.96321105957031,81.98200225830078,31.342815399169922,14.488950729370117,65.97366333007812,110.8628158569336,482.6953430175781,465.2379150390625,273.7982177734375,833.3702392578125,107.6075668334961,66.8167953491211,113.7952651977539,26.74226951599121,5590.7900390625
2021-01-22,6.744055271148682,99.64234161376953,81.49575805664062,30.455692291259766,14.26179313659668,65.11582946777344,110.77239990234375,477.25604248046875,468.81243896484375,275.378173828125,833.3702392578125,106.26187133789062,66.84963989257812,113.97711944580078,26.55532455444336,5559.56982421875
2021-01-25,6.457219123840332,99.15185546875,77.86271667480469,29.14443588256836,13.933680534362793,63.7076530456543,109.00907135009766,467.6056213378906,460.0135803222656,277.8875427246094,827.65966796875,102.03254699707031,66.88245391845703,113.3860855102539,25.917461395263672,5472.35986328125
2021-01-26,6.5754876136779785,101.83061981201172,78.24803924560547,29.681665420532227,13.997522354125977,63.10877227783203,109.14472198486328,478.7474060058594,465.6045227050781,280.48980712890625,828.0402221679688,103.81078338623047,66.52957153320312,114.20443725585938,26.379356384277344,5523.52001953125
2021-01-27,6.408280372619629,103.0002212524414,77.39482879638672,28.646089553833008,13.862417221069336,62.18617248535156,107.01969909667969,475.15045166015625,464.13800048828125,276.5863952636719,813.0023193359375,101.84030151367188,64.88829040527344,111.9312515258789,26.265718460083008,5459.6201171875
2021-01-28,6.504798412322998,102.92476654052734,78.11959838867188,29.126766204833984,13.952981948852539,63.67526626586914,106.6127700805664,487.6960144042969,473.8534240722656,276.4004821777344,820.0452880859375,102.17672729492188,64.90470123291016,112.56775665283203,26.25838279724121,5510.52001953125
2021-01-29,6.375654697418213,101.86834716796875,76.3305892944336,28.119470596313477,13.5847806930542,61.97576904296875,105.7989501953125,475.15045166015625,456.7140197753906,269.615966796875,801.9617919921875,100.06205749511719,63.312652587890625,109.97632598876953,25.583871841430664,5399.2099609375
2021-02-01,6.468094348907471,102.69839477539062,76.24803161621094,28.402217864990234,13.699103355407715,63.060211181640625,108.9638671875,476.37872314453125,465.3296203613281,275.5640869140625,813.0023193359375,98.95667266845703,64.18253326416016,112.20404052734375,25.334596633911133,5461.68017578125
2021-02-02,6.658411979675293,102.50975036621094,81.27556610107422,29.409513473510742,13.967826843261719,64.87303161621094,111.26972961425781,481.81805419921875,481.09405517578125,277.3298645019531,842.1265258789062,103.66661071777344,64.50259399414062,114.47722625732422,25.565540313720703,5563.10986328125
2021-02-03,6.710070610046387,103.0002212524414,82.39484405517578,29.618043899536133,14.095511436462402,64.77591705322266,109.86812591552734,476.55419921875,480.72747802734375,275.00640869140625,847.6468505859375,104.62781524658203,63.78863525390625,114.11351013183594,25.763492584228516,5563.0498046875
2021-02-04,6.765806674957275,102.88703155517578,85.4132080078125,30.03156280517578,14.21873664855957,65.79562377929688,113.75646209716797,475.5890808105469,481.2773742675781,277.05108642578125,847.0756225585938,108.52072143554688,64.69133758544922,113.84073638916016,25.613197326660156,5608.5400390625
2021-02-05,6.888833522796631,102.81157684326172,85.706787109375,30.816200256347656,14.25585651397705,69.59930419921875,116.42403411865234,481.6426086425781,484.5769958496094,284.021484375,857.1643676757812,107.84786987304688,65.6596908569336,113.295166015625,25.712177276611328,5659.259765625
2021-02-08,6.946608066558838,103.2265853881836,86.11962890625,31.18730354309082,14.29000186920166,70.29530334472656,118.4586410522461,479.8878479003906,483.8437805175781,286.4378967285156,856.78369140625,107.89594268798828,66.28337860107422,113.43156433105469,25.792827606201172,5686.02978515625
2021-02-09,6.888833522796631,103.75479888916016,84.83523559570312,31.045928955078125,14.322665214538574,69.51837921142578,120.44802856445312,487.3451232910156,492.184326171875,290.71307373046875,871.441162109375,107.31920623779297,66.12745666503906,111.97672271728516,25.341928482055664,5691.5400390625
2021-02-10,6.946608066558838,101.67970275878906,84.11962127685547,31.90477752685547,14.327119827270508,69.24322509765625,119.40811920166016,483.3971862792969,485.3102111816406,289.3189697265625,862.6847534179688,106.55023956298828,65.20834350585938,111.88580322265625,25.473899841308594,5670.7998046875
2021-02-11,7.289859771728516,101.83061981201172,83.68843078613281,32.300636291503906,14.306333541870117,70.1334457397461,119.54373931884766,480.67755126953125,487.14324951171875,287.1814270019531,874.6771240234375,105.20453643798828,63.854278564453125,113.65888214111328,25.39690589904785,5669.81982421875
2021-02-12,7.391816139221191,101.79288482666016,84.5966796875,32.855525970458984,14.190528869628906,69.32415771484375,123.79380798339844,480.67755126953125,485.12689208984375,295.82470703125,879.816650390625,104.67587280273438,64.1415023803711,117.29595947265625,25.642528533935547,5703.669921875
2021-02-15,7.541352272033691,101.30241394042969,85.93614196777344,33.61188507080078,14.527549743652344,69.66405487060547,123.61295318603516,496.5567626953125,491.1761169433594,292.75775146484375,885.52734375,106.59829711914062,64.45335388183594,117.06864166259766,26.789936065673828,5786.25
2021-02-16,7.582134246826172,100.47237396240234,86.05541229248047,33.654300689697266,14.50082778930664,69.69641876220703,126.59701538085938,495.942626953125,494.75067138671875,291.45660400390625,891.8089599609375,105.1084213256836,64.04302978515625,117.79606628417969,26.683626174926758,5786.52978515625
2021-02-17,7.602525234222412,100.77420806884766,86.14715576171875,33.68257522583008,14.627023696899414,68.98424530029297,123.8390121459961,460.4994201660156,490.35113525390625,294.61651611328125,885.52734375,106.69441223144531,64.65029907226562,115.52288818359375,27.10152816772461,5765.83984375
2021-02-18,7.500569820404053,100.35919189453125,83.75265502929688,33.27611541748047,14.431047439575195,68.80621337890625,124.29115295410156,467.4301452636719,489.43463134765625,294.4306640625,889.524658203125,103.57048797607422,64.20716094970703,114.29536437988281,26.81559181213379,5728.330078125
2021-02-19,7.697683334350586,99.7177963256836,84.1930160522461,34.15971755981445,14.739859580993652,68.80621337890625,123.38687896728516,463.2191162109375,496.5837097167969,293.7800598144531,917.1259765625,107.70368957519531,63.19777297973633,116.93225860595703,27.090530395507812,5773.5498046875
2021-02-22,7.786046504974365,98.92549133300781,87.89027404785156,34.848915100097656,14.794791221618652,69.22703552246094,123.8390121459961,458.2184143066406,497.5919494628906,288.947265625,905.1336669921875,110.3470230102539,62.6151008605957,114.38629913330078,27.471778869628906,5767.43994140625
2021-02-23,7.721474647521973,98.35955047607422,90.78021240234375,34.95494079589844,14.909854888916016,70.9103775024414,123.38687896728516,458.74481201171875,494.3839416503906,289.6907958984375,897.7098388671875,114.04768371582031,62.87771224975586,112.47682189941406,28.0876407623291,5779.83984375
2021-02-24,7.925386428833008,97.56724548339844,94.23892974853516,35.46389389038086,15.073168754577637,71.13697052001953,123.8390121459961,461.7276306152344,488.33477783203125,285.5085144042969,892.5702514648438,116.30653381347656,62.88592529296875,112.3858871459961,28.5751953125,5797.97998046875
2021-02-25,8.020545959472656,95.6807861328125,90.76184844970703,35.56285858154297,15.700444221496582,71.15316009521484,121.98527526855469,462.6049499511719,486.6850280761719,285.22967529296875,890.2861938476562,111.83689880371094,62.08169174194336,113.56794738769531,28.92711067199707,5783.89013671875
2021-02-26,7.894799709320068,94.0961685180664,87.99120330810547,34.83124542236328,15.440627098083496,69.63168334960938,122.07568359375,460.4994201660156,481.1857604980469,281.419189453125,878.6743774414062,108.85714721679688,62.204776763916016,111.70393371582031,28.13529396057129,5703.22021484375
2021-03-01,8.006951332092285,96.13353729248047,92.36736297607422,34.73228073120117,15.815505981445312,71.37975311279297,123.477294921875,480.0633850097656,492.2760009765625,284.11444091796875,884.00439453125,112.70198822021484,62.713592529296875,113.20423126220703,28.47255516052246,5792.7900390625
2021-03-02,8.139494895935059,95.7562484741211,90.91780853271484,35.66181945800781,16.02707290649414,71.1855239868164,123.2512435913086,489.4505920410156,494.2923278808594,287.08843994140625,882.3837280273438,112.60586547851562,62.647926330566406,114.61360931396484,28.531208038330078,5809.72998046875
2021-03-03,8.340008735656738,95.22804260253906,92.16552734375,36.55955123901367,16.401952743530273,71.07222747802734,121.48792266845703,486.02911376953125,498.416748046875,285.8802795410156,884.6717529296875,113.99961853027344,61.83549499511719,114.06804656982422,28.8208065032959,5830.06005859375
2021-03-04,8.231254577636719,96.17127227783203,92.01874542236328,36.510074615478516,16.331430435180664,71.91388702392578,121.17144012451172,479.53692626953125,489.34295654296875,288.8542785644531,867.1307983398438,117.02743530273438,62.98439407348633,112.24950408935547,29.737260818481445,5830.64990234375
2021-03-05,8.30262279510498,96.17127227783203,87.54165649414062,36.467655181884766,16.331430435180664,70.0201416015625,120.62887573242188,472.86944580078125,479.5360107421875,286.9955139160156,848.4459228515625,114.48021697998047,63.501407623291016,111.43115997314453,30.041532516479492,5782.64990234375
2021-03-08,8.540521621704102,98.7368392944336,92.22057342529297,37.64106369018555,16.750850677490234,71.6225357055664,124.01986694335938,485.5904235839844,490.2594909667969,286.9955139160156,857.5977783203125,120.68004608154297,64.3138427734375,113.6134033203125,30.001205444335938,5902.990234375
2021-03-09,8.411377906799316,98.51046752929688,91.98204803466797,37.174530029296875,16.88447380065918,72.38328552246094,124.01986694335938,493.5739440917969,495.5755615234375,289.1331481933594,866.7495727539062,118.42119598388672,65.20013427734375,113.88619232177734,29.81424903869629,5924.97021484375
2021-03-10,8.452159881591797,101.37786865234375,90.81690216064453,37.294700622558594,16.891895294189453,72.35091400146484,124.60763549804688,506.55816650390625,506.8489990234375,296.0106201171875,882.0025634765625,116.35459899902344,66.38186645507812,115.02278137207031,30.287139892578125,5990.5498046875
2021-03-11,8.289029121398926,100.81192779541016,90.9453353881836,36.99074935913086,16.854780197143555,72.33472442626953,127.7725601196289,515.15576171875,517.3892822265625,298.427001953125,909.6484375,115.97010803222656,65.79920959472656,116.75039672851562,30.602407455444336,6033.759765625
2021-03-12,8.373993873596191,100.35919189453125,91.7435073852539,37.520904541015625,17.025516510009766,73.75908660888672,126.3709487915039,523.2269897460938,516.3809814453125,299.82110595703125,909.6484375,115.77787017822266,65.58584594726562,115.02278137207031,30.932323455810547,6046.5498046875
2021-03-15,8.265240669250488,100.69874572753906,91.7435073852539,36.637306213378906,16.891895294189453,73.80765533447266,126.05445098876953,529.1926879882812,511.614990234375,298.79876708984375,918.0375366210938,117.21968078613281,66.9891357421875,114.15898132324219,30.272478103637695,6035.97021484375
2021-03-16,8.234652519226074,102.24564361572266,93.37653350830078,36.18490982055664,16.784259796142578,74.08279418945312,123.79380798339844,528.7540283203125,513.539794921875,300.5646057128906,929.4772338867188,120.24749755859375,67.891845703125,115.52288818359375,29.887569427490234,6055.43017578125
2021-03-17,8.2720365524292,102.24564361572266,92.66094207763672,36.531272888183594,16.661771774291992,74.06661224365234,121.66876983642578,530.15771484375,520.780517578125,302.9810485839844,935.9598388671875,118.80567169189453,67.14505767822266,114.88639831542969,29.77392578125,6054.81982421875
2021-03-18,8.452159881591797,103.15113830566406,92.752685546875,37.3865966796875,16.89560890197754,73.67814636230469,120.85492706298828,532.0001220703125,519.0391235351562,299.26348876953125,931.7652587890625,118.75762176513672,67.51435089111328,116.06843566894531,29.64562225341797,6062.7900390625
2021-03-19,8.234652519226074,102.43428039550781,89.3031234741211,36.15663528442383,16.95499610900879,71.78440856933594,118.95598602294922,520.7704467773438,510.8818359375,297.7764587402344,902.9752807617188,114.6244125366211,68.68787384033203,114.61360931396484,29.495317459106445,5997.9599609375
2021-03-22,8.187073707580566,103.49069213867188,89.055419921875,35.845603942871094,16.68404197692871,70.44097137451172,117.23788452148438,505.856201171875,510.1485595703125,298.1481628417969,894.204833984375,112.46168518066406,67.91647338867188,115.65926361083984,29.128734588623047,5968.47998046875
2021-03-23,8.102110862731934,104.54711151123047,87.34899139404297,35.598201751708984,16.654348373413086,69.69641876220703,119.1368408203125,505.1543884277344,507.94891357421875,298.98468017578125,896.4927978515625,111.01985931396484,67.67847442626953,114.8409194946289,28.916114807128906,5945.2998046875
2021-03-24,8.200667381286621,102.69839477539062,88.0462417602539,36.13542556762695,16.713733673095703,71.15316009521484,120.80973052978516,501.118896484375,507.2155456542969,295.7318420410156,894.5861206054688,112.1252670288086,67.2107162475586,113.6134033203125,29.374343872070312,5947.2900390625
2021-03-25,8.187073707580566,103.41524505615234,88.52330780029297,35.93043518066406,16.702600479125977,70.82943725585938,122.70867156982422,496.38134765625,509.2319641113281,299.9140319824219,897.2554321289062,112.02913665771484,68.22010803222656,113.52247619628906,28.88235092163086,5952.41015625
2021-03-26,8.316218376159668,103.15113830566406,89.61505889892578,36.52420425415039,16.724870681762695,70.60283660888672,122.8895263671875,495.59185791015625,508.5904235839844,300.75048828125,899.1620483398438,110.82763671875,68.58119201660156,113.74980163574219,29.191713333129883,5988.81005859375
2021-03-29,8.258442878723145,104.69802856445312,89.35818481445312,35.81733703613281,16.81766128540039,71.12078094482422,124.24594116210938,503.6629638671875,508.5904235839844,303.5386657714844,899.3527221679688,110.77957153320312,69.3279800415039,114.8409194946289,29.627790451049805,6015.509765625
2021-03-30,8.482746124267578,104.92440795898438,89.63340759277344,37.195735931396484,17.185117721557617,71.54161834716797,124.78849029541016,517.963134765625,525.6381225585938,304.6539306640625,903.1659545898438,112.02913665771484,68.81916809082031,116.61399841308594,30.00425148010254,6088.0400390625
2021-03-31,8.390986442565918,105.113037109375,88.56918334960938,36.67265319824219,16.988399505615234,70.699951171875,125.5571060180664,516.3839111328125,520.688720703125,303.72454833984375,899.9246826171875,111.54853057861328,69.13922882080078,118.43254852294922,29.650163650512695,6067.22998046875
2021-04-01,8.454198837280273,105.3243179321289,92.12882995605469,36.86350631713867,17.077478408813477,72.77174377441406,125.18634796142578,525.8590087890625,523.9884643554688,300.98284912109375,911.9364624023438,115.01851654052734,69.09819793701172,119.47820281982422,29.146982192993164,6102.9599609375
2021-04-06,8.456917762756348,105.86763763427734,92.38571166992188,36.72213363647461,17.225948333740234,72.28617095947266,124.82466888427734,522.8759765625,528.6627807617188,307.76739501953125,919.3721923828125,115.01851654052734,69.22129821777344,120.64207458496094,28.938264846801758,6131.33984375
2021-04-07,8.49634075164795,105.42997741699219,92.23892974853516,36.96247100830078,17.40039825439453,72.14049530029297,123.26934051513672,520.244140625,529.0293579101562,307.34918212890625,906.9793090820312,114.84549713134766,69.03254699707031,119.9874038696289,29.009084701538086,6130.66015625
2021-04-08,8.514013290405273,105.91291046142578,92.47745513916016,36.757476806640625,17.40039825439453,73.40299987792969,123.28740692138672,530.7717895507812,537.1866455078125,315.6207580566406,934.8157958984375,116.03739929199219,69.5167236328125,122.024169921875,28.520809173583984,6165.72021484375
2021-04-09,8.518091201782227,106.27509307861328,92.752685546875,36.375762939453125,17.444936752319336,73.03881072998047,123.97464752197266,536.8253784179688,539.2030029296875,314.55194091796875,943.3955078125,114.49945068359375,69.80394744873047,123.16984558105469,28.21144676208496,6169.41015625
2021-04-12,8.515372276306152,105.95817565917969,91.65176391601562,36.34748458862305,17.57855987548828,73.37870025634766,125.8193588256836,540.7731323242188,540.4862060546875,313.2972717285156,939.3916625976562,113.21143341064453,69.50031280517578,121.35131072998047,28.08098793029785,6161.68017578125
2021-04-13,8.508574485778809,106.77312469482422,90.2756118774414,36.50300216674805,17.597118377685547,73.54866790771484,124.39060974121094,549.897216796875,545.1605834960938,316.0389709472656,951.7847900390625,111.94264221191406,68.99150848388672,121.60591888427734,28.23381233215332,6184.10009765625
2021-04-14,8.56295108795166,105.64125061035156,91.94535064697266,36.74333953857422,17.526596069335938,73.31397247314453,124.9693374633789,555.248779296875,560.7418212890625,315.2025146484375,958.07666015625,112.86538696289062,68.93406677246094,120.7693862915039,28.546894073486328,6208.580078125
2021-04-15,8.4609956741333,106.36564636230469,94.3490219116211,36.587825775146484,17.37812614440918,72.69081115722656,126.45234680175781,552.7045288085938,565.23291015625,318.5947570800781,962.3665771484375,114.99928283691406,69.43466186523438,122.78795623779297,28.32699966430664,6234.14013671875
2021-04-16,8.470511436462402,106.54674530029297,95.11967468261719,37.39366149902344,17.597118377685547,73.36253356933594,125.76510620117188,557.0911254882812,577.4228515625,312.7860412597656,978.5728149414062,118.1328353881836,69.76290893554688,125.02476501464844,28.289716720581055,6287.06982421875
2021-04-19,8.56295108795166,106.4561996459961,94.2205810546875,37.6976203918457,17.630521774291992,74.51981353759766,126.16295623779297,561.6531372070312,572.74853515625,314.9237060546875,972.376220703125,117.65222930908203,70.74768829345703,125.04295349121094,28.356807708740234,6296.68994140625
2021-04-20,8.30874252319336,105.3997802734375,89.85359954833984,35.93043518066406,17.199966430664062,72.79006958007812,125.83744049072266,549.282958984375,558.3583374023438,313.761962890625,962.8431396484375,112.6539306640625,70.62458801269531,123.78815460205078,27.47718620300293,6165.10986328125
2021-04-21,8.236692428588867,106.07890319824219,89.66093444824219,35.598201751708984,17.199966430664062,72.35142517089844,127.6640625,572.180908203125,576.1615600585938,318.408935546875,978.5728149414062,112.50013732910156,71.26469421386719,123.04255676269531,27.510732650756836,6210.5498046875
2021-04-22,8.253005981445312,106.65238952636719,91.47745513916016,35.824405670166016,17.192543029785156,71.9707260131836,128.9661865234375,566.2151489257812,582.9877319335938,323.1488037109375,998.5921020507812,116.34498596191406,71.02670288085938,124.67924499511719,27.503276824951172,6267.27978515625
2021-04-23,8.2720365524292,106.65238952636719,90.33065795898438,35.704227447509766,17.20738983154297,72.39280700683594,127.4108657836914,569.197998046875,579.3900756835938,321.05767822265625,1000.9755859375,116.53721618652344,70.03372955322266,124.7883529663086,27.41382598876953,6257.93994140625
2021-04-26,8.441965103149414,106.81841278076172,92.88111877441406,36.69385528564453,17.25935173034668,73.90738677978516,126.90447998046875,567.0924682617188,577.2685546875,318.5483093261719,997.162353515625,119.11326599121094,70.06655883789062,124.13368225097656,27.47718620300293,6275.52001953125
2021-04-27,8.55615520477295,107.074951171875,91.55084228515625,36.658512115478516,17.14800262451172,74.39567565917969,126.25338745117188,568.934814453125,583.6334228515625,316.150390625,1001.9288330078125,117.32540893554688,70.08296966552734,125.04295349121094,27.42500114440918,6273.759765625
2021-04-28,8.66762638092041,106.84858703613281,91.10130310058594,37.80364990234375,17.392974853515625,74.59431457519531,127.68213653564453,571.1280517578125,584.0946044921875,318.78338623046875,1001.4519653320312,116.30653381347656,71.78169250488281,124.15185546875,27.913270950317383,6306.97998046875
2021-04-29,8.728799819946289,106.92403411865234,91.7435073852539,38.051055908203125,17.40410804748535,75.09915924072266,127.73638916015625,576.0409545898438,586.4007568359375,322.638916015625,1006.6953735351562,115.86437225341797,71.26469421386719,122.1878433227539,27.656091690063477,6302.56982421875
2021-04-30,8.749192237854004,105.73179626464844,91.68846893310547,37.74003219604492,17.463497161865234,75.64539337158203,125.15019989013672,584.726318359375,577.6375122070312,321.2753601074219,995.2557983398438,119.3631820678711,71.6175765991211,120.95123291015625,27.45109748840332,6269.47998046875
2021-05-03,8.766864776611328,106.06381225585938,91.66093444824219,37.78951644897461,17.749296188354492,76.42337036132812,126.01830291748047,592.4466552734375,581.6961059570312,324.98980712890625,1005.7421875,119.92068481445312,71.1416015625,122.47880554199219,27.760461807250977,6307.89990234375
2021-05-04,8.666267395019531,105.52051544189453,88.74349975585938,37.499691009521484,17.589693069458008,77.52411651611328,124.7704086303711,595.8077392578125,570.9036865234375,320.9932556152344,999.5454711914062,118.0559310913086,71.27289581298828,119.75099182128906,28.077268600463867,6251.75
2021-05-05,8.834835052490234,106.56184387207031,88.59671020507812,38.807411193847656,17.649080276489258,78.11174011230469,125.72891235351562,606.7758178710938,582.8032836914062,325.3659362792969,1021.4716796875,117.78679656982422,72.08887481689453,122.33331298828125,29.08362579345703,6339.47021484375
2021-05-06,8.89600944519043,108.07099151611328,88.76185607910156,38.81447982788086,17.93488121032715,78.69107818603516,125.92786407470703,610.5791625976562,576.8072509765625,326.9175109863281,1021.5194702148438,118.51731872558594,71.84174346923828,122.00597381591797,29.176809310913086,6357.08984375
2021-05-07,8.747832298278809,108.11627197265625,90.24809265136719,38.72258377075195,17.93488121032715,79.19593048095703,127.22999572753906,614.8247680664062,582.4342041015625,329.03338623046875,1025.821533203125,120.34361267089844,72.81326293945312,122.7152099609375,29.109712600708008,6385.509765625
2021-05-10,9.091764450073242,108.13136291503906,90.2389144897461,39.45773696899414,18.183425903320312,78.4593505859375,126.4704360961914,623.0509033203125,576.530517578125,331.38427734375,1012.9151611328125,120.88188934326172,73.60582733154297,121.38014221191406,29.325889587402344,6385.990234375
2021-05-11,8.976214408874512,106.48637390136719,87.9820327758789,39.443599700927734,17.808635711669922,76.75442504882812,124.69805908203125,613.498046875,564.8154907226562,325.7420654296875,1002.8768920898438,117.74834442138672,72.56612396240234,119.61859130859375,28.64008140563965,6267.39013671875
2021-05-12,9.11351490020752,106.0487289428711,88.58753204345703,40.009098052978516,17.907262802124023,77.93794250488281,124.75230407714844,613.40966796875,562.8783569335938,325.6480407714844,997.1407470703125,116.71024322509766,73.2905044555664,118.54312133789062,29.296072006225586,6279.35009765625
2021-05-13,8.989809036254883,106.69766235351562,88.07376861572266,39.62739181518555,17.800743103027344,77.3337631225586,124.91509246826172,615.6209106445312,568.2285766601562,329.2684020996094,1009.0911865234375,115.30686950683594,73.80183410644531,118.56166076660156,28.930803298950195,6288.330078125
2021-05-14,9.057779312133789,107.22586822509766,91.3490219116211,40.32012176513672,18.049291610717773,78.96420288085938,126.48848724365234,625.2620849609375,579.3900756835938,331.3372802734375,1021.04150390625,119.70921325683594,73.90410614013672,121.86224365234375,29.631532669067383,6385.14013671875
2021-05-17,9.06865406036377,107.38745880126953,88.89945220947266,40.2777099609375,18.001949310302734,77.53239440917969,126.75978088378906,625.2620849609375,575.608154296875,334.25238037109375,1018.6514282226562,117.15239715576172,74.68814086914062,120.8609390258789,29.676254272460938,6367.35009765625
2021-05-18,8.997795104980469,106.57180786132812,89.11963653564453,40.341331481933594,17.86781120300293,77.25926971435547,126.7236328125,627.915771484375,574.6856689453125,330.96112060546875,1014.3493041992188,116.30653381347656,74.33873748779297,120.58280181884766,29.590530395507812,6353.669921875
2021-05-19,8.762076377868652,105.81774139404297,87.21137237548828,39.54255676269531,17.591646194458008,76.00128173828125,124.24594116210938,623.4046020507812,571.0880126953125,329.2684020996094,1010.0471801757812,112.6539306640625,73.9722671508789,117.02262115478516,28.613988876342773,6262.5498046875
2021-05-20,8.817028045654297,107.26435089111328,88.54166412353516,39.73341751098633,17.65477180480957,76.83717346191406,127.5374526977539,630.9229736328125,580.128173828125,337.4496154785156,1020.0853881835938,114.1534194946289,75.08015441894531,119.09940338134766,28.733266830444336,6343.580078125
2021-05-21,8.87921142578125,107.86453247070312,89.82608032226562,39.75462341308594,17.788909912109375,77.31720733642578,128.85768127441406,636.6723022460938,582.6187133789062,339.7535095214844,1034.4259033203125,115.26842498779297,75.1909408569336,120.0450668334961,29.07244300842285,6386.41015625
2021-05-24,8.844504356384277,108.58782958984375,90.14717102050781,40.09354019165039,17.769182205200195,77.65653991699219,129.02044677734375,638.3529663085938,588.0612182617188,342.9507751464844,1048.28857421875,117.017822265625,75.1483383178711,119.84109497070312,29.102256774902344,6408.490234375
2021-05-25,8.759183883666992,108.57244873046875,89.11963653564453,39.94932174682617,17.587703704833984,77.21788024902344,127.68213653564453,640.82958984375,590.0905151367188,345.3016662597656,1065.4969482421875,114.90316772460938,74.94380950927734,119.60004425048828,28.57299041748047,6390.27001953125
2021-05-26,8.65939998626709,107.95687866210938,89.60588073730469,39.40849304199219,17.532468795776367,77.52411651611328,129.309814453125,650.8243408203125,590.9207153320312,344.5964050292969,1076.491455078125,113.6151351928711,75.5573959350586,119.63712310791016,28.677350997924805,6391.60009765625
2021-05-27,8.762076377868652,107.55674743652344,97.8719711303711,40.6632194519043,17.710004806518555,77.5820541381836,128.8938446044922,651.5321044921875,598.1159057617188,344.0791931152344,1089.8758544921875,117.80601501464844,74.03194427490234,119.97089385986328,28.36054229736328,6435.7099609375
2021-05-28,8.895119667053223,107.38745880126953,99.0829849243164,40.728118896484375,17.99405860900879,77.30065155029297,129.93612670898438,662.3231811523438,604.9419555664062,349.3922424316406,1093.699951171875,119.30551147460938,74.96084594726562,121.10199737548828,28.43508529663086,6484.10986328125
2021-05-31,8.8228120803833,107.01811218261719,97.85363006591797,40.27381896972656,17.816524505615234,76.90339660644531,129.29818725585938,661.8809204101562,601.4366455078125,346.3360595703125,1101.826416015625,118.02265167236328,74.11714935302734,119.97089385986328,28.25617790222168,6447.169921875
2021-06-01,9.005024909973145,107.43362426757812,99.78023529052734,40.89397048950195,17.982223510742188,77.76412963867188,129.37110900878906,656.3084106445312,606.14111328125,347.9346923828125,1099.4361572265625,120.02893829345703,73.17119598388672,120.93511962890625,28.938264846801758,6489.39990234375
2021-06-02,8.951518058776855,108.20309448242188,101.56005859375,41.103092193603516,18.029565811157227,77.68963623046875,130.92034912109375,660.5541381835938,609.7387084960938,349.43927001953125,1104.2161865234375,121.22496795654297,72.87291717529297,121.91787719726562,29.586795806884766,6521.52001953125
2021-06-03,8.913918495178223,108.15692901611328,100.71602630615234,41.420379638671875,17.99405860900879,77.34202575683594,131.35777282714844,655.6008911132812,603.5582275390625,350.6147155761719,1104.2161865234375,119.469482421875,72.84735107421875,120.61990356445312,29.586795806884766,6507.919921875
2021-06-04,8.942841529846191,108.4339370727539,100.84446716308594,41.182411193847656,18.01772689819336,77.34202575683594,130.99325561523438,650.736083984375,600.6987915039062,353.9530029296875,1107.5623779296875,118.1769790649414,73.35868072509766,121.12053680419922,29.586795806884766,6515.66015625
2021-06-07,9.031054496765137,108.4954833984375,102.12886810302734,41.514122009277344,18.13608741760254,77.72274780273438,132.67007446289062,648.347900390625,606.32568359375,356.1628723144531,1116.6446533203125,119.18010711669922,73.44390869140625,120.99073791503906,29.437715530395508,6543.56005859375
2021-06-08,8.864750862121582,108.38777160644531,101.37657928466797,40.87234115600586,18.065073013305664,77.93794250488281,133.92770385742188,656.3084106445312,608.53955078125,358.0906066894531,1130.0291748046875,119.50806427001953,72.71952056884766,122.3443603515625,29.545801162719727,6551.009765625
2021-06-09,8.750506401062012,109.24958038330078,101.46832275390625,40.5478401184082,17.721839904785156,79.154541015625,133.41734313964844,658.6082153320312,611.1224365234375,359.2190856933594,1140.5452880859375,120.24112701416016,73.71661376953125,122.1589126586914,29.829069137573242,6563.4501953125
2021-06-10,8.96019458770752,108.7417221069336,101.39492797851562,40.44688415527344,17.599538803100586,77.87999725341797,133.34445190429688,653.8318481445312,606.6947021484375,359.2190856933594,1131.941162109375,118.75572204589844,75.17390441894531,121.17616271972656,29.683712005615234,6546.490234375
2021-06-11,8.983332633972168,108.249267578125,103.0830078125,40.61273956298828,17.678442001342773,78.63314819335938,135.2582244873047,657.1044921875,616.2880249023438,361.14678955078125,1144.84765625,119.25728607177734,75.76193237304688,120.65697479248047,30.063888549804688,6600.66015625
2021-06-14,9.007917404174805,108.38777160644531,103.11969757080078,40.70648193359375,17.73367691040039,79.46076965332031,135.33114624023438,658.07763671875,620.4390258789062,361.6169738769531,1143.4134521484375,118.7364273071289,75.75341033935547,120.61990356445312,30.477603912353516,6616.35009765625
2021-06-15,9.007917404174805,111.21942138671875,103.83531188964844,40.72090530395508,17.946718215942383,79.22904205322266,134.83901977539062,662.6769409179688,625.2357788085938,364.34405517578125,1150.1058349609375,118.77500915527344,75.72783660888672,123.01189422607422,30.49997329711914,6639.52001953125
2021-06-16,8.860411643981934,112.80453491210938,104.66100311279297,40.194496154785156,17.94277000427246,79.29524230957031,134.87548828125,663.207763671875,629.3869018554688,365.98968505859375,1151.0618896484375,120.89702606201172,75.82158660888672,123.06752014160156,30.52606964111328,6652.64990234375
2021-06-17,8.89367389678955,111.92733764648438,105.13805389404297,40.60552978515625,18.057180404663086,79.651123046875,136.02374267578125,671.0798950195312,633.9992065429688,368.0584716796875,1155.8419189453125,121.7651138305664,75.75341033935547,123.01189422607422,30.354610443115234,6666.259765625
2021-06-18,8.530695915222168,111.26559448242188,103.41328430175781,38.752281188964844,17.398332595825195,77.90483856201172,136.2242431640625,663.3845825195312,628.2799072265625,367.0240478515625,1159.666015625,120.35686492919922,74.97789764404297,122.08475494384766,29.471250534057617,6569.16015625
2021-06-21,8.555279731750488,114.03569030761719,103.59677124023438,38.83881378173828,17.220800399780273,77.81376647949219,137.06263732910156,671.5220336914062,627.357421875,366.03668212890625,1171.6165771484375,121.47576141357422,75.18241882324219,124.58802032470703,29.788074493408203,6602.5400390625
2021-06-22,8.584202766418457,116.15943908691406,103.33988952636719,38.925350189208984,17.106388092041016,78.03723907470703,136.7163543701172,673.9103393554688,628.3722534179688,364.3910217285156,1169.2265625,122.05448913574219,74.76483917236328,125.62640380859375,29.970712661743164,6611.5
2021-06-23,8.491650581359863,114.6512680053711,102.11052703857422,38.56479263305664,16.90123748779297,76.7626953125,139.3956298828125,654.0087280273438,617.2105102539062,358.70184326171875,1152.017822265625,119.50806427001953,74.2449951171875,124.66220092773438,29.847715377807617,6551.06982421875
2021-06-24,8.591432571411133,116.28254699707031,102.67932891845703,39.011878967285156,17.145841598510742,77.72274780273438,141.61924743652344,664.1806640625,620.99267578125,366.88299560546875,1174.484375,121.88086700439453,74.65404510498047,127.10982513427734,30.51090431213379,6631.14990234375
2021-06-25,8.640600204467773,115.14373016357422,101.21144104003906,39.271484375,17.34309959411621,77.18478393554688,141.72862243652344,671.5220336914062,621.3614501953125,362.416259765625,1173.0506591796875,120.06751251220703,75.2079849243164,126.6833267211914,30.268369674682617,6622.8701171875
2021-06-28,8.519125938415527,114.7897720336914,98.2573013305664,38.36288833618164,17.047210693359375,75.12397766113281,140.89019775390625,661.3502807617188,615.8268432617188,362.6513671875,1167.792236328125,114.72388458251953,75.9408950805664,125.8860092163086,29.3967342376709,6558.02001953125
2021-06-29,8.649277687072754,114.43582153320312,97.68849182128906,38.62969970703125,17.094552993774414,74.92536926269531,141.78329467773438,667.2764892578125,621.7305908203125,360.3945007324219,1177.352783203125,113.23847961425781,75.27616119384766,125.21846008300781,29.260297775268555,6567.43017578125
2021-06-30,8.542263984680176,113.62017059326172,99.4866714477539,38.124916076660156,16.873620986938477,74.47843933105469,141.8379669189453,651.8859252929688,610.0154418945312,353.3887939453125,1174.484375,112.77548217773438,75.3017349243164,123.01189422607422,28.91922950744629,6507.830078125
2021-07-01,8.668076515197754,113.8971939086914,100.82611846923828,38.56479263305664,17.11427879333496,75.59573364257812,139.4138641357422,653.8318481445312,612.413818359375,352.9656066894531,1166.3582763671875,114.5888442993164,75.38694763183594,123.4939956665039,29.377788543701172,6553.81982421875
2021-07-02,8.569741249084473,114.03569030761719,102.9545669555664,37.83647918701172,17.16162109375,75.79436492919922,138.9217529296875,649.5863037109375,611.9525756835938,350.4266357421875,1164.4462890625,115.18687438964844,74.90971374511719,124.12445068359375,29.26788330078125,6552.85986328125
2021-07-05,8.712907791137695,113.43550109863281,103.74356079101562,38.6729621887207,17.28392219543457,76.02609252929688,138.8670654296875,652.5935668945312,609.4619140625,350.47369384765625,1166.3582763671875,115.91992950439453,74.0574951171875,125.21846008300781,29.339893341064453,6567.5400390625
2021-07-06,8.468511581420898,113.15850067138672,101.7251968383789,37.43986892700195,17.011703491210938,75.78610229492188,138.15623474121094,643.8369140625,604.9419555664062,348.40484619140625,1170.1824951171875,113.68216705322266,73.94671630859375,125.77474975585938,28.729745864868164,6507.47998046875
2021-07-07,8.456942558288574,114.26654052734375,100.75271606445312,36.90625,17.055103302001953,75.9764633178711,141.41876220703125,652.5935668945312,609.1852416992188,354.04705810546875,1183.0888671875,111.84951782226562,73.9722671508789,126.664794921875,28.400043487548828,6527.72021484375
2021-07-08,8.32100772857666,112.2351303100586,100.0187759399414,35.84982681274414,16.79471778869629,74.9005355834961,139.24981689453125,630.5692749023438,589.6292724609375,343.2328796386719,1151.539794921875,113.04556274414062,73.10301971435547,123.45692443847656,28.11960220336914,6396.72998046875
2021-07-09,8.527803421020508,113.82023620605469,103.44998931884766,36.725975036621094,17.212909698486328,75.92678833007812,140.65325927734375,646.7557983398438,611.0302124023438,349.6272888183594,1181.1767578125,115.66915130615234,74.33020782470703,127.03565216064453,28.3848819732666,6529.419921875
2021-07-12,8.509003639221191,115.14373016357422,102.93621826171875,36.805294036865234,17.220800399780273,76.39854431152344,142.4576873779297,650.2938842773438,614.3508911132812,352.9656066894531,1196.9512939453125,112.54399108886719,75.67671203613281,128.166748046875,28.400043487548828,6559.25
2021-07-13,8.375959396362305,115.49768829345703,102.05548095703125,36.653865814208984,17.177400588989258,75.6536636352539,143.42367553710938,657.7237548828125,618.6865234375,353.106689453125,1210.8135986328125,110.67276000976562,75.61705017089844,128.33363342285156,28.18781852722168,6558.47021484375
2021-07-14,8.42657470703125,115.4361343383789,101.81695556640625,36.877403259277344,17.212909698486328,74.51154327392578,143.51480102539062,663.915283203125,619.5166625976562,354.04705810546875,1213.681640625,111.17433166503906,75.56591796875,126.81312561035156,28.12338638305664,6558.3798828125
2021-07-15,8.360053062438965,115.15912628173828,101.28484344482422,36.57453918457031,17.17345428466797,73.31147003173828,140.37985229492188,654.362548828125,611.7681274414062,351.32000732421875,1213.2039794921875,108.95586395263672,74.27054595947266,126.1270523071289,27.774738311767578,6493.35986328125
2021-07-16,8.279068946838379,114.62049865722656,101.50502014160156,35.968814849853516,17.05904769897461,73.81632995605469,138.73947143554688,647.2865600585938,603.5582275390625,352.2603759765625,1195.0390625,109.51530456542969,74.88414001464844,124.42113494873047,27.501882553100586,6460.080078125
2021-07-19,8.023104667663574,113.00460815429688,95.02792358398438,34.461700439453125,16.569841384887695,70.91136169433594,135.404052734375,629.59619140625,590.2750244140625,350.8968200683594,1177.8304443359375,104.01734924316406,73.94671630859375,122.06622314453125,26.44455909729004,6295.97021484375
2021-07-20,8.143133163452148,113.68173217773438,97.24812316894531,35.11430358886719,16.735538482666016,71.22586822509766,136.37005615234375,636.1416625976562,595.07177734375,354.2351379394531,1185.4788818359375,106.9495849609375,74.21942901611328,123.6238021850586,26.425601959228516,6346.85009765625
2021-07-21,8.404882431030273,114.86672973632812,101.50502014160156,36.2212028503418,17.074827194213867,72.72386932373047,138.44786071777344,642.9524536132812,608.078369140625,356.53900146484375,1202.2093505859375,111.81092834472656,74.16828155517578,125.3111801147461,27.1304874420166,6464.47998046875
2021-07-22,8.348483085632324,114.85132598876953,100.47749328613281,36.040924072265625,17.17345428466797,73.1707763671875,139.687255859375,643.7484741210938,609.1852416992188,356.5860595703125,1206.51171875,110.44126892089844,74.59439086914062,127.38795471191406,27.01300811767578,6481.58984375
2021-07-23,8.439589500427246,115.85164642333984,102.29401397705078,36.46637725830078,17.177400588989258,74.6108627319336,141.3640899658203,661.26171875,621.7305908203125,363.9678649902344,1231.3682861328125,112.27393341064453,75.0545883178711,129.9653778076172,27.009218215942383,6568.81982421875
2021-07-26,8.585647583007812,114.77438354492188,102.75273132324219,37.28843688964844,17.279977798461914,74.49498748779297,140.25225830078125,660.9965209960938,621.1770629882812,360.62957763671875,1224.1981201171875,112.10030364990234,74.63700866699219,129.7985076904297,27.634519577026367,6578.60009765625
2021-07-27,8.491650581359863,114.74360656738281,103.04631042480469,36.94951629638672,17.205020904541016,73.6673583984375,139.3773956298828,646.7557983398438,617.6716918945312,360.6766052246094,1214.159912109375,111.17433166503906,74.2449951171875,128.20384216308594,27.626943588256836,6531.919921875
2021-07-28,8.472850799560547,115.18990325927734,105.7802734375,36.89183044433594,17.220800399780273,74.66051483154297,139.77838134765625,670.2838134765625,634.829345703125,362.8394470214844,1238.53857421875,112.67903137207031,74.64553833007812,128.927001953125,27.824003219604492,6609.31005859375
2021-07-29,8.589985847473145,112.05045318603516,106.42247009277344,37.548030853271484,17.291812896728516,74.90880584716797,140.3069610595703,672.3181762695312,630.9551391601562,361.94610595703125,1230.4124755859375,108.99444580078125,73.73365783691406,128.68594360351562,28.42656707763672,6633.77001953125
2021-07-30,8.503218650817871,112.78914642333984,106.14723205566406,37.1009521484375,17.264196395874023,73.8328857421875,145.0458221435547,668.8685913085938,621.6383056640625,362.8864440917969,1232.3243408203125,106.39015197753906,74.04045104980469,131.0037841796875,27.81642723083496,6612.759765625
2021-08-02,8.477189064025879,111.61955261230469,107.13806915283203,36.74039840698242,17.99405860900879,74.29635620117188,149.4566192626953,685.0551147460938,633.7224731445312,369.28094482421875,1252.4012451171875,107.5283203125,73.92965698242188,131.6527557373047,27.808841705322266,6675.89990234375
2021-08-03,8.523465156555176,112.09661865234375,105.3031997680664,37.06489944458008,18.22287940979004,74.11427307128906,151.425048828125,687.2664794921875,641.9322509765625,370.3623962402344,1268.175537109375,105.6185073852539,73.67399597167969,133.41433715820312,28.566783905029297,6723.81005859375
2021-08-04,8.655062675476074,111.98889923095703,104.99127197265625,37.5047721862793,18.26627540588379,74.02324676513672,151.46151733398438,689.654541015625,640.8253173828125,371.81988525390625,1273.9119873046875,105.54134368896484,72.0121841430664,136.9559783935547,28.490995407104492,6746.22998046875
2021-08-05,8.629032135009766,113.05076599121094,107.00962829589844,37.793212890625,18.44775390625,74.78465270996094,151.46151733398438,688.7702026367188,643.3158569335938,374.4999694824219,1276.7801513671875,107.54761505126953,72.5405502319336,136.51095581054688,28.555418014526367,6781.18994140625
2021-08-06,8.880658149719238,113.17388916015625,107.24816131591797,38.93977355957031,18.684467315673828,74.86742401123047,151.18812561035156,692.1312866210938,643.3158569335938,375.2522277832031,1281.559814453125,108.60862731933594,73.50355529785156,136.455322265625,28.752485275268555,6816.9599609375
2021-08-09,8.884997367858887,113.2508316040039,105.28485870361328,39.0911979675293,18.755481719970703,74.11427307128906,151.37037658691406,693.635009765625,643.3158569335938,375.2992858886719,1275.8238525390625,106.19723510742188,74.1853256225586,137.03013610839844,28.661527633666992,6813.18017578125
2021-08-10,8.858964920043945,113.97412872314453,105.65182495117188,38.95419692993164,18.810714721679688,74.08944702148438,148.69110107421875,698.6766357421875,647.1901245117188,374.4058837890625,1271.521484375,105.69567108154297,73.7762680053711,137.957275390625,28.521312713623047,6820.2099609375
2021-08-11,8.911026954650879,114.40503692626953,106.16558074951172,39.495025634765625,19.01980972290039,75.23986053466797,148.74578857421875,697.1730346679688,650.1419677734375,376.42767333984375,1275.3458251953125,105.7149658203125,73.82740020751953,141.16513061523438,28.923023223876953,6857.990234375
2021-08-12,8.85173511505127,113.9895248413086,105.7802734375,39.170528411865234,19.14605712890625,75.61228942871094,149.365478515625,700.6224975585938,656.7836303710938,379.7659912109375,1280.6038818359375,105.8114242553711,74.4239501953125,140.42343139648438,29.04808235168457,6882.47021484375
2021-08-13,8.889335632324219,114.48198699951172,105.90870666503906,39.21379089355469,19.288084030151367,75.6950454711914,150.29502868652344,697.7921752929688,654.7542114257812,379.06072998046875,1288.2523193359375,105.8499984741211,74.52621459960938,141.85122680664062,28.968496322631836,6896.0400390625
2021-08-16,8.809798240661621,114.62049865722656,105.15640258789062,38.83160400390625,19.197343826293945,75.45503234863281,148.69110107421875,665.1536254882812,641.009765625,374.8291015625,1266.7415771484375,103.86302185058594,75.03754425048828,142.03663635253906,28.61226463317871,6838.77001953125
2021-08-17,8.639154434204102,114.92827606201172,104.16558837890625,38.117713928222656,19.067153930664062,74.85913848876953,149.38369750976562,658.4313354492188,636.9509887695312,376.2396545410156,1271.521484375,102.8405990600586,76.09429168701172,143.24191284179688,28.66910743713379,6819.83984375
2021-08-18,8.65939998626709,116.05171203613281,104.23897552490234,38.46384048461914,19.26835823059082,75.91851806640625,147.9438018798828,635.0802612304688,604.1117553710938,369.7511291503906,1223.7200927734375,102.80200958251953,76.40109252929688,143.79818725585938,28.59331703186035,6770.10986328125
2021-08-19,8.481527328491211,116.68267822265625,100.95455169677734,37.432655334472656,18.877782821655273,74.99156951904297,145.84776306152344,574.933349609375,565.5534057617188,365.613525390625,1166.3582763671875,100.62212371826172,76.84423828125,142.48165893554688,27.517044067382812,6605.89013671875
2021-08-20,8.495987892150879,116.60572814941406,101.35823822021484,37.56966781616211,18.9290714263916,74.7101821899414,146.33990478515625,577.1445922851562,571.9182739257812,369.0928955078125,1178.78662109375,100.91149139404297,77.32148742675781,141.4062042236328,27.63831329345703,6626.10986328125
2021-08-23,8.644939422607422,116.34410095214844,102.49585723876953,38.009544372558594,19.051372528076172,75.09915924072266,148.32656860351562,594.2156982421875,587.2308959960938,371.5378112792969,1214.159912109375,100.40991973876953,76.3329086303711,141.4432830810547,28.10444450378418,6683.10009765625
2021-08-24,8.704230308532715,115.65158081054688,104.0921859741211,38.26914596557617,19.07110023498535,75.13226318359375,147.196533203125,592.00439453125,575.8848876953125,369.7511291503906,1195.0390625,101.60596466064453,75.48921966552734,141.46182250976562,28.165075302124023,6664.31005859375
2021-08-25,8.824258804321289,115.40536499023438,106.34907531738281,39.047943115234375,19.043481826782227,75.53778839111328,147.5063934326172,597.046142578125,573.8554077148438,369.6100769042969,1196.473388671875,103.24571228027344,75.0290298461914,140.6273956298828,28.297718048095703,6676.47998046875
2021-08-26,8.764967918395996,115.82086181640625,105.50504302978516,38.701805114746094,18.968524932861328,75.2812271118164,146.7955780029297,594.7463989257812,573.3942260742188,370.5974426269531,1183.566650390625,103.2264175415039,75.3784408569336,140.8684539794922,28.278772354125977,6666.02978515625
2021-08-27,8.759183883666992,115.97476196289062,105.52338409423828,38.55037307739258,18.988250732421875,75.22329711914062,147.67042541503906,591.38525390625,574.7778930664062,370.1272888183594,1186.4349365234375,103.32288360595703,75.1483383178711,141.10951232910156,28.61226463317871,6681.919921875
2021-08-30,8.740384101867676,117.06741333007812,105.37659454345703,38.218666076660156,18.90145492553711,74.86742401123047,148.05316162109375,594.038818359375,576.530517578125,373.5126037597656,1191.693115234375,102.55122375488281,75.04606628417969,141.61016845703125,28.578161239624023,6687.2998046875
2021-08-31,8.828597068786621,116.82118225097656,106.14723205566406,38.74507141113281,18.76337432861328,75.22329711914062,151.5161895751953,596.1616821289062,578.19091796875,372.666259765625,1189.781005859375,102.49336242675781,74.67108917236328,140.2751007080078,28.305295944213867,6680.18017578125
2021-09-01,8.913918495178223,117.54447937011719,108.25733184814453,39.51665496826172,18.82649803161621,77.59032440185547,152.646240234375,608.7216186523438,596.639892578125,375.6754150390625,1214.159912109375,104.4031753540039,75.10572814941406,141.90682983398438,28.11960220336914,6758.68994140625
2021-09-02,8.934165000915527,116.77500915527344,107.13806915283203,39.51665496826172,18.751537322998047,76.95305633544922,153.9220733642578,615.26708984375,596.824462890625,376.28668212890625,1215.5938720703125,103.2071304321289,75.1653823852539,143.14920043945312,28.48341178894043,6763.080078125
2021-09-03,8.762076377868652,116.29793548583984,105.02796936035156,38.84602737426758,18.61345672607422,75.43021392822266,151.69845581054688,604.3875732421875,585.6627807617188,371.302734375,1199.8194580078125,100.73787689208984,74.86710357666016,142.66709899902344,28.24466323852539,6689.990234375
2021-09-06,8.834383010864258,116.82118225097656,106.3123779296875,39.02630615234375,18.751537322998047,75.29779052734375,154.10433959960938,614.1171875,598.392578125,372.7132873535156,1221.330078125,100.52566528320312,74.82449340820312,143.3531494140625,28.547840118408203,6743.5
2021-09-07,8.853181838989258,115.80548095703125,104.67933654785156,39.177738189697266,18.65685272216797,75.14883422851562,154.14080810546875,619.6896362304688,602.3590698242188,369.6100769042969,1237.58251953125,99.21388244628906,74.10010528564453,143.14920043945312,28.50994110107422,6726.06982421875
2021-09-08,8.738938331604004,115.55924224853516,104.33071899414062,38.57921600341797,18.43986701965332,76.02609252929688,154.65113830566406,618.8051147460938,598.392578125,370.5504150390625,1228.500244140625,98.0371322631836,72.25932312011719,139.7002716064453,28.240875244140625,6668.89013671875
2021-09-09,8.753397941589355,115.59002685546875,105.68851470947266,38.752281188964844,18.42408561706543,74.48670959472656,155.2708282470703,615.6209106445312,607.3402709960938,373.9827880859375,1232.8023681640625,101.10440063476562,70.99805450439453,140.6459503173828,28.002124786376953,6684.72021484375
2021-09-10,8.657954216003418,115.08216857910156,104.9178695678711,38.0888671875,18.325456619262695,72.77352905273438,155.2526092529297,615.9746704101562,612.0448608398438,374.593994140625,1244.7529296875,100.98866271972656,69.77085876464844,141.85122680664062,27.763378143310547,6663.77001953125
2021-09-13,8.769306182861328,115.14373016357422,105.57843017578125,38.95419692993164,18.526660919189453,73.63426208496094,154.41419982910156,598.815185546875,606.0489501953125,373.7947082519531,1222.7640380859375,103.49649047851562,69.43849182128906,142.2777099609375,28.61226463317871,6676.93017578125
2021-09-14,8.546602249145508,114.69743347167969,103.44998931884766,38.49989700317383,18.349124908447266,73.5101089477539,155.0885772705078,582.2748413085938,596.639892578125,374.8291015625,1213.681640625,99.98552703857422,69.72824096679688,143.3902587890625,28.684267044067383,6652.97021484375
2021-09-15,8.558172225952148,113.55862426757812,103.0830078125,38.6729621887207,18.353071212768555,72.10314178466797,154.10433959960938,558.4814453125,573.0252685546875,369.5630187988281,1192.649169921875,98.73160552978516,69.32770538330078,142.22206115722656,29.324729919433594,6583.6201171875
2021-09-16,8.582756042480469,113.72789764404297,105.39495086669922,39.05514907836914,18.40830421447754,72.93905639648438,155.99989318847656,550.6091918945312,579.2979125976562,360.4415283203125,1204.599853515625,100.91149139404297,69.60040283203125,145.7822723388672,29.34747314453125,6622.58984375
2021-09-17,8.430912971496582,110.65000915527344,103.70685577392578,38.60806655883789,18.22287940979004,71.30860900878906,155.19793701171875,563.6116333007812,582.0652465820312,359.78326416015625,1221.330078125,101.548095703125,69.4981460571289,141.83267211914062,29.09734344482422,6570.18994140625
2021-09-20,8.105534553527832,108.9110107421875,102.69767761230469,36.88462448120117,17.650827407836914,71.83828735351562,153.83094787597656,556.0931396484375,570.7191162109375,350.0505065917969,1202.6875,103.84373474121094,69.89017486572266,136.455322265625,28.684267044067383,6455.81005859375
2021-09-21,8.098302841186523,111.21942138671875,103.92703247070312,37.03605270385742,17.852031707763672,72.96388244628906,156.6378173828125,554.5010986328125,586.6774291992188,360.58258056640625,1225.6322021484375,105.2326889038086,70.0776596069336,137.4936981201172,29.386232376098633,6552.72998046875
2021-09-22,8.362944602966309,111.29637908935547,106.27567291259766,38.334041595458984,18.183425903320312,73.7832260131836,156.74716186523438,568.5647583007812,593.4114379882812,361.52294921875,1228.500244140625,106.4480209350586,70.5037612915039,140.92408752441406,30.138355255126953,6637.0
2021-09-23,8.584202766418457,111.68112182617188,107.04632568359375,39.199371337890625,18.44775390625,73.9487533569336,158.3146514892578,577.8521728515625,603.3738403320312,364.15594482421875,1259.5714111328125,107.74052429199219,70.61455535888672,140.92408752441406,30.570327758789062,6701.97998046875
2021-09-24,8.604447364807129,110.95780944824219,105.87200164794922,39.51665496826172,18.54638671875,73.874267578125,154.4324188232422,560.6043090820312,593.0424194335938,355.7867126464844,1231.3682861328125,107.43186950683594,69.898681640625,138.9400177001953,30.620471954345703,6638.4599609375
2021-09-27,8.90668773651123,109.88054656982422,107.56009674072266,40.74253845214844,18.842275619506836,76.63026428222656,153.3206024169922,550.4322509765625,588.0612182617188,349.8153991699219,1187.869140625,110.94284057617188,69.9839096069336,137.1043243408203,31.673418045043945,6650.91015625
2021-09-28,8.705677032470703,107.87992095947266,104.00043487548828,40.66098403930664,18.617399215698242,74.40394592285156,149.47482299804688,541.9410400390625,569.981201171875,341.0700378417969,1142.4573974609375,105.7535400390625,69.63450622558594,133.5070343017578,32.08611297607422,6506.5
2021-09-29,8.710014343261719,107.47978973388672,107.6151351928711,40.972389221191406,18.889619827270508,74.99984741210938,152.57333374023438,545.390625,576.9918212890625,341.63421630859375,1155.8419189453125,108.53144836425781,71.33892822265625,134.30435180664062,31.654136657714844,6560.7998046875
2021-09-30,8.63770866394043,106.63336944580078,105.59677124023438,41.1058464050293,19.004030227661133,74.6108627319336,150.82359313964844,544.85986328125,572.0105590820312,335.5688781738281,1143.8914794921875,105.77284240722656,70.80203247070312,133.41433715820312,31.885547637939453,6520.009765625
2021-10-01,8.545156478881836,107.74141693115234,106.95457458496094,40.69805145263672,18.83833122253418,75.19019317626953,152.2452392578125,554.8549194335938,581.142822265625,339.9886169433594,1142.935302734375,107.21966552734375,70.40149688720703,132.13487243652344,31.839265823364258,6517.68994140625
2021-10-04,8.514787673950195,107.09505462646484,104.27568054199219,40.312496185302734,18.794933319091797,75.35572814941406,151.38861083984375,547.8671875,572.9330444335938,339.9415588378906,1137.6773681640625,105.32913970947266,70.7764663696289,130.39186096191406,32.46795654296875,6477.66015625
2021-10-05,8.997795104980469,107.40283966064453,105.57843017578125,42.17353439331055,19.157894134521484,75.47986602783203,153.08367919921875,549.1055297851562,583.448974609375,342.1044006347656,1145.8035888671875,107.0653305053711,71.1258773803711,132.70968627929688,33.43991470336914,6576.27978515625
2021-10-06,8.96019458770752,106.21785736083984,104.05548858642578,41.669349670410156,18.739702224731445,73.90738677978516,150.4408416748047,545.390625,576.3460693359375,336.7913513183594,1136.2432861328125,106.29369354248047,70.69125366210938,130.28060913085938,32.98093032836914,6493.1201171875
2021-10-07,9.249420166015625,107.92608642578125,104.77108001708984,42.32923889160156,19.102659225463867,75.33917999267578,152.2270050048828,563.0807495117188,588.43017578125,340.3177490234375,1177.8304443359375,109.47671508789062,71.56903076171875,132.7838592529297,32.93464660644531,6600.18994140625
2021-10-08,9.276896476745605,107.18738555908203,103.87200927734375,42.26250457763672,19.08687973022461,74.79293823242188,149.14675903320312,554.5894775390625,579.021240234375,336.274169921875,1159.18798828125,111.03929901123047,71.84174346923828,130.50311279296875,33.43991470336914,6559.990234375
2021-10-11,9.263880729675293,106.46409606933594,104.4224624633789,42.50718688964844,19.11449432373047,75.09088897705078,145.7748565673828,561.1348876953125,582.7109985351562,334.53448486328125,1172.0946044921875,111.63732147216797,72.18262481689453,128.6117706298828,34.111026763916016,6570.5400390625
2021-10-12,9.142406463623047,106.4487075805664,103.89034271240234,42.403385162353516,18.96457862854004,74.11427307128906,145.26454162597656,561.48876953125,584.7404174804688,334.2053527832031,1180.220703125,108.705078125,71.16849517822266,129.07534790039062,33.709896087646484,6548.10986328125
2021-10-13,9.07443904876709,108.0799789428711,103.06465911865234,41.78797912597656,18.54638671875,73.79151153564453,146.6497344970703,569.8916015625,603.1893920898438,340.78790283203125,1212.2476806640625,108.74365997314453,71.18553924560547,130.3362274169922,33.382057189941406,6597.3798828125
2021-10-14,9.101914405822754,109.61892700195312,104.00043487548828,41.98817443847656,18.70025062561035,74.039794921875,146.57684326171875,585.635986328125,615.4578247070312,347.8876647949219,1228.978271484375,109.88182830810547,71.69686126708984,133.65536499023438,33.78704071044922,6685.2099609375
2021-10-15,9.289911270141602,110.2652816772461,105.41329193115234,42.8185920715332,18.877782821655273,74.97501373291016,150.22210693359375,591.5621948242188,613.2440185546875,347.51153564453125,1232.8023681640625,111.86881256103516,71.44971466064453,133.76661682128906,34.292301177978516,6727.52001953125
2021-10-18,9.252312660217285,110.00365447998047,103.94540405273438,43.01136779785156,18.862003326416016,74.4205093383789,152.19056701660156,577.4100341796875,599.591796875,344.0791931152344,1215.5938720703125,109.43814086914062,70.44410705566406,132.15341186523438,34.44272232055664,6673.10009765625
2021-10-19,9.271111488342285,110.08061218261719,103.04631042480469,43.07809829711914,18.88567352294922,75.05779266357422,153.06544494628906,575.287109375,595.9019775390625,340.928955078125,1225.154296875,107.0653305053711,70.41854095458984,132.4871826171875,34.581565856933594,6669.85009765625
2021-10-20,9.33763313293457,110.68079376220703,102.89952087402344,43.13741683959961,18.933015823364258,75.70333099365234,153.79449462890625,571.9259643554688,605.2186889648438,342.5746154785156,1251.9232177734375,105.15552520751953,71.95252990722656,132.3759307861328,34.60857009887695,6705.60986328125
2021-10-21,9.28557300567627,110.46534729003906,102.18391418457031,42.69995880126953,18.727867126464844,75.52953338623047,154.65113830566406,569.2724609375,608.53955078125,347.2763977050781,1269.609619140625,106.67951965332031,71.54346466064453,130.28060913085938,34.111026763916016,6686.169921875
2021-10-22,9.36510944366455,110.09599304199219,100.71602630615234,42.78893280029297,18.893564224243164,75.12397766113281,156.23683166503906,571.4837036132812,615.55029296875,364.9082336425781,1298.290771484375,106.60235595703125,72.53203582763672,131.46734619140625,33.790897369384766,6733.68994140625
2021-10-25,9.440308570861816,109.97288513183594,99.15638732910156,43.1596565246582,18.881729125976562,74.44532012939453,155.7811737060547,566.0883178710938,608.6317749023438,360.958740234375,1284.9061279296875,103.940185546875,72.88996124267578,130.3547821044922,33.883460998535156,6712.8701171875
2021-10-26,9.428739547729492,110.35761260986328,100.8628158569336,43.13741683959961,19.292030334472656,75.85230255126953,157.33041381835938,573.8719482421875,613.4285278320312,367.1651306152344,1290.1644287109375,108.47357940673828,72.99223327636719,132.43154907226562,33.74460983276367,6766.509765625
2021-10-27,9.379570960998535,111.20403289794922,100.91786193847656,42.87049102783203,19.260467529296875,75.88540649414062,154.85162353515625,573.1642456054688,612.7827758789062,365.1903381347656,1276.3018798828125,108.0298843383789,73.09449768066406,135.6208953857422,33.65976333618164,6753.52001953125
2021-10-28,9.36510944366455,110.49612426757812,102.75273132324219,42.603572845458984,19.26441192626953,75.86884307861328,157.5309295654297,575.7293701171875,619.6090698242188,369.9862365722656,1303.548583984375,110.03616333007812,73.281982421875,138.0499725341797,33.39748764038086,6804.22021484375
2021-10-29,9.428739547729492,110.98859405517578,101.46832275390625,42.929813385009766,19.85224723815918,76.44820404052734,163.03529357910156,573.3411865234375,624.6823120117188,371.39678955078125,1310.2410888671875,111.92668151855469,73.6569595336914,138.0499725341797,33.45534133911133,6830.33984375
2021-11-01,9.54298210144043,111.63494873046875,100.60592651367188,44.24216842651367,19.966657638549805,77.72274780273438,167.48252868652344,576.5255126953125,630.4015502929688,374.4529724121094,1324.103515625,110.94284057617188,75.25060272216797,138.1797637939453,33.57875442504883,6893.2900390625
2021-11-02,9.569014549255371,112.12740325927734,101.1930923461914,44.06422424316406,20.187589645385742,77.7144775390625,168.35740661621094,568.387939453125,631.6929931640625,376.1455993652344,1337.0098876953125,111.09716796875,76.36700439453125,139.2552490234375,33.690608978271484,6927.02978515625
2021-11-03,9.61095142364502,113.68173217773438,99.0829849243164,44.39787673950195,20.234933853149414,76.9696044921875,171.7839813232422,572.27978515625,629.5713500976562,381.3646240234375,1356.608642578125,109.93971252441406,76.90389251708984,141.4062042236328,33.100494384765625,6950.64990234375
2021-11-04,9.483692169189453,114.98983764648438,100.00041198730469,43.804725646972656,20.159975051879883,77.19306182861328,172.40367126464844,574.0487670898438,638.7958984375,384.4207763671875,1377.6412353515625,110.5377197265625,76.4351806640625,142.66709899902344,33.36277770996094,6987.7900390625
2021-11-05,9.579136848449707,115.37457275390625,104.49585723876953,44.12353515625,20.120521545410156,79.08834838867188,171.2007293701172,583.68994140625,653.924072265625,388.1822509765625,1394.8497314453125,116.09354400634766,75.38694763183594,142.03663635253906,33.48619079589844,7040.7900390625
2021-11-08,9.56033706665039,115.77469635009766,106.0921859741211,44.03456497192383,20.1915340423584,78.50071716308594,171.1642608642578,587.4934692382812,652.5404052734375,387.6650390625,1402.0201416015625,115.862060546875,75.17390441894531,143.29754638671875,33.55562210083008,7047.47998046875
2021-11-09,9.472123146057129,116.11327362060547,106.71604919433594,43.64901351928711,20.0061092376709,78.16139221191406,168.26626586914062,603.1492309570312,652.4481201171875,389.827880859375,1377.1630859375,116.34432983398438,75.5147933959961,143.0379638671875,33.582618713378906,7043.27001953125
2021-11-10,9.297142028808594,117.00584411621094,106.60595703125,43.8936882019043,20.25465965270996,78.79039001464844,166.20668029785156,588.0240478515625,644.4228515625,389.63983154296875,1367.125,118.63997650146484,76.54595947265625,142.75979614257812,33.875736236572266,7045.16015625
2021-11-11,9.32172679901123,117.22130584716797,105.22979736328125,44.10129928588867,20.321725845336914,77.7144775390625,165.42295837402344,582.5400390625,650.6953735351562,389.7338562011719,1377.6412353515625,117.27030944824219,76.60562896728516,143.5386199951172,33.83717727661133,7059.5498046875
2021-11-12,9.206036567687988,117.55987548828125,102.88117218017578,43.94559097290039,20.341453552246094,77.59032440185547,166.86282348632812,599.5228271484375,666.8383178710938,395.8462219238281,1413.492431640625,116.82660675048828,76.03463745117188,144.6511688232422,33.3049201965332,7091.39990234375
2021-11-15,9.242188453674316,116.94429779052734,104.62429809570312,45.391414642333984,20.404577255249023,78.31863403320312,168.12045288085938,602.7955322265625,664.901123046875,398.7613525390625,1434.0469970703125,116.38291931152344,76.75901794433594,144.85511779785156,33.663612365722656,7128.6298828125
2021-11-16,9.185791015625,116.23637390136719,105.50504302978516,44.65738296508789,20.16391944885254,78.14363098144531,171.36476135253906,629.0654907226562,673.1109619140625,401.7235107421875,1468.4639892578125,115.2447509765625,76.84423828125,144.52137756347656,33.83332061767578,7152.60009765625
2021-11-17,9.230619430541992,116.71344757080078,104.99127197265625,44.62031173706055,20.171810150146484,77.4019546508789,171.47412109375,637.8220825195312,669.7901000976562,404.1684265136719,1472.28857421875,112.08100891113281,77.210693359375,147.0616912841797,33.586483001708984,7156.85009765625
2021-11-18,9.146744728088379,116.95967864990234,103.90869903564453,44.13095474243164,20.065288543701172,76.08525085449219,176.0307159423828,635.6994018554688,672.0039672851562,397.6799621582031,1522.47998046875,111.71448516845703,75.22502899169922,148.02593994140625,33.22391128540039,7141.97998046875
2021-11-19,9.022377967834473,118.11389923095703,100.36740112304688,42.79635238647461,19.856191635131836,73.87686157226562,176.21298217773438,634.1072387695312,676.6162109375,400.1248474121094,1601.83056640625,108.95586395263672,75.76193237304688,149.6576690673828,32.31753158569336,7112.2900390625
2021-11-22,9.198805809020996,118.05233001708984,99.79859161376953,43.47848129272461,20.037673950195312,74.61022186279297,175.75730895996094,625.9697265625,671.819580078125,392.93109130859375,1571.237548828125,107.6440658569336,76.15394592285156,150.2881317138672,32.703224182128906,7105.0
2021-11-23,9.12939167022705,116.52877807617188,101.1563949584961,43.663841247558594,20.116575241088867,75.48522186279297,170.5445556640625,622.9623413085938,662.4105834960938,387.14788818359375,1546.85888671875,108.24209594726562,75.31877899169922,148.24842834472656,33.081207275390625,7044.6201171875
2021-11-24,9.15831470489502,116.71344757080078,102.25731658935547,43.40433883666992,20.152084350585938,76.33525085449219,171.45590209960938,628.35791015625,669.7901000976562,387.9471130371094,1557.375244140625,108.49288177490234,74.40690612792969,144.7809600830078,33.25863265991211,7042.22998046875
2021-11-25,9.125053405761719,116.46722412109375,102.99125671386719,43.54520797729492,20.096851348876953,76.4769287109375,171.7292938232422,635.61083984375,677.7232055664062,390.7212219238281,1583.6661376953125,108.66649627685547,73.84443664550781,145.30014038085938,33.23548889160156,7075.8701171875
2021-11-26,8.72447681427002,114.29730987548828,91.15635681152344,40.994632720947266,19.11449432373047,70.0184326171875,163.01705932617188,588.6432495117188,638.3345947265625,378.3084411621094,1533.4742431640625,97.51626586914062,72.44680786132812,140.53468322753906,31.264585494995117,6739.72998046875
2021-11-29,8.772198677062988,113.38933563232422,91.45911407470703,41.061363220214844,19.122385025024414,70.13509368896484,164.384033203125,604.829833984375,643.13134765625,377.8382568359375,1567.8914794921875,97.99855041503906,72.95814514160156,140.219482421875,31.781410217285156,6776.25
2021-11-30,8.72447681427002,112.20436096191406,90.5691909790039,40.83892822265625,19.213125228881836,69.71843719482422,161.32200622558594,602.7070922851562,636.0904541015625,373.7947082519531,1580.31982421875,95.27850341796875,71.46675872802734,144.83657836914062,31.326297760009766,6721.16015625
2021-12-01,8.898011207580566,113.75868225097656,93.5049819946289,41.95851135253906,19.911428451538086,71.93513488769531,165.53228759765625,623.669921875,646.1886596679688,381.9288024902344,1595.138427734375,99.46466064453125,73.15414428710938,150.90000915527344,32.348384857177734,6881.8701171875
2021-12-02,8.886442184448242,112.26589965820312,92.752685546875,41.854713439941406,19.80885124206543,72.28514862060547,161.7958984375,613.40966796875,636.0904541015625,374.4058837890625,1545.9027099609375,98.51939392089844,71.74799346923828,149.3980712890625,32.417808532714844,6795.75
2021-12-03,8.850289344787598,112.38903045654297,90.4132308959961,41.64710235595703,19.72994613647461,71.10179138183594,161.3037872314453,605.0068359375,634.608154296875,376.991943359375,1535.8643798828125,95.16275787353516,71.39006042480469,148.22988891601562,32.65694808959961,6765.52001953125
2021-12-06,8.905241012573242,114.46659851074219,94.3490219116211,42.51460266113281,20.092905044555664,72.59349822998047,163.2175750732422,615.001708984375,639.3328857421875,384.23272705078125,1490.452880859375,100.10127258300781,71.88435363769531,149.8616180419922,33.509334564208984,6865.77978515625
2021-12-07,9.013701438903809,119.51432800292969,97.13803100585938,43.19672775268555,20.215206146240234,73.49352264404297,169.65147399902344,650.2938842773438,671.6655883789062,399.46661376953125,1548.2928466796875,102.30044555664062,72.74508666992188,155.07211303710938,34.15730285644531,7065.39013671875
2021-12-08,8.970318794250488,119.52971649169922,98.40409088134766,43.100345611572266,20.15602684020996,72.61014556884766,167.81060791015625,634.637939453125,662.123291015625,393.3072204589844,1507.6614990234375,103.70869445800781,72.09740447998047,154.1820831298828,34.118736267089844,7014.56982421875
2021-12-09,8.90379524230957,119.17576599121094,96.7894058227539,42.57391357421875,20.144193649291992,71.91014099121094,169.30517578125,626.854248046875,662.4012451171875,394.1065673828125,1522.47998046875,102.20398712158203,71.66276550292969,155.59132385253906,33.90660095214844,7008.22998046875
2021-12-10,8.845951080322266,118.89875030517578,96.86280059814453,42.047481536865234,20.017946243286133,71.20178985595703,168.72193908691406,619.6012573242188,657.7691650390625,395.94024658203125,1522.47998046875,100.13985443115234,73.74217987060547,154.75689697265625,34.010738372802734,6991.68017578125
2021-12-13,8.763522148132324,119.25270080566406,94.5692138671875,41.521053314208984,19.97849464416504,70.610107421875,166.77169799804688,613.9403076171875,656.8425903320312,393.0721435546875,1512.9197998046875,97.11115264892578,73.66548156738281,154.849609375,33.52090835571289,6942.91015625
2021-12-14,8.840166091918945,117.6676025390625,94.03709411621094,41.587791442871094,20.069232940673828,70.6351089477539,164.1470947265625,610.3137817382812,649.9869384765625,390.4391174316406,1491.408935546875,96.99540710449219,72.84735107421875,150.90000915527344,33.73303985595703,6895.31005859375
2021-12-15,8.776535987854004,118.43708038330078,91.73432922363281,41.43949890136719,20.069232940673828,70.50177001953125,166.0973358154297,614.2056274414062,659.5292358398438,392.41387939453125,1529.172119140625,95.00843048095703,73.89557647705078,152.97679138183594,33.3897705078125,6927.6298828125
2021-12-16,8.821366310119629,119.0526351928711,93.94534301757812,42.23284912109375,20.321725845336914,72.00180053710938,167.9746551513672,615.532470703125,660.8262329101562,393.4953308105469,1551.160888671875,96.45526123046875,74.25350952148438,155.59132385253906,34.46200942993164,7005.06982421875
2021-12-17,8.681092262268066,117.57526397705078,95.54168701171875,41.64710235595703,20.025835037231445,72.18515014648438,164.36581420898438,610.136962890625,647.5782470703125,388.4173278808594,1457.9478759765625,97.65130615234375,74.04898071289062,153.6072540283203,33.679046630859375,6926.6298828125
2021-12-20,8.601555824279785,115.15912628173828,93.63343048095703,41.83246612548828,19.631315231323242,71.46013641357422,164.1653289794922,603.1492309570312,646.4664916992188,386.4895935058594,1475.6346435546875,95.91511535644531,74.0574951171875,152.66159057617188,33.451473236083984,6870.10009765625
2021-12-21,8.802567481994629,115.29762268066406,97.98206329345703,43.641597747802734,20.04950714111328,73.09349822998047,165.67811584472656,604.4760131835938,649.894287109375,390.1570129394531,1468.9422607421875,97.94066619873047,74.72222900390625,154.2191619873047,34.249881744384766,6964.990234375
2021-12-22,8.858964920043945,115.68235778808594,101.90867614746094,44.00490951538086,20.14813804626465,74.45187377929688,169.0682373046875,608.4564208984375,662.7718505859375,394.01251220703125,1482.32666015625,100.8536148071289,74.87562561035156,155.70257568359375,34.48900604248047,7051.669921875
2021-12-23,8.994901657104492,116.574951171875,102.60594177246094,44.486846923828125,20.42430305480957,75.26856231689453,169.70616149902344,609.1640014648438,668.88623046875,397.44482421875,1465.5960693359375,103.24571228027344,75.13128662109375,158.3356170654297,34.80527114868164,7106.14990234375
2021-12-24,9.031054496765137,115.79008483886719,102.45914459228516,44.30148696899414,20.432191848754883,74.83522033691406,168.50320434570312,607.6603393554688,664.6246948242188,397.1627197265625,1463.2060546875,102.91775512695312,74.87562561035156,158.07603454589844,34.53915023803711,7086.580078125
2021-12-27,9.041177749633789,117.2674789428711,103.06465911865234,44.76860046386719,20.609725952148438,76.06857299804688,169.5238800048828,618.2744140625,672.8699340820312,393.21319580078125,1470.376220703125,102.89846801757812,75.48069763183594,159.94883728027344,34.67799377441406,7140.39013671875
2021-12-28,9.07443904876709,118.09849548339844,104.05548858642578,45.09483337402344,20.7596435546875,76.16858673095703,171.10960388183594,619.6896362304688,677.038818359375,395.9872741699219,1477.0684814453125,103.09137725830078,75.74488067626953,160.56072998046875,34.9094123840332,7181.10986328125
2021-12-29,9.087453842163086,117.52909851074219,102.86282348632812,45.013275146484375,20.716245651245117,76.41858673095703,170.59922790527344,622.2548217773438,674.352294921875,393.8714904785156,1478.024658203125,102.20398712158203,75.67671203613281,160.43092346191406,34.523719787597656,7161.52001953125
2021-12-30,9.113483428955078,118.25239562988281,103.37659454345703,44.98361587524414,20.739917755126953,76.65193176269531,171.00022888183594,626.05810546875,676.2977294921875,394.7648010253906,1469.8983154296875,103.28429412841797,75.95793151855469,160.24551391601562,34.63556671142578,7173.22998046875
2021-12-31,9.07443904876709,117.97538757324219,103.0830078125,45.05776596069336,20.661014556884766,77.42696380615234,170.63571166992188,625.2620849609375,673.5183715820312,392.0848083496094,1468.4639892578125,103.84373474121094,75.48921966552734,159.89321899414062,34.42729568481445,7153.02978515625
2022-01-03,9.210373878479004,118.88336944580078,106.55091094970703,45.3765869140625,20.909561157226562,77.23527526855469,170.58103942871094,626.2349853515625,677.2241821289062,400.5950622558594,1474.6785888671875,106.17794799804688,76.12838745117188,162.37791442871094,35.225929260253906,7217.22021484375
2022-01-04,9.428739547729492,121.17638397216797,109.06468200683594,46.89655685424805,21.308025360107422,78.94365692138672,173.60659790039062,636.406982421875,689.2678833007812,405.6730041503906,1490.452880859375,106.89171600341797,75.0545883178711,164.5659637451172,35.52344512939453,7317.41015625
2022-01-05,9.522737503051758,123.146240234375,110.45919036865234,46.95587158203125,21.343534469604492,78.7186508178711,174.9553680419922,655.2470703125,702.2379150390625,402.66387939453125,1509.0955810546875,107.74052429199219,75.22502899169922,164.86264038085938,35.95017623901367,7376.3701171875
2022-01-06,9.63264274597168,120.80703735351562,108.84449768066406,47.5935173034668,21.552629470825195,78.5519790649414,166.53475952148438,635.1685791015625,673.6110229492188,388.3703308105469,1438.349365234375,107.77909851074219,75.11424255371094,159.50379943847656,35.96583938598633,7249.66015625
2022-01-07,9.729534149169922,120.37614440917969,107.98211669921875,47.8233642578125,21.674930572509766,78.37696838378906,161.44956970214844,634.549560546875,663.142333984375,385.1260681152344,1383.3773193359375,108.18421936035156,75.50626373291016,157.05618286132812,36.376888275146484,7219.47998046875
2022-01-10,9.781594276428223,120.09912872314453,108.18392944335938,47.452640533447266,21.623641967773438,78.63532257080078,158.8978729248047,613.9403076171875,651.0060424804688,371.11468505859375,1313.587158203125,108.64720916748047,75.71932220458984,148.99012756347656,36.596126556396484,7115.77001953125
2022-01-11,9.762794494628906,120.60697937011719,108.64266204833984,47.71955871582031,21.970821380615234,79.16866302490234,159.7727508544922,628.2694702148438,657.7691650390625,372.7132873535156,1315.4991455078125,106.9495849609375,76.69937133789062,152.0496826171875,37.26948165893555,7183.3798828125
2022-01-12,9.972482681274414,121.73041534423828,108.88119506835938,48.43876647949219,22.029996871948242,79.33531951904297,159.26242065429688,632.5150756835938,656.5647583007812,376.1925964355469,1312.1531982421875,105.98503875732422,76.66527557373047,156.1846923828125,38.41262435913086,7237.18994140625
2022-01-13,10.049127578735352,120.4838638305664,107.6151351928711,49.64732360839844,22.262765884399414,81.22705078125,157.95013427734375,609.6713256835938,639.2404174804688,365.613525390625,1270.565673828125,108.37712860107422,75.77896881103516,155.44297790527344,38.21296691894531,7201.14013671875
2022-01-14,9.962359428405762,119.06803894042969,107.65182495117188,49.15797424316406,22.321943283081055,82.0604019165039,155.48956298828125,591.5385131835938,625.7144165039062,356.7740783691406,1241.4066162109375,108.80154418945312,77.22772979736328,151.10398864746094,38.7845344543457,7143.0
2022-01-17,9.926206588745117,119.49893951416016,107.1197280883789,48.97261047363281,22.51920509338379,81.61038208007812,158.56982421875,605.5825805664062,635.9052734375,362.2752380371094,1285.8623046875,108.57003784179688,78.5742416381836,151.43775939941406,38.894142150878906,7201.64013671875
2022-01-18,9.88282299041748,118.17545318603516,106.3123779296875,48.94295120239258,22.566545486450195,81.785400390625,156.85653686523438,593.4940185546875,623.4909057617188,353.5768737792969,1277.736083984375,108.08776092529297,78.45492553710938,148.22988891601562,39.47747039794922,7133.830078125
2022-01-19,9.790270805358887,119.88368225097656,105.61512756347656,48.49066925048828,22.09706687927246,81.82706451416016,159.0801544189453,605.1381225585938,646.3739013671875,354.7523193359375,1308.3289794921875,108.20350646972656,78.17369079589844,147.8961181640625,40.13516616821289,7172.97998046875
2022-01-20,9.754117012023926,121.2225570678711,106.16558074951172,47.53419876098633,21.958984375,82.39374542236328,160.97569274902344,606.1158447265625,652.1178588867188,358.0906066894531,1310.2410888671875,108.705078125,79.18783569335938,149.73182678222656,39.681034088134766,7194.16015625
2022-01-21,9.605167388916016,119.42198944091797,104.0371322631836,46.29597854614258,21.71043586730957,81.91873168945312,158.20529174804688,594.4718017578125,645.9107055664062,353.106689453125,1304.026611328125,107.20037841796875,77.50045013427734,146.4683380126953,38.8510856628418,7068.58984375
2022-01-24,9.300034523010254,115.97476196289062,98.47747802734375,44.56099319458008,21.118656158447266,79.4020004272461,152.3910675048828,576.7833862304688,614.041259765625,344.5023498535156,1250.96728515625,100.332763671875,75.43807983398438,139.0142059326172,37.516117095947266,6787.7900390625
2022-01-25,9.453324317932129,117.03663635253906,99.39491271972656,46.01422882080078,21.418493270874023,79.63533782958984,151.71669006347656,573.1390380859375,617.9323120117188,347.79364013671875,1245.7088623046875,102.12682342529297,76.91242980957031,139.2366943359375,38.44785690307617,6837.9599609375
2022-01-26,9.635536193847656,117.25208282470703,104.78943634033203,47.41556930541992,21.958984375,80.98538208007812,153.46641540527344,583.5387573242188,633.3110961914062,349.9094543457031,1256.225341796875,105.36772155761719,78.3526611328125,140.6273956298828,39.98638916015625,6981.9599609375
2022-01-27,9.690488815307617,118.12928009033203,104.9729232788086,47.8233642578125,22.20358657836914,81.31038665771484,153.08367919921875,580.4277954101562,642.946044921875,350.8027648925781,1235.67041015625,104.19096374511719,80.86669921875,140.33071899414062,40.510990142822266,7023.7998046875
2022-01-28,9.589259147644043,116.34410095214844,102.18391418457031,46.54806900024414,22.037887573242188,80.6020278930664,151.2792510986328,575.8056030273438,663.6982421875,346.1479797363281,1238.53857421875,100.25560760498047,80.32980346679688,136.8076171875,40.119503021240234,6965.8798828125
2022-01-31,9.602273941040039,116.48261260986328,102.86282348632812,46.7111930847168,22.057615280151367,80.5520248413086,152.0265350341797,583.3609619140625,669.442138671875,354.376220703125,1260.5272216796875,102.8405990600586,79.04295349121094,138.47647094726562,39.32086944580078,6999.2001953125
2022-02-01,9.772917747497559,117.00584411621094,105.90870666503906,47.61575698852539,22.29432487487793,81.31871795654297,157.7313995361328,597.0494995117188,678.3358764648438,355.2695007324219,1284.42822265625,107.0460433959961,78.05438995361328,141.48037719726562,40.16648483276367,7099.490234375
2022-02-02,9.80617904663086,118.5140151977539,103.94540405273438,47.05967330932617,22.495532989501953,81.65205383300781,160.7023162841797,603.5380859375,675.6492309570312,356.962158203125,1290.6424560546875,105.96575164794922,78.64240264892578,142.9266815185547,39.3443603515625,7115.27001953125
2022-02-03,9.93632984161377,116.1902084350586,102.42245483398438,47.18572235107422,22.29432487487793,81.31038665771484,156.6560516357422,586.1165771484375,659.3439331054688,350.2856140136719,1248.576904296875,103.61223602294922,77.79871368408203,138.36520385742188,38.92155456542969,7005.6298828125
2022-02-04,9.817748069763184,113.31239318847656,101.21144104003906,47.67507553100586,21.674930572509766,81.82706451416016,156.6742706298828,579.7166748046875,654.1559448242188,345.8188171386719,1252.4012451171875,102.39691162109375,76.9465103149414,135.97320556640625,39.90810012817383,6951.3798828125
2022-02-07,9.88282299041748,112.72759246826172,103.61511993408203,48.705684661865234,22.05367088317871,82.41874694824219,158.35108947753906,577.2278442382812,663.4202880859375,349.2041931152344,1223.7200927734375,103.72798919677734,79.34122467041016,136.52947998046875,40.111671447753906,7009.25
2022-02-08,10.046236038208008,112.20436096191406,106.0921859741211,48.9355354309082,22.54681968688965,84.46880340576172,158.6244659423828,571.9835205078125,654.1559448242188,346.9002990722656,1213.681640625,104.88543701171875,79.861083984375,136.52947998046875,40.15864944458008,7028.41015625
2022-02-09,10.09395694732666,112.2351303100586,107.79862976074219,49.46196365356445,22.68490219116211,85.83551025390625,162.59786987304688,573.3167114257812,663.8834838867188,349.2511901855469,1235.67041015625,108.66649627685547,79.65655517578125,139.27378845214844,41.027748107910156,7130.8798828125
2022-02-10,10.234230995178223,113.88179779052734,108.53257751464844,49.35074234008789,22.574438095092773,85.63549041748047,159.6451873779297,558.917236328125,654.2485961914062,342.29248046875,1191.2149658203125,111.0007095336914,79.13670349121094,140.42343139648438,40.659759521484375,7101.5498046875
2022-02-11,10.163371086120605,110.55767059326172,108.71604919433594,48.11994171142578,22.424518585205078,85.18547058105469,153.81272888183594,550.91748046875,634.608154296875,342.2454833984375,1149.1497802734375,110.94284057617188,79.96334838867188,135.7877655029297,40.91030502319336,7011.60009765625
2022-02-14,9.804732322692871,109.35730743408203,106.69769287109375,45.784385681152344,21.757781982421875,83.3687744140625,149.87582397460938,547.717529296875,620.711669921875,332.0425109863281,1134.3314208984375,108.24209594726562,78.5742416381836,131.76400756835938,40.03337860107422,6852.2001953125
2022-02-15,9.878483772277832,111.20403289794922,108.62431335449219,47.104156494140625,22.187807083129883,84.65213775634766,154.6875762939453,561.3170776367188,642.946044921875,337.9197692871094,1195.9952392578125,110.92354583740234,79.96334838867188,136.10299682617188,39.93159103393555,6979.97021484375
2022-02-16,9.71651840209961,114.18959045410156,108.1472396850586,46.52582931518555,22.093122482299805,85.46881103515625,152.95606994628906,562.294921875,637.0167846679688,333.97027587890625,1186.9129638671875,111.88809967041016,79.67359924316406,135.1202392578125,40.26043701171875,6964.97998046875
2022-02-17,9.503937721252441,115.66697692871094,106.71604919433594,45.98457336425781,21.45400047302246,85.15213775634766,151.49798583984375,590.1163330078125,633.7743530273438,335.3338317871094,1199.8194580078125,110.30622863769531,79.79290771484375,135.73214721679688,39.65755081176758,6946.81982421875
2022-02-18,9.440308570861816,115.99014282226562,105.50504302978516,45.91042709350586,21.24095916748047,84.1521224975586,152.17234802246094,592.5162353515625,635.8125,339.236328125,1150.1058349609375,109.4188461303711,79.28157043457031,134.28582763671875,39.665374755859375,6929.6298828125
2022-02-21,9.279788970947266,112.8660888671875,102.88117218017578,45.27278137207031,20.964794158935547,82.80208587646484,149.5113067626953,579.3611450195312,622.7498168945312,325.7891540527344,1149.626708984375,107.0653305053711,78.53163146972656,129.31637573242188,39.10163497924805,6788.33984375
2022-02-22,9.252312660217285,112.71219635009766,104.66100311279297,44.98361587524414,20.751754760742188,81.51872253417969,147.85267639160156,571.6279296875,619.9703979492188,327.9519348144531,1157.2908935546875,109.16805267333984,78.4378890991211,129.55746459960938,39.05856704711914,6787.60009765625
2022-02-23,9.166991233825684,114.08185577392578,104.53256225585938,44.1531982421875,20.609725952148438,80.67703247070312,148.19898986816406,574.6500854492188,616.8204956054688,323.0150451660156,1168.787109375,108.35783386230469,79.37531280517578,128.57467651367188,38.7845344543457,6780.669921875
2022-02-24,8.575525283813477,111.25019836425781,99.9270248413086,40.846336364746094,19.355154037475586,77.51861572265625,143.76995849609375,551.2730102539062,589.1201171875,320.3349914550781,1152.500732421875,104.26813507080078,76.87832641601562,125.08866882324219,37.2851448059082,6521.0498046875
2022-02-25,8.723030090332031,113.88179779052734,106.34907531738281,42.0771484375,19.544523239135742,79.8353500366211,145.6290740966797,567.6280517578125,617.561767578125,332.84185791015625,1178.367431640625,110.47985076904297,79.99744415283203,130.02101135253906,37.7940673828125,6752.43017578125
2022-02-28,8.29063892364502,114.42042541503906,105.41329193115234,38.93341064453125,19.153949737548828,78.7686538696289,142.8221893310547,566.2947998046875,611.3546142578125,333.8292236328125,1189.8636474609375,110.6341781616211,79.65655517578125,129.5945281982422,35.69571304321289,6658.830078125
2022-03-01,7.6471123695373535,113.85102081298828,95.57838439941406,36.28273391723633,18.32940101623535,76.23524475097656,136.4247283935547,543.7176513671875,579.7631225585938,324.1905212402344,1147.7105712890625,100.02409362792969,78.37823486328125,123.27149200439453,34.724822998046875,6396.490234375
2022-03-02,7.762802600860596,114.51277160644531,100.62428283691406,37.046424865722656,18.404361724853516,77.56028747558594,137.06263732910156,550.6508178710938,591.0657348632812,327.71685791015625,1185.552490234375,104.42247009277344,77.91802978515625,127.55484771728516,37.56309509277344,6498.02001953125
2022-03-03,7.78015661239624,113.51245880126953,96.34902954101562,37.6358757019043,18.534549713134766,76.43526458740234,134.69322204589844,537.1400756835938,571.9810791015625,325.6480407714844,1158.2489013671875,100.08197784423828,76.81015014648438,126.14559936523438,36.15374755859375,6378.3701171875
2022-03-04,7.2060441970825195,110.2191162109375,89.08294677734375,34.992610931396484,17.560087203979492,71.86014556884766,130.04547119140625,496.5190734863281,535.2943115234375,316.33843994140625,1111.7847900390625,93.56160736083984,74.83301544189453,120.17486572265625,34.84226989746094,6061.66015625
2022-03-07,7.036124229431152,108.63400268554688,86.22972106933594,33.58757019042969,17.532468795776367,68.37671661376953,128.9336700439453,481.763916015625,526.0299072265625,321.46343994140625,1095.9775390625,91.93150329589844,75.63410186767578,121.12053680419922,35.14762878417969,5982.27001953125
2022-03-08,7.104092597961426,105.89468383789062,86.35816192626953,34.673789978027344,17.804689407348633,70.38510131835938,130.5193634033203,475.7195739746094,509.6320495605469,308.72149658203125,1035.1429443359375,92.0665512084961,78.21630859375,124.27278137207031,35.80923843383789,5962.9599609375
2022-03-09,7.7483415603637695,112.32746887207031,94.62425231933594,38.12522888183594,19.205236434936523,75.6102294921875,141.91087341308594,516.2518310546875,558.2699584960938,334.7695617675781,1121.364990234375,100.77645111083984,80.3553695678711,134.67520141601562,36.19289779663086,6387.830078125
2022-03-10,7.171336650848389,109.23419189453125,91.55084228515625,36.586727142333984,18.648962020874023,73.21017456054688,134.76611328125,490.4747314453125,544.6513671875,318.5953369140625,1077.2960205078125,97.67060089111328,79.35828399658203,129.279296875,35.781829833984375,6207.2001953125
2022-03-11,7.204597473144531,110.6192398071289,95.00957489013672,36.35316467285156,19.015865325927734,73.71851348876953,138.64834594726562,495.1856689453125,551.1364135742188,318.0310974121094,1077.7747802734375,100.44850158691406,79.78439331054688,131.11502075195312,35.69571304321289,6260.25
2022-03-14,7.274012565612793,113.7740707397461,95.92700958251953,37.82123947143555,19.627370834350586,76.2269287109375,144.42611694335938,501.8521728515625,554.6569213867188,324.6606750488281,1101.24658203125,101.60596466064453,79.221923828125,135.26856994628906,35.82098388671875,6369.93994140625
2022-03-15,7.340534210205078,113.9125747680664,94.60590362548828,38.02884292602539,19.77728843688965,76.10191345214844,142.0566864013672,495.27459716796875,546.5968627929688,323.4852294921875,1066.7576904296875,99.52253723144531,80.0911865234375,135.71360778808594,35.82490158081055,6355.0
2022-03-16,7.835109710693359,116.1902084350586,98.00041961669922,40.29766845703125,20.167863845825195,77.61862182617188,148.308349609375,522.6515502929688,582.6351928710938,338.4840393066406,1147.231689453125,104.21026611328125,80.16788482666016,142.33331298828125,35.65656280517578,6588.64013671875
2022-03-17,7.813417911529541,117.35980224609375,98.3857421875,39.33378982543945,20.203371047973633,77.84363555908203,150.1674346923828,527.5403442382812,583.468994140625,339.33038330078125,1153.9378662109375,103.05279541015625,80.98600769042969,141.77703857421875,36.02455139160156,6612.52001953125
2022-03-18,7.877047538757324,117.37520599365234,97.37655639648438,39.55622100830078,20.10079574584961,77.16027069091797,150.6230926513672,537.3179321289062,592.3627319335938,341.0700378417969,1166.87109375,102.76343536376953,79.5031509399414,140.03404235839844,35.62915802001953,6620.240234375
2022-03-21,7.872708320617676,116.39026641845703,96.62425994873047,39.08169937133789,20.152084350585938,76.91860961914062,151.06053161621094,529.4959106445312,586.6188354492188,333.97027587890625,1160.1649169921875,99.8890609741211,79.51167297363281,139.71881103515625,35.8405647277832,6582.330078125
2022-03-22,7.991291046142578,115.99014282226562,99.32152557373047,39.741580963134766,20.518985748291016,77.91863250732422,153.9220733642578,530.3846435546875,596.53173828125,341.6812744140625,1169.7452392578125,101.22015380859375,80.1423110961914,141.72142028808594,36.52773666381836,6659.41015625
2022-03-23,7.848124027252197,118.66790771484375,98.3857421875,38.72580337524414,20.290164947509766,76.6019287109375,152.99253845214844,516.2518310546875,578.37353515625,335.9450378417969,1155.374755859375,100.62212371826172,79.78439331054688,139.7373504638672,36.80975341796875,6581.43017578125
2022-03-24,7.717972755432129,121.14562225341797,98.53253173828125,37.88796615600586,20.25465965270996,76.27692413330078,152.51864624023438,513.052001953125,578.7440795898438,329.03338623046875,1153.458984375,100.8536148071289,79.41793060302734,139.8115234375,37.087806701660156,6555.77001953125
2022-03-25,7.719418525695801,121.42262268066406,98.66097259521484,37.0723762512207,20.290164947509766,76.4519271850586,149.34725952148438,517.5851440429688,579.9485473632812,328.51617431640625,1172.619384765625,100.75715637207031,79.35828399658203,135.25003051757812,37.81470489501953,6553.68017578125
2022-03-28,7.764247894287109,122.05358123779297,98.8077621459961,37.86572265625,20.4124698638916,76.7519302368164,149.29257202148438,519.3628540039062,588.9348754882812,332.4656982421875,1186.510498046875,99.94693756103516,80.19344329833984,137.58641052246094,37.09178161621094,6589.10986328125
2022-03-29,8.19664192199707,122.33059692382812,104.18392181396484,40.29025650024414,21.154165267944336,79.46034240722656,156.47378540039062,533.2290649414062,622.3793334960938,347.22943115234375,1252.1351318359375,106.21653747558594,78.40380096435547,143.48297119140625,36.392677307128906,6792.16015625
2022-03-30,8.052027702331543,122.65376281738281,102.16556549072266,39.35603713989258,20.9332332611084,78.11029815673828,155.7264862060547,521.2294921875,611.9105224609375,344.784423828125,1248.3031005859375,104.21026611328125,79.75029754638672,141.55453491210938,37.31024932861328,6741.58984375
2022-03-31,7.8712615966796875,122.284423828125,101.2481460571289,38.50336456298828,20.96084976196289,77.49360656738281,151.55264282226562,511.7186279296875,601.6270751953125,342.15142822265625,1237.28564453125,103.45791625976562,78.83842468261719,141.0724334716797,36.56745147705078,6659.8701171875
2022-04-01,7.895845890045166,122.65376281738281,101.85364532470703,38.32542037963867,21.122600555419922,78.05197143554688,151.00584411621094,511.363037109375,601.8123168945312,345.7718505859375,1217.1673583984375,103.18783569335938,80.2275390625,143.1306610107422,37.1434211730957,6684.31005859375
2022-04-04,7.8553547859191895,124.03882598876953,101.00959777832031,38.06591033935547,20.704410552978516,76.79360961914062,155.19793701171875,520.6072387695312,615.0604248046875,348.92205810546875,1246.386962890625,102.8405990600586,81.27576446533203,144.8922119140625,37.05603790283203,6731.3701171875
2022-04-05,7.460562229156494,124.454345703125,96.55086517333984,36.330928802490234,20.325672149658203,73.65185546875,154.7422637939453,519.6294555664062,612.2811279296875,352.16632080078125,1261.236328125,99.52253723144531,82.6478271484375,140.88699340820312,36.78195571899414,6645.509765625
2022-04-06,7.278350830078125,123.23857879638672,95.22977447509766,35.06675338745117,20.28622055053711,71.92680358886719,148.8186798095703,495.1856689453125,589.398193359375,344.54937744140625,1235.8487548828125,97.51626586914062,83.84092712402344,133.63682556152344,36.26557540893555,6498.830078125
2022-04-07,7.148922443389893,123.30012512207031,93.5600357055664,34.52179718017578,20.108686447143555,72.53516387939453,148.45416259765625,487.4526672363281,578.0955200195312,345.3016662597656,1223.39453125,97.14973449707031,85.14482116699219,133.37722778320312,35.67770004272461,6461.68017578125
2022-04-08,7.147476673126221,124.82368469238281,94.86279296875,35.47455596923828,20.329618453979492,73.47684478759766,150.1400909423828,490.0302734375,585.2291259765625,345.91290283203125,1239.680908203125,98.09500122070312,89.02239990234375,134.897705078125,36.27351760864258,6548.22021484375
2022-04-11,7.236413478851318,126.1933364868164,95.8169174194336,36.1418571472168,20.909561157226562,75.2935562133789,148.7731170654297,475.80853271484375,574.2973022460938,342.7156677246094,1199.9228515625,98.38436126708984,90.52230072021484,132.57989501953125,37.04014205932617,6555.81005859375
2022-04-12,7.170614719390869,124.73135375976562,96.01876068115234,36.11590576171875,21.126548767089844,75.76025390625,147.04161071777344,472.69757080078125,584.488037109375,340.0826416015625,1209.9820556640625,97.94066619873047,87.96564483642578,131.52296447753906,36.881256103515625,6537.41015625
2022-04-13,7.2017059326171875,124.82368469238281,95.74351501464844,36.27531814575195,21.03580665588379,75.2435531616211,147.58839416503906,467.8087463378906,587.4525146484375,337.77874755859375,1197.5277099609375,98.40365600585938,88.35767364501953,131.50442504882812,37.32614517211914,6542.14013671875
2022-04-14,7.219059944152832,125.346923828125,97.35821533203125,36.70535659790039,21.3040828704834,74.97687530517578,152.4184112548828,474.4752502441406,592.9185791015625,339.89459228515625,1229.6217041015625,100.19772338867188,87.89746856689453,131.0223388671875,37.09178161621094,6589.35009765625
2022-04-19,7.266781806945801,123.8079833984375,96.98596954345703,36.883304595947266,20.980575561523438,74.36854553222656,150.5957489013672,471.0086364746094,587.4525146484375,330.020751953125,1185.073486328125,99.15601348876953,87.38613891601562,130.48458862304688,37.61212921142578,6534.7900390625
2022-04-20,7.480808258056641,124.48511505126953,98.47491455078125,37.984352111816406,21.42638397216797,76.52693176269531,154.60557556152344,481.6750793457031,595.0493774414062,332.5597229003906,1195.1328125,101.41305541992188,87.23274993896484,132.7838592529297,37.36586380004883,6624.91015625
2022-04-21,7.605174541473389,125.16226196289062,100.98750305175781,38.85184860229492,21.375093460083008,78.87699127197266,156.47378540039062,491.6302490234375,605.3328247070312,339.4244079589844,1201.8388671875,105.57992553710938,87.9826889038086,136.60365295410156,37.45722198486328,6715.10009765625
2022-04-22,7.586374282836914,123.26934814453125,97.39543914794922,38.355079650878906,21.012136459350586,77.41862487792969,152.3728485107422,470.3864440917969,592.5479736328125,331.948486328125,1180.762451171875,103.16854095458984,86.41461944580078,131.949462890625,36.44034194946289,6581.419921875
2022-04-25,7.542991638183594,122.60760498046875,95.85065460205078,37.70260238647461,20.337509155273438,78.41864013671875,149.365478515625,449.9425964355469,570.3134765625,321.5104675292969,1134.5714111328125,100.371337890625,85.98851013183594,128.88992309570312,34.97861099243164,6449.3798828125
2022-04-26,7.438870906829834,123.9926528930664,94.95729064941406,37.39860916137695,20.459808349609375,79.22972106933594,146.1758575439453,451.0092468261719,569.0952758789062,318.0310974121094,1121.579833984375,101.4709243774414,86.32939910888672,126.59062194824219,35.55457305908203,6414.56982421875
2022-04-27,7.365118503570557,124.88524627685547,95.03173828125,36.883304595947266,20.282272338867188,78.6747817993164,145.76576232910156,450.8314514160156,577.8103637695312,325.8053894042969,1141.3074951171875,100.73787689208984,88.06790924072266,125.77474975585938,35.852474212646484,6445.259765625
2022-04-28,7.378133296966553,125.91633605957031,96.16705322265625,36.671993255615234,20.27043914794922,79.36632537841797,147.72509765625,449.67596435546875,578.37255859375,331.2903137207031,1143.7132568359375,101.72171020507812,87.26683044433594,127.87005615234375,37.16327667236328,6508.14013671875
2022-04-29,7.502500534057617,127.22442626953125,98.21434783935547,36.8536491394043,20.088958740234375,79.26387023925781,149.2743377685547,456.0757141113281,580.5278930664062,332.8165588378906,1141.7886962890625,99.52253723144531,86.22712707519531,127.66609191894531,37.51680374145508,6533.77001953125
2022-05-02,7.386809349060059,125.43925476074219,96.76263427734375,36.186344146728516,19.87197494506836,77.7527084350586,147.1327362060547,448.1649169921875,568.4393920898438,324.4222412109375,1109.551025390625,96.0694351196289,86.09077453613281,123.25294494628906,37.32216262817383,6425.60986328125
2022-05-03,7.580591201782227,126.13177490234375,99.14494323730469,38.05108642578125,20.11263084411621,79.16996002197266,146.54039001464844,443.2827453613281,562.72314453125,318.1264953613281,1086.45556640625,96.91825103759766,86.60210418701172,121.45430755615234,38.76802062988281,6476.18017578125
2022-05-04,7.519853591918945,125.83939361572266,95.45980834960938,37.82123947143555,19.85224723815918,77.96614837646484,144.90000915527344,434.73895263671875,555.9760131835938,314.5970153808594,1061.435302734375,95.18204498291016,84.98289489746094,120.08216094970703,38.787872314453125,6395.68017578125
2022-05-05,7.21833610534668,126.14717864990234,101.45280456542969,37.59138488769531,19.46956443786621,77.7441635131836,144.53546142578125,425.7430419921875,537.8901977539062,314.02471923828125,1035.4527587890625,93.6677017211914,85.23856353759766,119.9338150024414,39.336036682128906,6368.39990234375
2022-05-06,7.205321788787842,123.74642944335938,100.03829956054688,37.50982666015625,19.183433532714844,77.17213439941406,141.30027770996094,413.9897155761719,526.5514526367188,301.4331970214844,1002.7338256835938,92.03760528564453,86.03950500488281,117.74578857421875,40.1979866027832,6258.35986328125
2022-05-09,7.158321857452393,120.69932556152344,96.52068328857422,36.96115493774414,18.71636390686035,76.27568817138672,138.38406372070312,400.02130126953125,508.465576171875,290.367919921875,976.7512817382812,89.0089111328125,85.51644134521484,113.01741027832031,38.23972702026367,6086.02001953125
2022-05-10,7.194475173950195,121.29950714111328,97.33959197998047,37.7545051574707,18.90992546081543,75.86588287353516,131.32131958007812,400.42816162109375,514.9315185546875,294.7558898925781,978.1947631835938,89.37543487548828,86.69554901123047,114.92729949951172,38.24767303466797,6116.91015625
2022-05-11,7.34487247467041,121.85352325439453,100.01969909667969,38.66648864746094,19.322288513183594,77.71001434326172,133.78187561035156,415.52667236328125,536.9530639648438,308.92132568359375,1014.28173828125,92.4620132446289,86.81967163085938,118.30206298828125,39.99938201904297,6269.72998046875
2022-05-12,7.275458335876465,121.28411865234375,97.15348815917969,38.11781692504883,19.065614700317383,77.16360473632812,132.1870880126953,405.94317626953125,529.8312377929688,307.8243408203125,995.0353393554688,90.44609069824219,86.40298461914062,118.67291259765625,39.22084426879883,6206.259765625
2022-05-13,7.437424659729004,124.96219635009766,98.9774398803711,38.83702087402344,19.36016082763672,79.01628875732422,136.33358764648438,415.978759765625,544.7310180664062,317.1249084472656,1029.6785888671875,93.10826873779297,88.4686508178711,120.0450668334961,40.579315185546875,6362.68017578125
2022-05-16,7.414286136627197,125.16588592529297,98.4935302734375,38.785118103027344,19.389616012573242,79.02481842041016,136.06019592285156,416.56640625,538.8273315429688,312.6892395019531,1024.8673095703125,93.06004333496094,88.65482330322266,118.32061004638672,41.079803466796875,6347.77001953125
2022-05-17,7.616744518280029,127.70430755615234,100.76416778564453,39.66743850708008,19.8482666015625,79.34071350097656,137.4271697998047,425.245849609375,552.9773559570312,313.1184997558594,1049.40625,95.12417602539062,88.58390045166016,122.30509948730469,41.57234573364258,6430.18994140625
2022-05-18,7.566129207611084,126.73279571533203,100.44776916503906,39.54881286621094,19.709409713745117,78.8967514038086,133.55406188964844,418.87188720703125,542.1071166992188,301.4331970214844,1028.7164306640625,94.43934631347656,89.47044372558594,119.74364471435547,41.45317840576172,6352.93994140625
2022-05-19,7.499607563018799,125.04054260253906,99.01465606689453,39.437591552734375,19.393821716308594,77.48804473876953,132.73387145996094,410.5541076660156,532.7362060546875,294.4220275878906,1015.2438354492188,92.48130798339844,88.70801544189453,118.4344482421875,40.936805725097656,6272.7099609375
2022-05-20,7.515515327453613,125.44794464111328,99.49856567382812,39.823143005371094,19.456941604614258,77.6587905883789,133.599609375,407.1636962890625,521.5848999023438,293.6111755371094,995.516357421875,92.60669708251953,90.69388580322266,119.1744384765625,41.079803466796875,6285.240234375
2022-05-23,7.797510147094727,127.43794250488281,99.74051666259766,41.47846221923828,19.7136173248291,76.71965026855469,135.74124145507812,411.3678283691406,525.6143188476562,299.14385986328125,1000.328125,92.7224349975586,91.93504333496094,120.99591827392578,42.334999084472656,6358.740234375
2022-05-24,7.75412654876709,126.01202392578125,95.60870361328125,41.128299713134766,19.663122177124023,75.82318878173828,133.32623291015625,404.04449462890625,517.0868530273438,294.088134765625,991.6672973632812,88.82565307617188,91.86412811279297,117.69446563720703,41.66767883300781,6253.14013671875
2022-05-25,7.852462291717529,126.18440246582031,97.48849487304688,41.279502868652344,19.89034652709961,76.45497131347656,134.1464080810547,408.7458801269531,516.3370971679688,293.2773132324219,982.0440673828125,91.3624267578125,91.95278930664062,116.6888656616211,42.85932159423828,6298.64013671875
2022-05-26,8.067935943603516,126.99919128417969,101.49002838134766,41.94004440307617,20.163854598999023,78.62354278564453,135.2855682373047,422.84991455078125,535.2664184570312,297.5699157714844,1006.1018676757812,95.0855941772461,91.84639739990234,118.75700378417969,43.788795471191406,6410.580078125
2022-05-27,8.137349128723145,129.78831481933594,104.09567260742188,42.61649703979492,20.42473793029785,79.16996002197266,139.15869140625,442.1073913574219,556.06982421875,309.8275146484375,1050.8497314453125,96.01156616210938,90.76480865478516,121.2425765991211,43.59812927246094,6515.75
2022-05-30,8.253779411315918,129.31822204589844,104.72846984863281,43.21336364746094,20.298503875732422,78.29058074951172,141.07273864746094,456.84429931640625,570.3134765625,316.40948486328125,1092.2294921875,96.36845397949219,89.02717590332031,124.82862854003906,43.83646011352539,6562.39013671875
2022-05-31,8.22507095336914,127.57894134521484,101.22946166992188,42.266334533691406,19.7851505279541,76.56597137451172,139.07994079589844,460.8223571777344,559.6306762695312,313.4046630859375,1068.17138671875,93.30513000488281,88.10515594482422,122.41893768310547,44.16217803955078,6468.7998046875
2022-06-01,8.081525802612305,125.13455200195312,100.74555969238281,42.05146026611328,19.7767333984375,76.25006866455078,137.4578857421875,460.9127197265625,560.1929931640625,307.10894775390625,1057.5859375,93.67350769042969,88.16722106933594,121.014892578125,42.99436950683594,6418.89013671875
2022-06-02,8.067172050476074,127.04618835449219,101.39696502685547,41.94004440307617,19.759902954101562,76.67694091796875,140.88735961914062,470.5866394042969,569.8450317382812,316.6956481933594,1080.2003173828125,95.07915496826172,88.06083679199219,124.08863830566406,43.03409194946289,6500.43994140625
2022-06-03,7.982641220092773,126.76415252685547,101.13639831542969,41.82862854003906,19.780942916870117,76.95870971679688,141.2581329345703,471.0387878417969,570.7821044921875,312.78460693359375,1076.8323974609375,93.24697875976562,88.70801544189453,123.31071472167969,43.28036880493164,6485.2998046875
2022-06-06,8.100666046142578,127.77168273925781,103.61177062988281,42.4016227722168,20.10915184020996,78.05152893066406,140.70199584960938,475.64959716796875,575.1863403320312,317.7449645996094,1084.5308837890625,95.50567626953125,88.79666900634766,124.27837371826172,44.08273696899414,6548.77978515625
2022-06-07,7.987425804138184,126.82368469238281,102.60673522949219,41.7410888671875,19.932422637939453,77.43680572509766,139.6824188232422,474.6551208496094,570.126220703125,312.2599792480469,1069.61474609375,94.71076202392578,88.64595031738281,123.12097930908203,44.25751876831055,6500.35009765625
2022-06-08,7.961907386779785,124.27273559570312,100.8013916015625,41.44662857055664,19.637876510620117,77.45388793945312,138.15304565429688,472.84698486328125,563.84765625,311.83074951171875,1057.104736328125,95.07915496826172,87.86579132080078,121.16667938232422,44.901004791259766,6448.6298828125
2022-06-09,7.822350025177002,122.27334594726562,98.08406829833984,40.73834228515625,19.70099449157715,77.5221939086914,135.09429931640625,465.6141052246094,550.6345825195312,307.490478515625,1033.5279541015625,92.16123962402344,87.11223602294922,120.48362731933594,44.25751876831055,6358.4599609375
2022-06-10,7.359819412231445,119.89474487304688,94.9200668334961,38.677154541015625,19.00249671936035,75.28531646728516,131.6184539794922,461.4552307128906,536.859375,300.2408142089844,1009.4700927734375,88.86526489257812,85.87992858886719,117.1632080078125,43.29625701904297,6187.22998046875
2022-06-13,7.031263828277588,119.17083740234375,90.75102233886719,37.14120864868164,18.611167907714844,73.4240951538086,126.65959167480469,448.074462890625,515.4000244140625,294.088134765625,968.0904541015625,85.63714599609375,84.99337768554688,113.50126647949219,42.382659912109375,6022.31982421875
2022-06-14,7.044022560119629,116.32687377929688,89.67154693603516,37.670433044433594,18.84259796142578,71.45189666748047,124.66679382324219,444.18682861328125,509.7774353027344,287.7447204589844,943.8402099609375,85.98613739013672,83.46852111816406,110.97775268554688,42.96259689331055,5949.83984375
2022-06-15,7.218668460845947,117.92984008789062,89.75529479980469,38.42647171020508,19.402238845825195,73.06551361083984,125.9180908203125,455.6689453125,517.0868530273438,293.32501220703125,952.6934814453125,88.89434051513672,83.29120635986328,113.86176300048828,42.52565383911133,6030.1298828125
2022-06-16,7.099844932556152,113.48290252685547,86.54476928710938,37.81766128540039,19.015119552612305,72.36541748046875,124.34236907958984,442.2429504394531,505.4668884277344,290.4156188964844,933.6395263671875,86.99430847167969,82.91885375976562,111.35721588134766,41.28635787963867,5886.240234375
2022-06-17,7.167629718780518,111.51798248291016,87.5870361328125,37.99274444580078,18.926755905151367,72.57886505126953,129.06951904296875,435.64300537109375,510.4334411621094,293.4681091308594,937.1038818359375,88.35147857666016,83.48624420166016,109.83931732177734,39.1970100402832,5882.64990234375
2022-06-20,7.3422746658325195,109.72541809082031,90.2485122680664,38.47422409057617,19.116106033325195,72.63009643554688,130.32080078125,437.948486328125,508.37188720703125,294.2789306640625,948.6516723632812,93.3826904296875,84.76287841796875,108.16962432861328,39.91994094848633,5920.08984375
2022-06-21,7.4937944412231445,113.06922912597656,89.4109878540039,39.27800369262695,19.048782348632812,72.11783599853516,130.598876953125,446.89910888671875,518.6798706054688,301.0516357421875,964.7222900390625,92.38420867919922,83.71675109863281,108.64397430419922,40.65249252319336,5964.66015625
2022-06-22,7.370983600616455,112.190185546875,86.5075454711914,39.027320861816406,18.86784553527832,73.09113311767578,129.4402618408203,441.1128234863281,516.9930419921875,302.33941650390625,975.7890625,91.06581115722656,84.70082092285156,107.01222229003906,39.4812126159668,5916.6298828125
2022-06-23,7.078314304351807,111.79376220703125,84.60913848876953,37.19691467285156,18.480728149414062,72.74108123779297,131.2013702392578,443.0114440917969,530.3934936523438,308.44439697265625,995.9976196289062,89.57292938232422,84.88699340820312,106.25326538085938,38.716468811035156,5883.330078125
2022-06-24,7.319946765899658,116.25792694091797,86.0794677734375,38.14793395996094,18.905717849731445,74.91818237304688,135.83583068847656,454.3127746582031,550.4472045898438,321.3220520019531,1027.27294921875,92.09337615966797,89.15128326416016,110.75006103515625,39.89176559448242,6073.35009765625
2022-06-27,7.256148338317871,115.25822448730469,86.74019622802734,38.04447555541992,18.54384422302246,73.5692367553711,132.82342529296875,449.02374267578125,543.7002563476562,319.1280822753906,1022.4613647460938,90.02854919433594,88.29133605957031,111.22441101074219,40.2499885559082,6047.31005859375
2022-06-28,7.291236877441406,115.46505737304688,88.35010528564453,38.12803649902344,18.75844383239746,74.84989166259766,133.75030517578125,455.3072814941406,552.040283203125,315.69403076171875,1027.7542724609375,93.51840209960938,88.09629821777344,111.56593322753906,40.77323532104492,6086.02001953125
2022-06-29,7.176401615142822,113.63803100585938,85.8095932006836,37.467498779296875,18.514389038085938,73.86804962158203,132.4063262939453,452.59503173828125,551.946533203125,315.50323486328125,1035.4527587890625,90.58110809326172,89.43498229980469,109.61163330078125,41.022789001464844,6031.47998046875
2022-06-30,6.962681293487549,110.41486358642578,86.0329360961914,36.102657318115234,18.228256225585938,72.53617095947266,132.4526824951172,443.1019287109375,545.1058959960938,314.1200866699219,1026.791748046875,91.32754516601562,85.41004943847656,107.10709381103516,40.5478401184082,5922.85986328125
2022-07-01,6.961883544921875,109.39793395996094,88.62928771972656,36.05889129638672,18.282960891723633,73.29603576660156,133.33322143554688,440.525146484375,543.5127563476562,314.2154846191406,1025.348388671875,92.19031524658203,86.45618438720703,105.5512466430664,40.3707389831543,5931.06005859375
2022-07-04,6.981022357940674,110.31143951416016,86.91700744628906,36.035011291503906,18.333454132080078,73.7656021118164,129.5792999267578,443.37310791015625,548.4793090820312,316.40948486328125,1024.8673095703125,91.9964370727539,87.18315124511719,106.25326538085938,42.20614242553711,5954.64990234375
2022-07-05,6.722643852233887,105.5197982788086,83.2132568359375,34.94074630737305,17.15105628967285,70.77741241455078,129.30123901367188,433.65399169921875,536.0159912109375,316.1709899902344,1020.0556640625,88.99129486083984,86.10157012939453,106.42403411865234,39.497314453125,5794.9599609375
2022-07-06,6.705099582672119,108.98426818847656,86.2283706665039,34.566715240478516,17.407733917236328,72.28004455566406,132.77706909179688,442.5142517089844,560.0054931640625,331.7196044921875,1071.5394287109375,92.41328430175781,86.79307556152344,110.29469299316406,38.35018539428711,5912.3798828125
2022-07-07,6.825516700744629,110.0873794555664,88.108154296875,35.45405578613281,17.862178802490234,73.73998260498047,132.31362915039062,456.7538757324219,569.3763427734375,328.04705810546875,1044.5947265625,95.6995620727539,88.00763702392578,110.21879577636719,39.74687194824219,6006.7001953125
2022-07-08,6.970655918121338,110.70787811279297,89.3737564086914,36.17825698852539,18.18197250366211,75.28531646728516,133.14784240722656,452.9566345214844,568.7205200195312,315.21710205078125,1029.6785888671875,96.37814331054688,88.06083679199219,111.22441101074219,39.662330627441406,6033.1298828125
2022-07-11,6.820732593536377,110.5355224609375,89.99725341796875,34.9964599609375,18.043113708496094,73.69729614257812,134.9552764892578,448.57171630859375,566.2841186523438,314.31085205078125,1034.490234375,95.37965393066406,88.77894592285156,109.91522216796875,39.38059997558594,5996.2998046875
2022-07-12,6.82870626449585,110.15632629394531,93.4869613647461,34.86912536621094,18.303998947143555,74.81574249267578,135.7431182861328,456.4826354980469,572.2814331054688,323.2298889160156,1065.7655029296875,98.22000885009766,88.70801544189453,110.10494232177734,38.853309631347656,6044.2001953125
2022-07-13,6.701111793518066,108.48442077636719,94.25004577636719,34.005653381347656,17.954748153686523,73.98759460449219,136.2992706298828,452.05255126953125,568.0645141601562,320.51123046875,1060.472900390625,97.92919921875,87.96331024169922,108.87166595458984,38.9177131652832,6000.240234375
2022-07-14,6.501744747161865,107.24341583251953,92.70527648925781,32.71243667602539,17.46243667602539,72.7667007446289,135.32603454589844,449.11419677734375,568.251953125,319.3665466308594,1054.2176513671875,97.63837432861328,87.29840850830078,107.33477783203125,37.10244369506836,5915.41015625
2022-07-15,6.573517322540283,109.46687316894531,96.52068328857422,33.08647155761719,17.63075065612793,74.93527221679688,140.09951782226562,449.2497863769531,570.126220703125,324.70843505859375,1080.681640625,100.75985717773438,88.8321304321289,111.52799224853516,38.265663146972656,6036.0
2022-07-18,6.736998081207275,109.44963836669922,97.09764099121094,33.7828254699707,17.76960563659668,74.98649597167969,138.52381896972656,461.81683349609375,575.655029296875,326.4254455566406,1096.5596923828125,101.08944702148438,88.52184295654297,112.53359985351562,39.15922164916992,6091.91015625
2022-07-19,6.896491050720215,111.22496032714844,98.4935302734375,34.936771392822266,18.00945281982422,76.84770202636719,142.23135375976562,477.6387023925781,588.5868530273438,331.1949768066406,1129.2784423828125,101.03128814697266,89.54137420654297,114.9242935180664,39.52548599243164,6201.22021484375
2022-07-20,6.945934295654297,110.82852935791016,97.39543914794922,35.434165954589844,17.836931228637695,75.91709899902344,142.32403564453125,476.282470703125,586.3378295898438,328.23785400390625,1131.203125,100.50780487060547,87.62642669677734,116.21451568603516,39.60599136352539,6184.66015625
2022-07-21,6.868579387664795,110.94918060302734,97.30237579345703,35.438140869140625,17.883216857910156,75.98539733886719,143.66802978515625,479.3564758300781,593.459716796875,331.0041809082031,1150.9306640625,99.88738250732422,86.63349151611328,118.9657211303711,38.54741668701172,6201.10986328125
2022-07-22,6.788832664489746,111.46627044677734,98.25157928466797,34.86912536621094,17.84955406188965,76.47205352783203,143.57534790039062,480.3509826660156,594.7715454101562,337.2999267578125,1159.591552734375,100.33331298828125,86.31433868408203,119.136474609375,39.074684143066406,6216.81982421875
2022-07-25,6.911643028259277,111.10430908203125,98.4935302734375,35.593326568603516,18.03049087524414,76.88186645507812,142.69480895996094,481.88800048828125,597.3018798828125,337.4430236816406,1163.4407958984375,99.46084594726562,86.92605590820312,117.97908020019531,39.52548599243164,6237.5498046875
2022-07-26,6.860605239868164,111.27667999267578,97.71183776855469,35.26703643798828,18.017868041992188,76.77086639404297,139.6824188232422,474.5647277832031,585.8692016601562,338.5876770019531,1147.081298828125,100.27515411376953,88.30020141601562,117.82728576660156,39.60599136352539,6211.4501953125
2022-07-27,6.916428565979004,111.27667999267578,98.79132080078125,35.30683135986328,18.341869354248047,76.71111297607422,141.53619384765625,477.36749267578125,595.9898681640625,339.350830078125,1158.1480712890625,100.75985717773438,87.55551147460938,120.00927734375,40.044715881347656,6257.93994140625
2022-07-28,6.9882001876831055,114.82732391357422,95.88787841796875,35.57343673706055,18.480728149414062,77.30020141601562,144.08514404296875,502.7727966308594,621.1976318359375,338.3492126464844,1194.2349853515625,102.19456481933594,87.41365051269531,127.8075180053711,38.712440490722656,6339.2099609375
2022-07-29,7.160452842712402,115.5857162475586,97.60016632080078,36.60800552368164,18.893095016479492,79.72489929199219,141.30447387695312,503.4960632324219,632.5364379882812,351.13153076171875,1283.7301025390625,103.70684051513672,86.18135833740234,127.63673400878906,40.05678176879883,6448.5
2022-08-01,7.10622501373291,114.22405242919922,95.36675262451172,36.4965934753418,18.79631233215332,78.33326721191406,145.892578125,499.8796691894531,644.9996948242188,352.228515625,1296.721435546875,103.64867401123047,83.77880859375,126.42241668701172,39.40474319458008,6436.85986328125
2022-08-02,7.1349334716796875,113.72421264648438,95.60870361328125,36.92633819580078,18.661663055419922,78.05152893066406,144.13148498535156,491.38104248046875,636.2847900390625,347.02972412109375,1279.8809814453125,103.86194610595703,85.95084381103516,124.9234848022461,38.83319091796875,6409.7998046875
2022-08-03,7.271300315856934,114.27576446533203,96.87430572509766,37.610748291015625,19.71782684326172,78.93089294433594,146.81947326660156,500.3316650390625,642.4696044921875,344.7403869628906,1291.9100341796875,104.46297454833984,85.78241729736328,126.82086181640625,39.15922164916992,6472.06005859375
2022-08-04,7.609426021575928,115.18927764892578,96.63235473632812,38.462284088134766,19.473770141601562,79.48584747314453,148.6732635498047,503.0440368652344,649.4039916992188,349.4621887207031,1330.8839111328125,104.03643035888672,85.40119171142578,127.67469024658203,39.155189514160156,6513.39013671875
2022-08-05,7.7601470947265625,114.91349792480469,97.5071029663086,38.8681526184082,19.759902954101562,78.46134185791016,148.4415283203125,491.47149658203125,639.283447265625,341.6401672363281,1297.20263671875,102.81497955322266,86.44731903076172,125.3598861694336,39.356441497802734,6472.35009765625
2022-08-08,7.8805646896362305,115.94767761230469,98.69825744628906,38.60155487060547,20.0712833404541,79.14434814453125,150.0635986328125,497.9809875488281,645.7493896484375,344.3587646484375,1305.3824462890625,104.05581665039062,85.86219024658203,125.58757781982422,40.10508346557617,6524.43994140625
2022-08-09,7.8678059577941895,115.37887573242188,99.0518798828125,38.60155487060547,20.104942321777344,79.57122802734375,148.20980834960938,493.5509338378906,636.7533569335938,342.7371520996094,1288.0606689453125,104.6762466430664,84.64762878417969,124.29736328125,40.93423843383789,6490.0
2022-08-10,7.945160388946533,116.55094146728516,100.05691528320312,39.1825065612793,20.327959060668945,79.8188247680664,149.5074462890625,500.8742370605469,646.5927734375,344.3587646484375,1318.3736572265625,106.4599380493164,77.72367858886719,127.33316802978516,40.68468475341797,6523.43994140625
2022-08-11,8.00656509399414,116.29239654541016,100.35470581054688,39.43716812133789,20.416322708129883,80.56161499023438,151.22219848632812,506.0275573730469,649.9662475585938,343.6910705566406,1327.5157470703125,106.5374984741211,75.13495635986328,127.16238403320312,41.859989166259766,6544.669921875
2022-08-12,8.033679008483887,117.0335464477539,100.89445495605469,40.133514404296875,20.546764373779297,80.26278686523438,150.99049377441406,507.20294189453125,650.8096313476562,343.35723876953125,1326.0721435546875,106.38239288330078,75.76441192626953,128.20594787597656,41.80363845825195,6553.85986328125
2022-08-15,7.998589992523193,118.37797546386719,101.24807739257812,39.85498046875,20.58463478088379,80.6640625,153.0759735107422,507.47412109375,655.4951171875,346.5527648925781,1335.6953125,108.5538558959961,75.46298217773438,128.81312561035156,40.8215446472168,6569.9501953125
2022-08-16,8.008159637451172,117.3955078125,102.86730194091797,39.89476776123047,20.689828872680664,81.28730773925781,150.61972045898438,510.0056457519531,654.932861328125,346.02813720703125,1337.138671875,109.01918029785156,76.76620483398438,129.4392547607422,41.457489013671875,6592.580078125
2022-08-17,7.893324851989746,116.77500915527344,100.63388061523438,39.37350082397461,20.57621955871582,80.39938354492188,150.43434143066406,509.463134765625,656.3385620117188,347.69744873046875,1340.98828125,108.20487976074219,72.4043960571289,128.50953674316406,41.489688873291016,6528.31982421875
2022-08-18,7.8040080070495605,117.56787109375,101.1177978515625,39.01935577392578,20.51310157775879,80.51891326904297,150.6660614013672,508.73992919921875,662.4295654296875,347.02972412109375,1354.46044921875,108.16609954833984,72.44872283935547,129.7997589111328,42.50398635864258,6557.39990234375
2022-08-19,7.6413254737854,117.6368179321289,98.86576843261719,37.929080963134766,20.416322708129883,80.07495880126953,149.87820434570312,504.58099365234375,654.37060546875,345.455810546875,1343.8751220703125,106.556884765625,72.3955307006836,127.59878540039062,42.41543960571289,6495.830078125
2022-08-22,7.437173366546631,113.79315185546875,96.0739974975586,36.99000549316406,20.012372970581055,78.77722930908203,145.05838012695312,488.6687927246094,639.6582641601562,345.21734619140625,1326.0721435546875,104.54052734375,73.5657730102539,121.98255920410156,42.69718933105469,6378.740234375
2022-08-23,7.46189546585083,112.89688110351562,95.73897552490234,37.10540008544922,20.029203414916992,79.0931167602539,143.71438598632812,487.0413818359375,637.0343627929688,337.7768859863281,1312.118408203125,103.74562072753906,72.25367736816406,121.48922729492188,44.081790924072266,6362.02001953125
2022-08-24,7.426008701324463,113.98274993896484,96.14844512939453,37.13325119018555,19.915592193603516,79.33216857910156,146.2169952392578,491.47149658203125,643.593994140625,344.02490234375,1341.469482421875,104.1139907836914,72.1207046508789,122.77944946289062,43.1801872253418,6386.759765625
2022-08-25,7.405275344848633,113.84486389160156,96.68818664550781,37.11335372924805,19.877723693847656,79.46024322509766,145.66085815429688,491.38104248046875,644.4374389648438,342.9756164550781,1335.6953125,103.82316589355469,71.32280731201172,120.7872085571289,43.5021858215332,6381.56005859375
2022-08-26,7.2689080238342285,111.72481536865234,94.84561920166016,36.48862838745117,19.71782684326172,78.50402069091797,140.79469299316406,478.1811218261719,626.913818359375,336.4891052246094,1286.135986328125,101.59353637695312,72.59943389892578,118.30162811279297,43.43778991699219,6274.259765625
2022-08-29,7.268111228942871,110.5182876586914,93.41252136230469,36.41700744628906,19.60421371459961,78.35887145996094,139.45069885253906,467.5126647949219,621.1976318359375,330.861083984375,1270.7388916015625,100.23638153076172,72.17389678955078,115.96784973144531,43.7919921875,6222.27978515625
2022-08-30,7.352642059326172,109.96672821044922,93.6358642578125,36.91838073730469,19.814605712890625,78.54669952392578,139.9604949951172,466.06610107421875,620.1668701171875,326.8070068359375,1263.521728515625,100.00371551513672,73.2288818359375,116.30937957763672,42.20614242553711,6210.22021484375
2022-08-31,7.328718185424805,107.89838409423828,91.09534454345703,36.993980407714844,19.797773361206055,78.7601547241211,138.3384246826172,454.7648620605469,606.7664184570312,327.4270324707031,1234.1710205078125,98.78226470947266,72.85653686523438,112.68537902832031,40.80543899536133,6125.10009765625
2022-09-01,7.195540428161621,106.48501586914062,88.3780288696289,36.59209060668945,19.684162139892578,78.29911041259766,136.53099060058594,445.00048828125,592.9911499023438,322.6098327636719,1202.895751953125,96.42662048339844,71.95225524902344,111.86951446533203,40.419036865234375,6034.31005859375
2022-09-02,7.416439533233643,107.6570816040039,92.09107208251953,37.785831451416016,20.100736618041992,80.05786895751953,139.07994079589844,448.5265197753906,604.0487670898438,328.90557861328125,1223.1043701171875,99.22818756103516,72.20049285888672,114.69660949707031,41.50579071044922,6167.509765625
2022-09-05,7.218668460845947,103.96854400634766,90.1368408203125,36.974082946777344,19.835641860961914,79.35778045654297,137.55056762695312,446.85394287109375,595.052734375,325.9007873535156,1207.7073974609375,97.6771469116211,71.5976333618164,112.32489013671875,42.80988311767578,6093.22021484375
2022-09-06,7.271300315856934,104.84758758544922,90.35086822509766,37.053672790527344,20.008163452148438,79.63098907470703,137.9213409423828,451.6004333496094,597.9577026367188,327.8086242675781,1223.58544921875,98.04552459716797,71.41146087646484,112.49565887451172,41.62654495239258,6104.60986328125
2022-09-07,7.247376918792725,106.26095581054688,89.3086166381836,37.01785659790039,19.961877822875977,79.83589935302734,138.66282653808594,462.6305847167969,601.0501098632812,326.2346496582031,1226.9537353515625,99.49962615966797,71.46465301513672,114.29816436767578,40.084964752197266,6105.919921875
2022-09-08,7.346261978149414,105.5197982788086,89.59709167480469,37.753997802734375,20.517311096191406,79.79319763183594,139.35800170898438,465.9757385253906,603.0181274414062,325.85308837890625,1235.614501953125,99.48023986816406,71.42032623291016,115.3606948852539,39.60599136352539,6125.89990234375
2022-09-09,7.516123294830322,105.86451721191406,89.33653259277344,38.740821838378906,20.94230079650879,80.51038360595703,141.90696716308594,472.1236572265625,611.264404296875,329.3825378417969,1259.6724853515625,100.62413787841797,71.98770904541016,119.59184265136719,40.117164611816406,6212.330078125
2022-09-12,7.7505784034729,108.72572326660156,92.77041625976562,40.236976623535156,21.47669219970703,82.24352264404297,145.61451721191406,479.26605224609375,617.44921875,336.1552429199219,1267.852294921875,102.67926788330078,73.07817077636719,122.9502182006836,40.73298263549805,6333.58984375
2022-09-13,7.734628677368164,107.48472595214844,90.73241424560547,40.02210235595703,21.396743774414062,81.41537475585938,141.86061096191406,472.93731689453125,609.9525756835938,332.1488342285156,1249.568115234375,100.83740234375,72.23595428466797,120.08517456054688,40.26609420776367,6245.68994140625
2022-09-14,7.719476699829102,106.82975006103516,88.85263061523438,39.99026870727539,21.177936553955078,80.91163635253906,141.72157287597656,469.3208923339844,613.0449829101562,328.90557861328125,1246.68115234375,99.82923126220703,71.53558349609375,119.38313293457031,41.26428985595703,6222.41015625
2022-09-15,7.69635009765625,105.39913940429688,88.3128890991211,40.07780838012695,21.354663848876953,80.98848724365234,138.1993865966797,455.84979248046875,601.0501098632812,326.9500732421875,1198.5653076171875,98.56900024414062,72.34233856201172,118.28266143798828,40.27413558959961,6157.83984375
2022-09-16,7.4802374839782715,104.96824645996094,85.37223052978516,39.254127502441406,21.2073917388916,78.29058074951172,134.39913940429688,446.7635192871094,599.2696533203125,323.420654296875,1180.281005859375,95.51537322998047,72.57283020019531,114.71558380126953,40.06886672973633,6077.2998046875
2022-09-19,7.506552696228027,104.52010345458984,86.9542236328125,39.27800369262695,21.08115577697754,78.45279693603516,134.3064422607422,445.8594055175781,600.6753540039062,317.69720458984375,1195.197265625,96.08732604980469,71.22528839111328,112.41975402832031,39.686485290527344,6061.58984375
2022-09-20,7.394111156463623,102.17597961425781,85.58625793457031,38.54982376098633,20.98858642578125,77.1806869506836,133.3795623779297,447.89361572265625,594.1156616210938,318.651123046875,1197.602783203125,93.5668716430664,70.7199478149414,110.10494232177734,39.34033966064453,5979.47021484375
2022-09-21,7.327920436859131,105.01994323730469,86.88909149169922,38.17180633544922,20.975961685180664,76.58303833007812,134.26010131835938,453.4086608886719,603.11181640625,321.75128173828125,1222.6231689453125,94.37147521972656,70.11709594726562,112.15412139892578,39.94865036010742,6031.330078125
2022-09-22,7.304794788360596,101.98638153076172,85.93057250976562,38.37474060058594,20.736114501953125,74.83281707763672,128.6524200439453,447.9840393066406,585.5881958007812,313.0708312988281,1162.478271484375,92.77195739746094,69.90432739257812,109.34599304199219,39.94049072265625,5918.5
2022-09-23,7.144502639770508,101.79679107666016,85.59557342529297,37.32822799682617,20.222763061523438,71.93855285644531,128.5133819580078,431.4389343261719,565.2532958984375,310.78143310546875,1127.3538818359375,89.71834564208984,69.86886596679688,108.5301284790039,37.97673034667969,5783.41015625
2022-09-26,7.06236457824707,100.7281494140625,85.1302719116211,36.77513122558594,19.789358139038086,71.3152847290039,129.6719970703125,427.6868896484375,568.6267700195312,313.64312744140625,1129.759521484375,90.04793548583984,68.654296875,108.3214111328125,38.397247314453125,5769.39013671875
2022-09-27,6.939553737640381,100.50407409667969,83.56688690185547,35.899723052978516,19.608421325683594,72.06660461425781,130.36715698242188,414.44171142578125,566.1904296875,310.7337646484375,1139.864013671875,88.90403747558594,68.66315460205078,107.31580352783203,39.066802978515625,5753.81982421875
2022-09-28,6.727428436279297,102.05532836914062,83.09229278564453,34.49906921386719,19.250757217407227,71.91292572021484,132.2672882080078,418.3293762207031,574.6242065429688,310.161376953125,1166.808837890625,89.6795654296875,69.78021240234375,109.91522216796875,38.50748062133789,5765.009765625
2022-09-29,6.5344414710998535,99.7112045288086,81.97557830810547,33.850467681884766,18.804729461669922,70.52981567382812,130.6915740966797,411.4129943847656,569.7512817382812,308.44439697265625,1161.9971923828125,90.16427612304688,69.0089111328125,108.30244445800781,38.625885009765625,5676.8701171875
2022-09-30,6.670011043548584,101.31416320800781,82.72004699707031,34.702003479003906,18.914133071899414,71.0079345703125,130.08909606933594,414.5773620605469,572.0003662109375,315.0262756347656,1171.1392822265625,91.13367462158203,69.50537872314453,110.93980407714844,39.417903900146484,5762.33984375
2022-10-03,6.749757289886475,101.52101135253906,83.01783752441406,34.92085647583008,18.707948684692383,71.35797882080078,131.85018920898438,411.1869812011719,569.7512817382812,311.6399841308594,1181.7247314453125,91.30816650390625,70.7465591430664,110.63621520996094,40.63044738769531,5794.14990234375
2022-10-04,7.036047458648682,105.86451721191406,88.12676239013672,36.1901969909668,20.041826248168945,72.79232025146484,141.0264129638672,434.4224548339844,606.1104125976562,322.6098327636719,1253.8984375,96.11640167236328,70.93273162841797,117.61858367919922,41.89607620239258,6039.68994140625
2022-10-05,6.8486433029174805,104.96824645996094,86.87047576904297,35.10787582397461,19.743070602416992,71.46043395996094,143.0192108154297,420.0472106933594,597.2081298828125,320.12969970703125,1247.6434326171875,96.77560424804688,71.25188446044922,116.9355239868164,42.35333251953125,5985.4599609375
2022-10-06,6.791225433349609,103.50316619873047,86.67505645751953,34.72587585449219,19.490602493286133,69.63336181640625,141.1190948486328,412.27191162109375,595.1464233398438,318.8419189453125,1248.1246337890625,96.4072265625,70.32987213134766,116.30937957763672,41.863407135009766,5936.419921875
2022-10-07,6.750555038452148,101.34864044189453,85.92127227783203,34.709964752197266,19.456941604614258,69.3089370727539,138.47744750976562,406.3952331542969,579.3096313476562,313.0231018066406,1217.33056640625,96.54293823242188,71.06571197509766,112.62846374511719,42.949398040771484,5866.93994140625
2022-10-10,6.726631164550781,101.79679107666016,86.5540771484375,34.845252990722656,19.503225326538086,70.89695739746094,138.84820556640625,401.0157775878906,572.093994140625,309.77984619140625,1201.4522705078125,96.0970230102539,70.99478912353516,112.7423095703125,42.051212310791016,5840.5498046875
2022-10-11,6.644491672515869,101.34864044189453,87.41021728515625,34.033512115478516,19.36016082763672,71.733642578125,139.35800170898438,402.5527648925781,572.093994140625,312.403076171875,1213.4813232421875,95.79650115966797,72.52850341796875,112.53359985351562,41.185691833496094,5833.2001953125
2022-10-12,6.5870747566223145,100.9177474975586,86.77741241455078,33.69926452636719,19.05719757080078,70.86279296875,138.9872589111328,402.7336120605469,582.7769165039062,313.4523620605469,1235.614501953125,94.34239959716797,72.15615844726562,113.00794982910156,40.62636947631836,5818.47021484375
2022-10-13,6.724238395690918,101.72783660888672,90.17405700683594,34.5706901550293,19.57054901123047,71.64826202392578,139.54336547851562,400.6993713378906,578.6536254882812,305.58270263671875,1207.2261962890625,98.91798400878906,72.01432037353516,116.87860107421875,41.887901306152344,5879.18994140625
2022-10-14,6.807972431182861,102.24491882324219,89.88558197021484,35.06410598754883,19.961877822875977,72.00682830810547,143.99246215820312,405.0390319824219,585.8692016601562,311.3061218261719,1226.4725341796875,99.11186218261719,72.31574249267578,115.62632751464844,42.62278747558594,5931.919921875
2022-10-17,6.906061172485352,102.40005493164062,92.22135162353516,36.114593505859375,20.130189895629883,73.62899780273438,145.61451721191406,418.51025390625,597.5829467773438,313.35699462890625,1258.228759765625,102.33028411865234,72.8033447265625,118.3965072631836,43.267845153808594,6040.66015625
2022-10-18,7.031263828277588,103.38250732421875,93.28223419189453,36.74329376220703,20.168062210083008,74.07296752929688,146.77313232421875,420.86090087890625,596.08349609375,314.930908203125,1263.521728515625,103.57112121582031,72.43985748291016,120.71131134033203,42.55745315551758,6067.0
2022-10-19,7.0504021644592285,104.24432373046875,93.8778076171875,36.54036331176758,20.614091873168945,73.8936767578125,145.66085815429688,414.9842529296875,585.6818237304688,312.49847412109375,1255.8232421875,102.79560089111328,71.74834442138672,119.02263641357422,42.957557678222656,6040.72021484375
2022-10-20,7.098250389099121,105.67491912841797,94.32449340820312,36.922359466552734,20.441570281982422,73.60338592529297,147.32928466796875,424.5677490234375,594.1156616210938,314.02471923828125,1275.550537109375,104.21092987060547,71.64196014404297,119.28826904296875,43.243350982666016,6086.89990234375
2022-10-21,7.12217378616333,105.14059448242188,93.91502380371094,36.910423278808594,20.391075134277344,73.54363250732422,142.23135375976562,410.5541076660156,591.7728881835938,295.80517578125,1254.86083984375,104.83134460449219,72.31574249267578,118.98468780517578,43.251522064208984,6035.39013671875
2022-10-24,7.193946361541748,107.0538101196289,95.42259216308594,37.375980377197266,20.90022087097168,75.66951751708984,148.3488311767578,412.6335144042969,595.8961181640625,301.5285949707031,1243.313232421875,106.1303482055664,72.86539459228516,121.0528335571289,43.68427276611328,6131.35986328125
2022-10-25,7.252161026000977,114.18959045410156,96.83707427978516,37.670433044433594,21.013832092285156,77.00138854980469,152.93695068359375,427.0992431640625,616.6058959960938,306.8227233886719,1303.457763671875,106.96403503417969,72.95406341552734,124.56298828125,43.480140686035156,6250.5498046875
2022-10-26,7.250566005706787,114.46536254882812,98.54936981201172,37.58687210083008,20.896013259887695,78.57231903076172,153.91018676757812,431.4389343261719,621.291259765625,305.05804443359375,1315.48681640625,108.57324981689453,73.88492584228516,125.75833129882812,43.21067810058594,6276.31005859375
2022-10-27,7.29203462600708,113.50013732910156,98.75409698486328,37.72216033935547,21.02645492553711,78.79429626464844,150.61972045898438,425.92388916015625,614.16943359375,301.1947326660156,1293.353515625,107.66200256347656,74.01790618896484,121.47026062011719,44.484474182128906,6244.02978515625
2022-10-28,7.286452293395996,114.9824447631836,102.36478424072266,37.630645751953125,20.98858642578125,79.6395263671875,149.64649963378906,419.27874755859375,608.4530639648438,299.76385498046875,1270.2579345703125,110.22123718261719,76.42045593261719,123.53840637207031,44.574283599853516,6273.0498046875
2022-10-31,7.325527667999268,114.01722717285156,101.97393035888672,37.79776382446289,21.039079666137695,79.55415344238281,148.6269073486328,419.2334899902344,598.8011474609375,303.4363708496094,1261.115966796875,109.27122497558594,77.42225646972656,121.67896270751953,44.99071502685547,6266.77001953125
2022-11-01,7.418034553527832,113.62078857421875,104.7098617553711,38.072322845458984,21.333627700805664,80.45061492919922,149.5074462890625,430.7608337402344,609.8587646484375,302.8640441894531,1299.1273193359375,109.94979858398438,76.99671173095703,122.98815155029297,46.13385009765625,6328.25
2022-11-02,7.437173366546631,112.03506469726562,104.09567260742188,38.104164123535156,21.110610961914062,80.4847640991211,147.5609893798828,427.6868896484375,596.6458129882812,293.7543029785156,1291.9100341796875,107.93344116210938,77.42225646972656,122.76046752929688,45.913394927978516,6276.8798828125
2022-11-03,7.490603923797607,112.36255645751953,103.66761016845703,39.301876068115234,21.767030715942383,80.1005630493164,146.95851135253906,425.06500244140625,590.3673095703125,287.1246337890625,1259.191162109375,108.65079498291016,77.48431396484375,121.0528335571289,46.44414520263672,6243.27978515625
2022-11-04,7.677211284637451,114.55154418945312,106.0871353149414,40.29268264770508,21.80910873413086,81.96177673339844,149.9709014892578,455.12646484375,624.2899780273438,306.58428955078125,1305.863525390625,110.1242904663086,77.90985870361328,124.88553619384766,47.162681579589844,6416.43994140625
2022-11-07,7.758552074432373,115.2927017211914,106.06852722167969,40.340431213378906,22.29300880432129,80.2457046508789,153.12232971191406,456.57305908203125,614.731689453125,308.3013000488281,1297.20263671875,109.87224578857422,76.94351959228516,125.98602294921875,47.48929214477539,6416.60986328125
2022-11-08,7.7601470947265625,116.03385925292969,105.30543518066406,40.340431213378906,22.360332489013672,80.50183868408203,153.40040588378906,466.1565246582031,616.1372680664062,312.5461730957031,1315.48681640625,110.02735137939453,76.64208984375,128.07313537597656,46.656429290771484,6441.5
2022-11-09,7.737818241119385,115.96491241455078,105.43572998046875,39.998226165771484,22.301424026489258,80.6213607788086,153.63211059570312,463.08258056640625,616.6058959960938,312.6892395019531,1303.457763671875,110.51204681396484,76.98783874511719,127.65570831298828,46.30532455444336,6430.56982421875
2022-11-10,7.542438983917236,118.4469223022461,105.28682708740234,40.46775817871094,22.402414321899414,81.86786651611328,159.6569061279297,480.9839172363281,643.593994140625,322.9436950683594,1379.9620361328125,108.76712036132812,77.10310363769531,133.3668212890625,46.15018081665039,6556.830078125
2022-11-11,7.607831001281738,116.41305541992188,105.15653991699219,41.19196319580078,22.377164840698242,81.3726806640625,158.40560913085938,491.47149658203125,661.7735595703125,330.8133850097656,1412.6807861328125,107.40996551513672,73.07817077636719,134.6949920654297,46.56660842895508,6594.6201171875
2022-11-14,7.678008556365967,118.13665771484375,105.02626037597656,41.526214599609375,22.469738006591797,81.2275390625,157.80313110351562,489.8440856933594,656.6195678710938,330.5272216796875,1393.9156494140625,105.99462890625,74.54984283447266,133.89808654785156,46.476802825927734,6609.169921875
2022-11-15,7.690768241882324,118.20561981201172,106.44075012207031,41.75700378417969,22.41082763671875,82.1766586303711,158.4519500732422,494.7262878417969,659.8994750976562,326.9500732421875,1400.170654296875,108.28242492675781,75.02857208251953,133.74630737304688,47.179012298583984,6641.66015625
2022-11-16,7.601451396942139,117.82642364501953,106.32908630371094,41.45458984375,22.46552848815918,82.15941619873047,158.73001098632812,486.4085693359375,654.6516723632812,329.62103271484375,1388.1416015625,108.8252944946289,75.10836791992188,131.43150329589844,47.554622650146484,6607.22021484375
2022-11-17,7.625375747680664,116.25792694091797,105.21238708496094,41.78883743286133,22.41082763671875,81.6589584350586,156.9689178466797,488.57843017578125,652.9649047851562,330.57489013671875,1398.72705078125,108.90283966064453,74.91332244873047,131.29867553710938,46.89323043823242,6576.1201171875
2022-11-18,7.739413261413574,117.75746154785156,106.6827163696289,42.42549514770508,22.78952980041504,82.34923553466797,160.67648315429688,498.2523193359375,654.2769165039062,332.053466796875,1414.6053466796875,111.22941589355469,76.27861785888672,134.9796142578125,46.86874008178711,6644.4599609375
2022-11-21,7.740211009979248,117.7229995727539,106.254638671875,41.87637710571289,22.70958137512207,83.07401275634766,162.0668182373047,496.89605712890625,655.3076782226562,332.196533203125,1421.8226318359375,111.22941589355469,77.28927612304688,133.57554626464844,45.42348098754883,6634.4501953125
2022-11-22,7.7362236976623535,117.8091812133789,106.16159057617188,41.73312759399414,22.861064910888672,83.04813385009766,160.95455932617188,490.838623046875,653.9957275390625,328.85791015625,1408.350341796875,112.02432250976562,77.36906433105469,133.63247680664062,47.415802001953125,6657.52978515625
2022-11-23,7.735426425933838,120.36013793945312,105.8637924194336,41.97187423706055,22.831607818603516,83.0567626953125,162.3448944091797,493.73175048828125,657.7442016601562,332.8642883300781,1430.9647216796875,112.81922912597656,76.73075103759766,134.7898712158203,47.040199279785156,6679.08984375
2022-11-24,7.756160259246826,121.48047637939453,105.39849853515625,42.36183166503906,22.953636169433594,83.5226821899414,161.97412109375,495.1783447265625,658.0253295898438,335.10595703125,1430.9647216796875,112.87740325927734,77.12969207763672,135.45394897460938,47.211669921875,6707.31982421875
2022-11-25,7.765730381011963,121.94586181640625,105.91963195800781,42.4414176940918,22.94942855834961,83.76428985595703,162.39122009277344,493.00848388671875,656.151123046875,334.1043701171875,1422.784912109375,113.63353729248047,77.60843658447266,135.01756286621094,47.71791458129883,6712.47998046875
2022-11-28,7.678008556365967,121.46324157714844,99.90802001953125,42.019622802734375,22.80636215209961,83.5140609741211,162.9937286376953,492.91815185546875,654.7455444335938,336.4414367675781,1439.6256103515625,111.77228546142578,77.91871643066406,133.84117126464844,47.14635467529297,6665.2001953125
2022-11-29,7.660464286804199,119.58451080322266,101.60169982910156,42.63241195678711,23.020959854125977,83.34149169921875,162.66929626464844,499.6084289550781,657.8378295898438,331.48114013671875,1428.0777587890625,112.93556213378906,78.1846923828125,131.75405883789062,48.12617874145508,6668.97021484375
2022-11-30,7.663653373718262,119.119140625,101.62030792236328,42.520992279052734,22.739038467407227,83.36737823486328,164.3377227783203,512.9891967773438,690.9171752929688,338.4446105957031,1484.3734130859375,113.8274154663086,76.66869354248047,131.79200744628906,49.24483108520508,6738.5498046875
2022-12-01,7.577527046203613,120.23948669433594,102.49506378173828,41.884334564208984,23.037792205810547,84.78243255615234,164.9865264892578,512.7179565429688,680.2557373046875,341.878662109375,1474.7501220703125,112.9743423461914,77.52864074707031,133.87911987304688,48.39563751220703,6753.97021484375
2022-12-02,7.599059581756592,121.08404541015625,103.27676391601562,41.97983169555664,23.0504150390625,84.7738037109375,167.35009765625,506.0275573730469,674.8778686523438,344.1203308105469,1463.2022705078125,113.57537841796875,76.03923797607422,133.27195739746094,48.08536148071289,6742.25
2022-12-05,7.58231258392334,120.85997772216797,102.66256713867188,41.63762664794922,22.983089447021484,84.307861328125,163.92059326171875,493.8221740722656,674.1231079101562,340.3524169921875,1452.616943359375,113.03250122070312,76.18995666503906,132.3422393798828,47.979209899902344,6696.9599609375
2022-12-06,7.524895191192627,120.22225189208984,103.1464614868164,41.74904251098633,23.109323501586914,84.47180938720703,165.26458740234375,492.91815185546875,673.8400268554688,342.4033203125,1460.3154296875,112.54779815673828,75.70236206054688,131.1468963623047,47.945987701416016,6687.7900390625
2022-12-07,7.4555158615112305,119.03295135498047,100.8758316040039,41.38296890258789,22.945219039916992,84.42866516113281,165.17190551757812,472.4852600097656,672.5191040039062,340.0185852050781,1459.35302734375,112.3927001953125,80.3212661743164,130.48280334472656,46.965797424316406,6660.58984375
2022-12-08,7.448338508605957,118.92952728271484,102.49506378173828,41.38296890258789,22.739038467407227,84.5063247680664,165.35726928710938,472.4852600097656,678.3688354492188,338.6353759765625,1460.3154296875,113.20700073242188,78.90279388427734,129.09771728515625,47.19007110595703,6647.31005859375
2022-12-09,7.618198394775391,117.92984008789062,103.89094543457031,42.091251373291016,23.016752243041992,85.09305572509766,166.60858154296875,473.2989807128906,679.5952758789062,338.6353759765625,1470.90087890625,113.59475708007812,78.6634292602539,131.2797088623047,46.75812911987305,6677.64013671875
2022-12-12,7.630958557128906,117.37828063964844,104.31900787353516,41.924129486083984,22.743244171142578,84.02313232421875,168.36968994140625,468.23602294921875,675.7269287109375,333.5797424316406,1478.1181640625,113.51720428466797,78.47724914550781,130.122314453125,47.03224563598633,6650.5498046875
2022-12-13,7.733831405639648,119.10189056396484,105.60323333740234,42.68016052246094,23.063037872314453,84.08353424072266,170.26979064941406,473.75103759765625,685.6336669921875,337.9676513671875,1503.138427734375,114.48661041259766,78.84073638916016,133.80320739746094,48.08719253540039,6744.97998046875
2022-12-14,7.712299823760986,119.06741333007812,105.15653991699219,42.58466339111328,22.78952980041504,82.38373565673828,170.45518493652344,474.3839416503906,686.2941284179688,339.11236572265625,1518.5355224609375,114.54478454589844,79.80706787109375,132.3422393798828,47.746620178222656,6730.7900390625
2022-12-15,7.453123092651367,115.55123901367188,102.9975814819336,41.120338439941406,22.06157875061035,81.04635620117188,162.15951538085938,447.9840393066406,661.9520263671875,323.51605224609375,1442.5125732421875,112.37330627441406,78.84073638916016,125.96704864501953,46.87443161010742,6522.77001953125
2022-12-16,7.483426094055176,114.41365814208984,102.3461685180664,41.81270980834961,21.9058895111084,79.71757507324219,158.4519500732422,443.9607849121094,654.5927734375,320.2727355957031,1430.483642578125,112.2763671875,77.67935943603516,124.10762023925781,46.23481750488281,6452.6298828125
2022-12-19,7.535262584686279,114.7066650390625,103.23954010009766,41.54212951660156,22.099449157714844,80.12310028076172,159.19345092773438,439.25946044921875,648.4601440429688,319.6050109863281,1422.784912109375,113.01312255859375,78.69002532958984,125.18912506103516,47.05717468261719,6473.2900390625
2022-12-20,7.603046417236328,115.1375732421875,103.36980438232422,42.13104248046875,22.208850860595703,80.61492919921875,157.98849487304688,422.5334777832031,644.308837890625,314.7878112792969,1410.7562255859375,113.32333374023438,78.7343521118164,124.01274871826172,47.597103118896484,6450.43017578125
2022-12-21,7.756160259246826,116.77500915527344,105.43572998046875,42.990535736083984,22.46552848815918,81.26204681396484,159.8886260986328,435.19097900390625,652.4227905273438,324.4222412109375,1439.144287109375,115.88255310058594,80.75567626953125,127.04855346679688,49.00092697143555,6580.240234375
2022-12-22,7.774501800537109,115.17204284667969,104.07706451416016,42.82341003417969,22.36454200744629,80.899658203125,159.10076904296875,429.5403137207031,645.3466186523438,319.27117919921875,1409.3126220703125,114.27334594726562,80.93299102783203,124.1265869140625,49.00923538208008,6517.97021484375
2022-12-23,7.787261962890625,115.2237548828125,103.9840087890625,42.815452575683594,22.242515563964844,81.27068328857422,157.6177520751953,426.6923828125,635.7230224609375,317.88800048828125,1388.622802734375,113.963134765625,80.65815734863281,124.44913482666016,49.183677673339844,6504.89990234375
2022-12-27,7.839893817901611,115.4133529663086,104.98904418945312,42.97461700439453,22.305631637573242,81.0635986328125,159.10076904296875,432.6142578125,651.1962890625,321.2266540527344,1417.01123046875,115.70806121826172,80.15283203125,125.68243408203125,49.532554626464844,6550.66015625
2022-12-28,7.8343119621276855,114.93074798583984,103.8723373413086,42.624454498291016,22.175189971923828,80.66669464111328,157.3396759033203,430.6252136230469,647.7996826171875,319.9388732910156,1407.387939453125,114.37029266357422,79.73615264892578,125.05630493164062,49.31657791137695,6510.490234375
2022-12-29,7.863020896911621,116.0855712890625,104.24456024169922,42.90299606323242,22.217266082763672,81.32244873046875,159.3788299560547,436.32110595703125,657.1401977539062,323.0867919921875,1429.0400390625,114.4090576171875,80.65815734863281,126.65010833740234,49.324893951416016,6573.47021484375
2022-12-30,7.839893817901611,114.10340118408203,103.31398010253906,42.37774658203125,21.92692756652832,80.49412536621094,156.82989501953125,429.9019470214844,641.4783325195312,318.22186279296875,1390.54736328125,113.34271240234375,79.6474838256836,124.01274871826172,48.71849822998047,6473.759765625
2023-01-02,7.963502407073975,116.34410858154297,105.95685577392578,43.7147331237793,22.288801193237305,81.92643737792969,158.4519500732422,437.2252197265625,654.8757934570312,321.5605163574219,1417.492431640625,114.91314697265625,81.27873992919922,125.9291000366211,50.450042724609375,6594.56982421875
2023-01-03,8.063982963562012,116.05109405517578,106.58965301513672,44.57422637939453,22.436073303222656,81.83152770996094,157.66409301757812,442.19775390625,663.084228515625,322.80059814453125,1433.8515625,114.38967895507812,81.85499572753906,127.02957153320312,49.575862884521484,6623.89013671875
2023-01-04,8.276108741760254,119.17083740234375,107.37134552001953,46.40462875366211,22.76007652282715,83.76428985595703,160.630126953125,461.9976806640625,696.295166015625,339.7323913574219,1494.4775390625,115.35908508300781,81.80180358886719,132.62684631347656,48.415897369384766,6776.43017578125
2023-01-05,8.293652534484863,118.58480834960938,107.2038345336914,46.643375396728516,22.50760841369629,84.04901885986328,161.23260498046875,468.326416015625,687.2376098632812,337.7291564941406,1490.14697265625,115.16519927978516,80.0996322631836,132.45608520507812,48.701690673828125,6761.5
2023-01-06,8.3877534866333,121.75625610351562,108.4508285522461,47.041290283203125,23.012544631958008,84.97225952148438,163.22543334960938,477.00579833984375,706.4847412109375,342.0694580078125,1531.5267333984375,118.6550521850586,80.78227996826172,134.6190948486328,49.32369613647461,6860.9501953125
2023-01-09,8.394133567810059,122.84213256835938,109.34420013427734,46.96966552734375,23.063037872314453,86.06806182861328,162.9937286376953,476.01129150390625,716.6743774414062,348.9852294921875,1550.2919921875,118.40299987792969,80.17942810058594,137.3892822265625,49.02110290527344,6907.35986328125
2023-01-10,8.354260444641113,122.11821746826172,107.11077880859375,46.436458587646484,23.100910186767578,85.76606750488281,160.0276641845703,474.02227783203125,713.5609130859375,347.55438232421875,1545.9615478515625,118.1121826171875,79.85140228271484,136.87696838378906,49.09674835205078,6869.14013671875
2023-01-11,8.314386367797852,124.5312728881836,105.99407958984375,46.635414123535156,22.999919891357422,86.00765991210938,160.49111938476562,491.29071044921875,728.6567993164062,350.7499694824219,1559.43408203125,119.33363342285156,79.85140228271484,139.2487030029297,49.416168212890625,6924.18994140625
2023-01-12,8.39094352722168,123.635009765625,108.1716537475586,47.494911193847656,23.403871536254883,87.1811294555664,157.98849487304688,500.8742370605469,729.9776611328125,350.22528076171875,1554.6221923828125,121.40815734863281,80.05531311035156,139.51434326171875,49.97092819213867,6975.68017578125
2023-01-13,8.363829612731934,122.54911804199219,108.73001098632812,47.638160705566406,23.403871536254883,87.4744873046875,161.1399383544922,509.5536193847656,740.9220581054688,356.6641540527344,1588.78466796875,122.66838073730469,80.8354721069336,140.76661682128906,50.2062873840332,7023.5
2023-01-16,8.457930564880371,124.28997039794922,107.31550598144531,47.399410247802734,23.605846405029297,87.23289489746094,161.0472412109375,510.9206848144531,747.9038696289062,360.0505065917969,1567.6136474609375,122.823486328125,81.42945861816406,139.77996826171875,49.91209030151367,7043.31005859375
2023-01-17,8.430816650390625,124.68640899658203,108.24610137939453,47.34370422363281,23.614261627197266,88.76873779296875,163.82791137695312,505.9080505371094,752.3383178710938,369.1602783203125,1595.52099609375,124.06432342529297,81.47378540039062,140.55789184570312,50.09700393676758,7077.16015625
2023-01-18,8.454741477966309,124.37615966796875,110.31201171875,47.463077545166016,23.782573699951172,89.63157653808594,162.80833435058594,495.51837158203125,756.583984375,365.9170227050781,1599.3702392578125,125.34394073486328,80.96845245361328,140.72866821289062,50.09700393676758,7083.39013671875
2023-01-19,8.320767402648926,124.78982543945312,108.80445861816406,46.87416458129883,23.462779998779297,88.33732604980469,158.4519500732422,483.03240966796875,732.7137451171875,359.23968505859375,1553.6600341796875,123.32757568359375,80.89752197265625,135.6436767578125,49.03791427612305,6951.8701171875
2023-01-20,8.384564399719238,124.82429504394531,110.66563415527344,47.471038818359375,23.778366088867188,89.45901489257812,161.69606018066406,484.4906005859375,738.5632934570312,362.8645324707031,1566.6513671875,125.46026611328125,80.43653106689453,136.080078125,49.466590881347656,6995.990234375
2023-01-23,8.435602188110352,123.79012298583984,110.94480895996094,47.90874481201172,23.597431182861328,88.78600311279297,161.3716583251953,489.6855163574219,743.5638427734375,365.34466552734375,1581.086181640625,127.36029052734375,79.72727966308594,138.11029052734375,49.76079177856445,7032.02001953125
2023-01-24,8.496210098266602,124.68640899658203,112.39653015136719,48.3464469909668,23.790990829467773,90.20106506347656,158.4519500732422,491.05255126953125,749.88525390625,362.0060119628906,1588.3035888671875,127.26334381103516,79.23967742919922,138.5846405029297,49.33210372924805,7050.47998046875
2023-01-25,8.521728515625,125.94464874267578,111.80095672607422,48.537445068359375,24.00979995727539,89.45901489257812,158.73001098632812,486.8602600097656,747.5264892578125,363.6753234863281,1595.52099609375,126.31334686279297,79.70955657958984,138.41384887695312,49.07994079589844,7043.8798828125
2023-01-26,8.654107093811035,126.97881317138672,112.54542541503906,49.1263542175293,24.106578826904297,90.25282287597656,155.62493896484375,499.34613037109375,756.3009643554688,367.53863525390625,1632.570068359375,127.96133422851562,79.54110717773438,139.3056182861328,49.18080520629883,7095.990234375
2023-01-27,8.737044334411621,127.77168273925781,108.52528381347656,49.3651008605957,24.098161697387695,90.63246154785156,154.00286865234375,508.2777099609375,755.73486328125,361.0044250488281,1633.5323486328125,128.15521240234375,79.39039611816406,140.2922821044922,49.273258209228516,7097.2099609375
2023-01-30,8.72588062286377,127.40971374511719,107.50162506103516,49.428768157958984,24.10236930847168,89.66608428955078,154.23458862304688,515.8421020507812,753.6591796875,362.7691345214844,1641.712158203125,127.76744079589844,79.6031723022461,139.62818908691406,48.67647171020508,7082.009765625
2023-01-31,8.800841331481934,125.87569427490234,106.86882781982422,50.05746841430664,24.081331253051758,89.42449951171875,155.62493896484375,519.943359375,754.7914428710938,360.622802734375,1649.8919677734375,127.76744079589844,79.49678039550781,140.70970153808594,47.89475631713867,7082.419921875
2023-02-01,8.831145286560059,125.53097534179688,107.98554229736328,50.28826141357422,24.077123641967773,90.35636138916016,155.9493408203125,513.47265625,750.545654296875,355.2333068847656,1631.60791015625,127.37968444824219,78.63682556152344,141.73426818847656,47.045799255371094,7077.10986328125
2023-02-02,8.922056198120117,126.42725372314453,109.58614349365234,49.02289581298828,24.262266159057617,90.63246154785156,158.26657104492188,539.8114624023438,763.3771362304688,360.0028076171875,1674.911865234375,128.5817413330078,76.92578887939453,144.58033752441406,46.38175964355469,7166.27001953125
2023-02-03,8.979475021362305,125.23796844482422,108.9905776977539,49.1183967590332,24.085538864135742,90.89132690429688,165.58900451660156,545.55322265625,782.530029296875,366.68011474609375,1710.9989013671875,128.34909057617188,75.48072052001953,146.8951416015625,47.36521530151367,7233.93994140625
2023-02-06,8.808815956115723,123.79012298583984,107.70636749267578,48.3464469909668,23.971927642822266,90.16653442382812,162.2058563232422,524.9559936523438,768.1890258789062,364.34307861328125,1676.8367919921875,126.75926971435547,75.27680969238281,144.25778198242188,46.78522491455078,7137.10009765625
2023-02-07,8.88537311553955,124.41062927246094,104.50513458251953,49.61180877685547,23.90460205078125,89.47627258300781,160.49111938476562,522.58642578125,761.773193359375,359.4781799316406,1649.41064453125,125.44087219238281,77.38679504394531,142.79681396484375,48.3654670715332,7132.35009765625
2023-02-08,8.944385528564453,126.37556457519531,105.43572998046875,50.81350326538086,24.00138282775879,90.01123809814453,161.46434020996094,517.5737915039062,754.8857421875,358.04730224609375,1626.3150634765625,126.19699096679688,78.4683837890625,140.9563446044922,47.440860748291016,7119.830078125
2023-02-09,9.32557487487793,125.15178680419922,105.77074432373047,51.25917053222656,24.15707015991211,91.30548095703125,159.51788330078125,527.8724365234375,763.4714965820312,361.2905578613281,1635.9381103515625,126.89497375488281,79.0801010131836,143.93524169921875,48.626041412353516,7188.35986328125
2023-02-10,9.221903800964355,122.65254211425781,105.84517669677734,50.60659408569336,23.92143440246582,90.66698455810547,156.366455078125,509.9181823730469,752.5270385742188,358.2857971191406,1611.8802490234375,126.00313568115234,78.63682556152344,142.3224639892578,49.886871337890625,7129.72998046875
2023-02-13,9.205954551696777,124.72087860107422,107.5760726928711,50.391719818115234,23.900394439697266,93.34178161621094,159.51788330078125,516.388916015625,764.5093383789062,371.6881103515625,1647.0048828125,128.5041961669922,77.7059555053711,145.58596801757812,50.046573638916016,7208.58984375
2023-02-14,9.221903800964355,124.4795913696289,107.9297103881836,51.23529052734375,23.748912811279297,92.85859680175781,158.8690643310547,511.64984130859375,764.6980590820312,369.8757019042969,1647.967041015625,125.78984832763672,78.11376190185547,143.70755004882812,50.41641616821289,7213.81005859375
2023-02-15,9.237853050231934,125.63439178466797,110.79591369628906,51.092041015625,23.694210052490234,94.2391357421875,161.09359741210938,527.143310546875,776.1141967773438,372.02197265625,1666.732421875,128.27154541015625,78.5836410522461,146.7053985595703,50.43323516845703,7300.85986328125
2023-02-16,9.410106658935547,127.87511444091797,116.26778411865234,52.36537170410156,23.81623649597168,93.70417022705078,162.7156524658203,543.8215942382812,776.7747192382812,373.5482482910156,1675.3931884765625,129.99708557128906,77.88325500488281,147.99563598632812,50.38279724121094,7366.16015625
2023-02-17,9.370232582092285,128.77139282226562,116.93780517578125,52.0709114074707,23.837278366088867,94.51524353027344,161.83509826660156,537.7152709960938,772.151611328125,366.8708801269531,1681.1669921875,132.67263793945312,78.99144744873047,148.24227905273438,49.30689239501953,7347.72021484375
2023-02-20,9.32079029083252,131.0637969970703,114.31353759765625,52.126617431640625,23.80782127380371,94.11833190917969,162.5302734375,538.7177734375,767.622802734375,363.3891906738281,1652.7215576171875,130.65626525878906,79.00031280517578,148.52688598632812,49.52543258666992,7335.60986328125
2023-02-21,9.266562461853027,130.06410217285156,114.29492950439453,52.04703903198242,23.656341552734375,93.96302795410156,162.9010467529297,533.4317626953125,763.1884155273438,368.06329345703125,1643.079345703125,130.24911499023438,79.3017349243164,145.18748474121094,49.290077209472656,7308.64990234375
2023-02-22,9.079955101013184,128.94375610351562,114.25770568847656,50.90104293823242,23.403871536254883,94.17011260986328,161.78875732421875,525.7762451171875,763.7544555664062,368.4448547363281,1658.9892578125,130.03585815429688,79.92232513427734,145.8136444091797,49.088340759277344,7299.259765625
2023-02-23,9.150132179260254,128.04745483398438,115.80248260498047,51.561580657958984,24.161277770996094,92.96212768554688,154.9297637939453,527.3255615234375,763.2828369140625,366.68011474609375,1660.9178466796875,130.7144317626953,79.8868637084961,146.53465270996094,49.68513870239258,7317.43017578125
2023-02-24,9.05124568939209,127.32353973388672,113.47600555419922,50.845340728759766,23.908809661865234,91.15018463134766,152.70523071289062,504.7232971191406,733.374267578125,355.7579650878906,1617.526611328125,129.22157287597656,79.70955657958984,141.3548126220703,48.91181945800781,7187.27001953125
2023-02-27,9.145347595214844,130.65011596679688,115.05801391601562,52.094783782958984,24.720918655395508,92.82408905029297,152.79791259765625,511.64984130859375,749.88525390625,360.8135986328125,1654.168212890625,130.77259826660156,80.27694702148438,144.21986389160156,49.7775993347168,7295.5498046875
2023-02-28,9.220309257507324,129.75384521484375,115.41162872314453,52.64390563964844,25.12066078186035,93.04840850830078,152.3808135986328,505.81689453125,744.4130859375,357.808837890625,1654.168212890625,129.86135864257812,78.8052749633789,144.31471252441406,49.23124313354492,7267.93017578125
2023-03-01,9.083145141601562,128.68519592285156,113.82962799072266,50.45538330078125,25.053335189819336,92.77230834960938,151.4075927734375,511.9232177734375,747.43212890625,354.8517150878906,1649.8289794921875,129.86135864257812,78.3265380859375,145.68081665039062,48.735313415527344,7234.25
2023-03-02,9.012968063354492,128.89202880859375,114.36937713623047,50.4315071105957,24.9649715423584,93.16922760009766,150.9441375732422,521.0369873046875,758.8484497070312,360.90899658203125,1666.22119140625,129.68687438964844,79.0801010131836,145.22544860839844,49.693546295166016,7284.22021484375
2023-03-03,9.108663558959961,129.5814666748047,115.54192352294922,51.139793395996094,25.15432357788086,93.77320098876953,151.77833557128906,526.2318725585938,769.0380859375,362.3398742675781,1673.453125,131.0828094482422,79.0623779296875,146.93310546875,49.601078033447266,7348.1201171875
2023-03-06,9.19478988647461,128.27154541015625,115.29995727539062,51.68095779418945,25.33525848388672,94.22188568115234,153.3540496826172,527.5989990234375,778.3786010742188,360.8135986328125,1679.2386474609375,131.62567138671875,79.0623779296875,147.5782012939453,49.84484100341797,7373.2099609375
2023-03-07,9.087929725646973,129.098876953125,115.41162872314453,50.86921310424805,25.204816818237305,93.4970932006836,151.59295654296875,524.8648681640625,769.9814453125,359.7166442871094,1688.3990478515625,131.62567138671875,79.75387573242188,146.64849853515625,49.592674255371094,7339.27001953125
2023-03-08,9.12142276763916,128.42666625976562,115.3744125366211,50.93288040161133,25.38995933532715,93.89400482177734,148.9049835205078,528.5104370117188,764.603759765625,358.8581237792969,1668.149658203125,130.32669067382812,79.6031723022461,147.17974853515625,49.50861740112305,7324.759765625
2023-03-09,9.011372566223145,129.56423950195312,115.85832214355469,49.85055923461914,25.331052780151367,93.65240478515625,150.0172576904297,527.6901245117188,759.6976318359375,358.5242614746094,1666.22119140625,131.7613983154297,79.68294525146484,149.5135498046875,49.15558624267578,7315.8798828125
2023-03-10,8.788082122802734,128.2887725830078,113.17822265625,47.94853210449219,24.746166229248047,93.3935546875,147.93173217773438,522.7686157226562,757.2444458007812,356.5687561035156,1658.5072021484375,129.35726928710938,79.39039611816406,144.50445556640625,48.78574752807617,7220.669921875
2023-03-13,8.518538475036621,126.2549057006836,109.95838165283203,44.68564224243164,23.290260314941406,91.09839630126953,146.0779571533203,501.44232177734375,737.5255126953125,355.99639892578125,1630.5440673828125,124.66535949707031,78.04283905029297,141.05120849609375,46.348140716552734,7011.5
2023-03-14,8.59988021850586,128.754150390625,113.69935607910156,46.06242370605469,23.323923110961914,92.37539672851562,147.32928466796875,515.113037109375,755.26318359375,360.193603515625,1672.48876953125,129.0664520263672,78.88506317138672,144.7321319580078,47.44926834106445,7141.56982421875
2023-03-15,8.151703834533691,126.7547607421875,108.22748565673828,41.406837463378906,22.124696731567383,88.35457611083984,145.9389190673828,491.50830078125,730.921142578125,354.0409240722656,1625.72265625,123.2500228881836,79.5854263305664,137.08570861816406,44.77630615234375,6885.7099609375
2023-03-16,8.153298377990723,129.11610412597656,111.00064849853516,41.948001861572266,22.595972061157227,90.32184600830078,149.2293701171875,503.9031066894531,756.3953247070312,366.01239013671875,1701.8983154296875,126.91438293457031,79.99324798583984,141.240966796875,44.8099250793457,7025.72021484375
2023-03-17,7.966691017150879,126.87540435791016,108.6369400024414,41.128299713134766,21.85539436340332,89.2691879272461,148.07077026367188,498.6170349121094,742.80908203125,362.721435546875,1668.149658203125,124.45208740234375,79.61203002929688,138.5846405029297,44.66703414916992,6925.39990234375
2023-03-20,8.019325256347656,129.68490600585938,110.36784362792969,41.82862854003906,22.393997192382812,90.390869140625,150.48068237304688,506.7283630371094,759.037109375,369.1125793457031,1697.0771484375,126.3908920288086,79.31060791015625,139.72305297851562,45.2722282409668,7013.14013671875
2023-03-21,8.199551582336426,129.28848266601562,113.15961456298828,43.56352996826172,23.323923110961914,92.35814666748047,151.0831756591797,517.6649169921875,761.11279296875,367.8248291015625,1691.2916259765625,130.03585815429688,79.94892120361328,141.33583068847656,46.40697479248047,7112.91015625
2023-03-22,8.183602333068848,130.28814697265625,112.60126495361328,43.348655700683594,23.142986297607422,92.08204650878906,151.36123657226562,521.3103637695312,768.8494262695312,375.64678955078125,1710.5765380859375,130.7144317626953,80.55177307128906,141.71530151367188,46.33036804199219,7131.1201171875
2023-03-23,8.09428596496582,130.42605590820312,111.61483764648438,42.4016227722168,22.911556243896484,89.82140350341797,150.89779663085938,526.869873046875,774.4159545898438,379.17626953125,1736.611328125,130.57872009277344,84.9667739868164,142.1896514892578,45.47917938232422,7139.25
2023-03-24,7.927615642547607,128.926513671875,109.25113677978516,40.16535186767578,22.415035247802734,87.45722961425781,150.2489776611328,529.05712890625,767.4341430664062,379.7008972167969,1723.1116943359375,129.22157287597656,86.08383178710938,134.99859619140625,44.10025405883789,7015.10009765625
2023-03-27,7.998589992523193,129.15057373046875,110.81452941894531,41.215843200683594,22.68854331970215,88.16474914550781,150.71243286132812,522.4952392578125,770.8307495117188,382.1810302734375,1741.4324951171875,131.00526428222656,87.27180480957031,137.54107666015625,44.37263107299805,7078.27001953125
2023-03-28,8.030488014221191,129.40911865234375,110.47952270507812,41.359092712402344,22.861064910888672,88.63069152832031,147.0048370361328,524.4091796875,768.1890258789062,379.74859619140625,1734.2005615234375,130.90830993652344,88.65482330322266,138.5846405029297,45.547279357910156,7088.33984375
2023-03-29,8.175626754760742,130.21922302246094,112.50819396972656,42.473243713378906,23.466989517211914,90.08026123046875,148.53421020507812,532.4292602539062,775.5481567382812,384.3273010253906,1753.4857177734375,133.25428771972656,89.54137420654297,141.37376403808594,45.82816696166992,7186.990234375
2023-03-30,8.269728660583496,131.5980987548828,113.75518035888672,43.396400451660156,23.803613662719727,90.9603500366211,151.87103271484375,541.9076538085938,780.265625,386.85516357421875,1775.1812744140625,132.7695770263672,88.14949035644531,145.2444305419922,46.3133430480957,7263.3701171875
2023-03-31,8.292057037353516,132.8908233642578,114.7229995727539,43.937564849853516,23.702627182006836,91.21920013427734,153.8638458251953,546.8291015625,796.6823120117188,392.29241943359375,1797.3590087890625,132.36241149902344,88.86759185791016,145.79466247558594,46.27078628540039,7322.39013671875
2023-04-03,8.347880363464355,132.68399047851562,116.50972747802734,44.4071044921875,23.748912811279297,89.99396514892578,151.32415771484375,541.0874633789062,796.399169921875,396.298828125,1794.4661865234375,131.3348388671875,88.3356704711914,143.42294311523438,48.99460220336914,7345.9599609375
2023-04-04,8.35107135772705,133.09765625,116.73307800292969,44.83685302734375,23.828861236572266,90.21831512451172,151.54660034179688,532.4292602539062,802.9093017578125,400.972900390625,1826.286376953125,131.5287322998047,88.30020141601562,140.84251403808594,48.288116455078125,7344.9599609375
2023-04-05,8.349475860595703,133.80433654785156,115.74664306640625,44.43097686767578,23.78678321838379,91.16743469238281,154.69802856445312,515.386474609375,796.8709716796875,404.16851806640625,1840.94287109375,130.57872009277344,89.89599609375,135.52984619140625,48.63710021972656,7316.2998046875
2023-04-06,8.459525108337402,136.20016479492188,117.42170715332031,45.545135498046875,24.152864456176758,92.4616928100586,155.3283233642578,506.1815185546875,782.2469482421875,391.1954345703125,1805.0731201171875,132.24607849121094,90.81800079345703,135.3211212158203,48.94352722167969,7324.75
2023-04-11,8.500994682312012,136.8723907470703,117.25421142578125,45.29842758178711,24.350629806518555,93.51434326171875,156.75575256347656,507.5485534667969,793.19140625,397.92041015625,1818.7652587890625,132.808349609375,89.9846420288086,138.9451141357422,49.752166748046875,7390.27978515625
2023-04-12,8.537676811218262,137.01025390625,117.4775390625,45.41780471801758,24.531566619873047,93.5833740234375,158.38705444335938,504.9967041015625,789.3231201171875,393.1509094238281,1819.9224853515625,133.25428771972656,90.28607177734375,140.10252380371094,49.76066970825195,7396.93994140625
2023-04-13,8.540867805480957,136.82066345214844,117.17975616455078,45.791839599609375,24.46003532409668,94.22188568115234,161.9277801513672,518.2117309570312,833.9501342773438,404.550048828125,1875.848876953125,133.79714965820312,90.21514892578125,140.5009765625,49.56489181518555,7480.830078125
2023-04-14,8.737044334411621,136.56214904785156,117.51476287841797,47.26411819458008,24.165485382080078,93.46257781982422,162.7434539794922,524.9559936523438,842.34716796875,401.2590637207031,1904.3907470703125,132.71139526367188,90.46337890625,142.7019500732422,49.98198318481445,7519.60986328125
2023-04-17,8.62858772277832,137.9065399169922,119.18983459472656,46.30912780761719,23.845691680908203,93.79045867919922,159.33248901367188,517.5737915039062,824.232177734375,403.64385986328125,1868.5205078125,135.61961364746094,90.85346221923828,143.61268615722656,49.9904899597168,7498.18017578125
2023-04-18,8.676436424255371,138.6132354736328,119.41317749023438,47.28003692626953,24.2664737701416,94.44621276855469,160.40769958496094,521.0369873046875,827.9118041992188,404.7408142089844,1901.497802734375,137.3645477294922,89.87825775146484,144.29574584960938,49.92240905761719,7533.6298828125
2023-04-19,8.786487579345703,139.337158203125,119.59928131103516,47.43124008178711,24.640972137451172,95.61967468261719,162.78053283691406,521.3103637695312,834.9879760742188,402.8330078125,1893.9766845703125,138.00436401367188,90.3924560546875,144.7890625,49.42870330810547,7549.43994140625
2023-04-20,8.756183624267578,139.87147521972656,120.30653381347656,46.834373474121094,24.640972137451172,95.17100524902344,162.68783569335938,525.047119140625,845.8380737304688,409.7488098144531,1924.8326416015625,138.4114990234375,89.9846420288086,144.8649444580078,49.011627197265625,7538.7099609375
2023-04-21,8.681221008300781,140.38856506347656,118.48257446289062,46.683170318603516,24.628345489501953,95.13648223876953,172.88363647460938,526.7786254882812,850.1781616210938,422.1972351074219,1931.871826171875,138.10130310058594,91.20807647705078,144.7700958251953,49.11376190185547,7577.0
2023-04-24,8.7529935836792,140.71603393554688,119.33872985839844,47.06516647338867,24.674631118774414,95.8440170288086,171.27084350585938,532.97607421875,851.0272827148438,417.0461730957031,1941.9962158203125,138.06251525878906,91.15489196777344,145.37725830078125,49.54787826538086,7573.85986328125
2023-04-25,8.622209548950195,140.71603393554688,118.82905578613281,45.943050384521484,24.645177841186523,96.3938217163086,171.32644653320312,533.3406982421875,845.7024536132812,412.4674377441406,1930.46728515625,137.71351623535156,92.75067901611328,147.9197235107422,49.07120895385742,7531.60986328125
2023-04-26,8.706740379333496,138.5615234375,117.11127471923828,45.84754943847656,24.63255500793457,98.82362365722656,169.28729248046875,521.1281127929688,832.3902587890625,413.7249755859375,1900.43408203125,135.48390197753906,90.8711929321289,144.1249542236328,49.70960235595703,7466.66015625
2023-04-27,8.816791534423828,139.94039916992188,118.48926544189453,46.7468376159668,24.78824234008789,98.55758666992188,167.0071563720703,528.419189453125,834.0067138671875,419.5773010253906,1912.8348388671875,135.81350708007812,90.2683334350586,149.7412109375,48.40727615356445,7483.83984375
2023-04-28,8.839119911193848,140.6298828125,119.99940490722656,46.62746047973633,24.88502311706543,99.49757385253906,166.28419494628906,528.3280639648438,828.2064208984375,418.6099548339844,1905.4718017578125,136.62779235839844,88.65482330322266,149.7222442626953,49.318058013916016,7491.5
2023-05-02,8.732258796691895,139.5784454345703,118.31937408447266,45.330265045166016,24.270681381225586,96.4292984008789,167.06275939941406,521.4714965820312,826.0194091796875,416.6753234863281,1892.6834716796875,134.6114501953125,86.14588928222656,148.01461791992188,46.815547943115234,7383.2001953125
2023-05-03,8.66527271270752,140.3023681640625,117.41329956054688,44.797061920166016,24.232812881469727,97.1741943359375,169.41705322265625,524.9923706054688,836.0035400390625,414.6922912597656,1932.017333984375,135.3094024658203,86.80194091796875,149.76019287109375,46.5006103515625,7403.830078125
2023-05-04,8.561601638793945,140.25067138671875,115.24246978759766,44.51852035522461,23.685794830322266,96.28740692138672,169.45413208007812,517.4872436523438,830.7737426757812,407.4373474121094,1918.4539794921875,133.0991668701172,87.90126037597656,148.03358459472656,46.52614974975586,7340.77001953125
2023-05-05,8.821575164794922,140.81947326660156,115.33685302734375,46.07038116455078,24.287513732910156,96.73080444335938,170.4180908203125,520.1743774414062,833.8165893554688,410.5811462402344,1931.6297607421875,133.4869384765625,90.037841796875,150.5001678466797,47.77739715576172,7432.93017578125
2023-05-08,8.882182121276855,140.7849884033203,114.44965362548828,46.38871383666992,24.730161666870117,97.40475463867188,170.93716430664062,523.046630859375,841.0431518554688,414.30535888671875,1946.8402099609375,133.23489379882812,88.88533020019531,150.65196228027344,47.83697509765625,7440.91015625
2023-05-09,8.886967658996582,140.90565490722656,114.7894287109375,46.49216842651367,24.63179588317871,97.3692855834961,169.6951141357422,508.8702087402344,837.1446533203125,408.8883361816406,1926.2044677734375,133.2930450439453,89.39952087402344,150.4099884033203,47.19858932495117,7397.169921875
2023-05-10,9.33514404296875,139.61293029785156,114.86492919921875,46.09425354003906,24.287513732910156,96.99683380126953,170.7147216796875,501.7356262207031,829.4425659179688,403.5680847167969,1898.6900634765625,134.72776794433594,87.5998306274414,150.56484985351562,47.31775665283203,7361.2001953125
2023-05-11,9.212334632873535,140.23342895507812,114.50627899169922,45.64063262939453,24.07736587524414,96.37609100341797,172.1235809326172,504.88592529296875,843.9909057617188,409.8556823730469,1926.785888671875,135.21246337890625,87.91012573242188,152.0747528076172,46.704891204833984,7381.77978515625
2023-05-12,9.344714164733887,141.0780029296875,115.90315246582031,46.54787826538086,24.095251083374023,96.87268829345703,172.5314178466797,505.3492431640625,841.8989868164062,407.3406066894531,1913.8035888671875,135.716552734375,88.03424072265625,153.08135986328125,47.46245574951172,7414.85009765625
2023-05-15,9.312814712524414,140.9112548828125,116.14855194091797,46.6672477722168,24.680978775024414,96.8549575805664,171.2523193359375,510.9085998535156,837.8102416992188,407.4373474121094,1917.485107421875,135.36756896972656,88.37113189697266,153.37171936035156,47.564598083496094,7418.2099609375
2023-05-16,9.35268783569336,140.0160675048828,119.14994812011719,46.500125885009766,24.82405662536621,97.28060150146484,172.92071533203125,506.36846923828125,832.9607543945312,405.84124755859375,1914.384765625,138.04312133789062,88.95624542236328,153.29429626464844,46.93471908569336,7406.009765625
2023-05-17,9.32557487487793,140.06874084472656,120.99987030029297,46.6592903137207,24.72121810913086,98.0964584350586,172.54994201660156,502.1988525390625,831.4393920898438,401.923583984375,1917.2913818359375,139.45846557617188,87.64415740966797,154.39768981933594,46.97727584838867,7399.43994140625
2023-05-18,9.41808032989502,141.56069946289062,121.56617736816406,47.463077545166016,24.810644149780273,97.70626831054688,172.75387573242188,504.7932434082031,829.6327514648438,403.37457275390625,1921.9417724609375,138.8186492919922,88.53071594238281,156.9141845703125,47.40286636352539,7446.89013671875
2023-05-19,9.46592903137207,142.98243713378906,121.9814682006836,47.63019943237305,24.828527450561523,98.34475708007812,170.01026916503906,495.80560302734375,831.34423828125,407.82427978515625,1940.05859375,138.76048278808594,90.09103393554688,159.3145751953125,47.76887893676758,7491.9599609375
2023-05-22,9.508991241455078,142.57872009277344,120.99987030029297,48.787967681884766,24.810644149780273,97.81269836425781,170.10543823242188,502.1988525390625,835.0526733398438,405.0673828125,1959.43505859375,138.9737548828125,88.92079162597656,160.12759399414062,47.5986442565918,7478.16015625
2023-05-23,9.539295196533203,140.41978454589844,119.18770599365234,48.59217071533203,24.913480758666992,97.26287078857422,167.21717834472656,487.2812194824219,793.2145385742188,399.1183776855469,1831.2603759765625,135.60023498535156,89.63002014160156,158.0369415283203,48.53496551513672,7378.7099609375
2023-05-24,9.430840492248535,138.52410888671875,116.84699249267578,47.706817626953125,24.287513732910156,96.18099212646484,165.21617126464844,475.791748046875,776.9545288085938,390.7993469238281,1827.5787353515625,132.4011993408203,89.43498229980469,152.597412109375,48.398765563964844,7253.4599609375
2023-05-25,9.427650451660156,138.43634033203125,117.54544067382812,47.82599639892578,24.11313819885254,95.59571075439453,164.61209106445312,472.91937255859375,782.945068359375,393.3627624511719,1855.09326171875,132.94406127929688,87.32499694824219,156.0430908203125,46.815547943115234,7229.27001953125
2023-05-26,9.497828483581543,139.84054565429688,118.62139892578125,47.93667221069336,24.229387283325195,96.09232330322266,166.99066162109375,479.6833801269531,802.0576171875,397.5706481933594,1898.108642578125,134.80531311035156,88.12289428710938,158.7338409423828,47.46245574951172,7319.18017578125
2023-05-29,9.515371322631836,140.1213836669922,118.2438735961914,47.757896423339844,24.36799430847168,96.23419952392578,165.51820373535156,476.9036560058594,798.7294921875,394.8137512207031,1887.4517822265625,134.92164611816406,87.72394561767578,158.83062744140625,47.43691635131836,7303.81005859375
2023-05-30,9.384209632873535,140.05117797851562,117.4510498046875,47.06834411621094,24.11313819885254,95.347412109375,165.15953063964844,475.6064453125,794.9260864257812,390.9928283691406,1892.4896240234375,134.85311889648438,86.73074340820312,159.3145751953125,45.81114959716797,7209.75
2023-05-31,9.349233627319336,137.47096252441406,115.65775299072266,45.97867965698242,23.621307373046875,94.28326416015625,158.98658752441406,461.7543029785156,773.911865234375,385.9627380371094,1842.4986572265625,132.58209228515625,87.25493621826172,156.15924072265625,45.18125534057617,7098.7001953125
2023-06-01,9.345734596252441,138.71717834472656,118.8667984008789,46.370277404785156,23.9432315826416,94.90400695800781,157.2498321533203,459.7621765136719,766.2097778320312,387.0751647949219,1849.0865478515625,134.59861755371094,86.63877868652344,157.9595184326172,45.78560256958008,7137.43017578125
2023-06-02,9.578329086303711,139.87567138671875,121.16976928710938,48.081390380859375,24.372465133666992,95.40061950683594,161.70494079589844,469.4911193847656,790.0765991210938,394.4751892089844,1896.171142578125,136.10610961914062,87.3469009399414,160.30181884765625,46.96876525878906,7270.68994140625
2023-06-05,9.471650123596191,138.8751678466797,119.60298919677734,47.60466003417969,24.300926208496094,94.83307647705078,157.83505249023438,465.0435791015625,774.0069580078125,391.8150329589844,1858.9686279296875,134.34410095214844,87.66877746582031,158.7338409423828,46.687870025634766,7200.91015625
2023-06-06,9.48913860321045,138.47145080566406,120.28255462646484,48.072879791259766,24.376937866210938,94.85081481933594,158.34474182128906,465.0435791015625,772.3904418945312,390.2189636230469,1855.09326171875,134.05043029785156,88.62519073486328,158.88870239257812,46.253761291503906,7209.0
2023-06-07,9.487390518188477,137.69915771484375,119.33872985839844,48.31975173950195,24.2785701751709,95.48929595947266,158.36361694335938,467.7306213378906,772.770751953125,387.3653564453125,1832.4228515625,132.50376892089844,87.31930541992188,158.5596160888672,46.63679885864258,7202.7900390625
2023-06-08,9.55909252166748,137.52362060546875,119.43310546875,48.53257369995117,24.198087692260742,95.08137512207031,158.91107177734375,465.5995178222656,777.8104248046875,389.2032775878906,1843.85498046875,132.58209228515625,87.76993560791016,158.7144775390625,46.841087341308594,7222.14990234375
2023-06-09,9.471650123596191,137.43585205078125,121.20751953125,47.732357025146484,23.715200424194336,94.6202392578125,158.40138244628906,467.6379699707031,779.712158203125,389.05816650390625,1856.6434326171875,133.75674438476562,87.73314666748047,158.67576599121094,46.77299118041992,7213.14013671875
2023-06-12,9.434925079345703,138.62942504882812,122.17023468017578,48.038822174072266,23.45587158203125,95.02816009521484,156.49473571777344,472.27081298828125,793.7850341796875,391.186279296875,1912.447265625,135.5775146484375,87.38368225097656,158.90805053710938,45.92179870605469,7250.35009765625
2023-06-13,9.490887641906738,139.41928100585938,122.73652648925781,48.251651763916016,23.590007781982422,94.65571594238281,158.09933471679688,477.0889892578125,800.5361938476562,393.07257080078125,1920.004150390625,136.34104919433594,86.38127899169922,160.90191650390625,46.10054397583008,7290.7998046875
2023-06-14,9.583575248718262,140.05117797851562,122.24574279785156,48.966739654541016,23.83592414855957,96.44702911376953,158.00494384765625,484.5941467285156,808.23828125,398.7314147949219,1911.4783935546875,135.51878356933594,86.4272689819336,160.9212646484375,45.887752532958984,7328.52978515625
2023-06-15,9.48214340209961,140.68307495117188,122.6043930053711,47.91964340209961,23.764385223388672,96.02137756347656,157.13658142089844,478.47882080078125,802.247802734375,396.4098205566406,1889.3892822265625,135.4991912841797,86.68476104736328,159.2952117919922,45.75156784057617,7290.91015625
2023-06-16,9.47339916229248,147.3881072998047,123.81250762939453,48.15800476074219,23.607891082763672,97.9723129272461,163.17739868164062,488.9490051269531,825.92431640625,401.3915710449219,1924.0732421875,137.49615478515625,87.97225952148438,157.74658203125,45.79412078857422,7388.64990234375
2023-06-19,9.501380920410156,141.7362060546875,124.09564971923828,48.3623161315918,23.581064224243164,94.05270385742188,160.77993774414062,480.7025451660156,811.47119140625,398.9732666015625,1899.4652099609375,139.8846435546875,86.89627075195312,157.882080078125,45.80263137817383,7314.0498046875
2023-06-20,9.455910682678223,141.75376892089844,124.60533142089844,48.294212341308594,23.522939682006836,94.9926986694336,158.98658752441406,477.6448669433594,804.4347534179688,399.4085388183594,1889.3892822265625,140.02169799804688,90.09661102294922,155.9075927734375,45.249351501464844,7294.169921875
2023-06-21,9.464655876159668,141.1920928955078,122.49113464355469,48.55811309814453,23.482698440551758,94.08817291259766,158.47689819335938,473.66064453125,797.1130981445312,394.7170104980469,1861.875,138.70999145507812,90.15177917480469,155.21070861816406,46.483741760253906,7260.97021484375
2023-06-22,9.289772033691406,140.41978454589844,120.47132873535156,47.43440246582031,23.370920181274414,93.4674301147461,159.15647888183594,475.3284606933594,797.9688720703125,393.024169921875,1846.1800537109375,137.10458374023438,89.77473449707031,154.02989196777344,45.32704544067383,7203.27978515625
2023-06-23,9.155113220214844,139.17355346679688,119.62187194824219,46.69377136230469,23.61683464050293,92.22592163085938,158.15597534179688,465.3215637207031,789.31591796875,393.1209411621094,1842.1109619140625,136.5368194580078,90.67597198486328,153.02330017089844,44.929969787597656,7163.419921875
2023-06-26,9.135875701904297,140.17405700683594,120.49020385742188,47.01726531982422,23.71967124938965,92.27912902832031,158.34474182128906,465.5068664550781,793.97509765625,390.7510070800781,1855.674560546875,136.22357177734375,89.97705078125,154.14602661132812,45.37883377075195,7184.35009765625
2023-06-27,9.265288352966309,141.0165557861328,121.67942810058594,47.3918342590332,23.92981719970703,92.75799560546875,160.62892150878906,468.5645446777344,798.3491821289062,393.94317626953125,1855.674560546875,136.6738739013672,90.02303314208984,156.06246948242188,44.88680648803711,7215.580078125
2023-06-28,9.31600570678711,142.61383056640625,123.13294982910156,47.553585052490234,23.965587615966797,93.36100769042969,164.1779022216797,463.2831115722656,807.9530029296875,400.9562683105469,1875.0509033203125,138.43588256835938,90.89669036865234,157.64981079101562,44.90407943725586,7286.31982421875
2023-06-29,9.440171241760254,143.22817993164062,123.32171630859375,48.34529113769531,23.91193199157715,93.66252136230469,159.23199462890625,464.4876403808594,812.9925537109375,405.98638916015625,1900.821533203125,139.25816345214844,89.921875,157.74658203125,44.826385498046875,7312.72998046875
2023-06-30,9.506627082824707,144.1057891845703,124.92623138427734,49.137001037597656,24.166790008544922,94.33647918701172,162.91310119628906,468.4718933105469,820.5994873046875,413.1445617675781,1927.9483642578125,140.43284606933594,90.30812072753906,161.11483764648438,45.361572265625,7400.06005859375
2023-07-03,9.55909252166748,144.2988739013672,125.171630859375,49.74142074584961,24.34116554260254,94.6025161743164,160.9309539794922,466.9893798828125,812.8974609375,409.7105407714844,1895.9774169921875,138.7687225341797,90.3633041381836,157.9595184326172,46.18162155151367,7386.7001953125
2023-07-04,9.501380920410156,143.31593322753906,123.94465637207031,49.28172302246094,24.11760711669922,94.38968658447266,161.15750122070312,468.8424987792969,814.6090087890625,410.1458740234375,1891.5208740234375,137.0850067138672,89.87590026855469,156.15924072265625,46.29384231567383,7369.93017578125
2023-07-05,9.4594087600708,140.89369201660156,125.45478820800781,48.813507080078125,23.25019645690918,93.16590881347656,163.78146362304688,455.31463623046875,805.8610229492188,408.0177307128906,1872.3382568359375,136.69345092773438,90.08740997314453,155.5591583251953,45.49106216430664,7310.81005859375
2023-07-06,9.176098823547363,136.06675720214844,122.20797729492188,46.61715316772461,22.753894805908203,90.47007751464844,159.62841796875,440.58221435546875,775.9086303710938,394.765380859375,1782.625732421875,131.74021911621094,87.39287567138672,151.66822814941406,43.66106033325195,7082.2900390625
2023-07-07,9.261792182922363,135.8385772705078,123.73699951171875,46.92361831665039,22.668941497802734,90.80705261230469,161.38401794433594,442.5280456542969,784.846923828125,389.49346923828125,1804.1334228515625,131.99473571777344,86.39967346191406,151.8811798095703,44.10991668701172,7111.8798828125
2023-07-10,9.270535469055176,136.85662841796875,124.62419891357422,47.11941909790039,22.740480422973633,91.12631225585938,161.4029083251953,445.44671630859375,790.0765991210938,392.6856384277344,1818.084228515625,133.95252990722656,86.73074340820312,153.1007080078125,44.222137451171875,7143.68994140625
2023-07-11,9.385958671569824,136.87417602539062,124.81298065185547,47.8089714050293,23.084762573242188,91.95987701416016,161.8937225341797,452.3959655761719,807.5726318359375,395.6843566894531,1854.511962890625,133.34561157226562,86.78591918945312,155.44300842285156,44.878177642822266,7220.009765625
2023-07-12,9.503129959106445,139.3842010498047,125.96444702148438,48.2686767578125,23.791210174560547,93.20138549804688,165.0462646484375,462.0786437988281,824.1177368164062,400.7144470214844,1887.8392333984375,135.4600372314453,86.11458587646484,160.05015563964844,45.37883377075195,7333.009765625
2023-07-13,9.622049331665039,140.38467407226562,127.04043579101562,48.53257369995117,23.844865798950195,93.5915756225586,165.23504638671875,464.765625,834.1969604492188,404.43865966796875,1903.5341796875,135.81243896484375,85.6915512084961,156.739990234375,45.43926239013672,7369.7998046875
2023-07-14,9.60630989074707,141.17454528808594,125.54917907714844,48.226112365722656,23.554237365722656,94.3719482421875,166.2166748046875,463.2831115722656,848.4599609375,407.82427978515625,1933.9552001953125,134.16787719726562,86.16976928710938,157.0303497314453,44.265296936035156,7374.5400390625
2023-07-17,9.592320442199707,139.9282989501953,126.02108764648438,48.27718734741211,23.66154670715332,93.5738296508789,165.25392150878906,454.24908447265625,816.7960205078125,400.42425537109375,1852.57421875,134.10916137695312,86.5927963256836,155.28814697265625,43.98907470703125,7291.66015625
2023-07-18,9.651780128479004,139.9282989501953,126.51187896728516,49.043357849121094,23.764385223388672,93.99949645996094,165.7069854736328,457.7237243652344,817.0812377929688,395.0072326660156,1826.99755859375,135.53836059570312,88.22975158691406,155.94630432128906,44.506996154785156,7319.18017578125
2023-07-19,9.71998405456543,138.8576202392578,126.81391906738281,49.341312408447266,23.818037033081055,94.76213836669922,165.06515502929688,491.45074462890625,808.6185913085938,393.024169921875,1823.5096435546875,136.06695556640625,88.22055053710938,152.79098510742188,45.16304016113281,7326.93994140625
2023-07-20,9.72697925567627,140.7708282470703,127.04043579101562,49.41792678833008,24.45294761657715,95.98589324951172,166.65086364746094,501.6429443359375,812.0416870117188,387.8973693847656,1820.990966796875,138.4750518798828,90.3633041381836,155.15264892578125,46.008975982666016,7384.91015625
2023-07-21,9.721733093261719,141.1920928955078,126.946044921875,49.383872985839844,24.770402908325195,95.79080963134766,168.4819793701172,501.55029296875,825.2588500976562,397.7157287597656,1855.287109375,138.7295684814453,90.68517303466797,157.35943603515625,46.60458755493164,7432.77001953125
2023-07-24,9.791686058044434,141.1043243408203,128.7015838623047,49.690345764160156,24.83746910095215,95.48929595947266,166.12228393554688,493.4891052246094,815.4649047851562,394.28173828125,1838.2359619140625,140.0608673095703,90.28053283691406,157.68850708007812,47.295166015625,7427.31005859375
2023-07-25,9.765453338623047,140.7708282470703,125.54917907714844,49.877628326416016,24.810644149780273,95.57797241210938,167.3304443359375,492.6553649902344,812.0416870117188,396.5549621582031,1837.84814453125,141.76416015625,89.77473449707031,158.24989318847656,46.90671157836914,7415.4501953125
2023-07-26,9.728729248046875,138.8576202392578,125.7001724243164,49.47751998901367,24.752517700195312,94.83307647705078,163.2906494140625,483.6676025390625,770.2034912109375,393.7496643066406,1794.6390380859375,142.19485473632812,88.66197967529297,155.07521057128906,46.49237823486328,7315.06982421875
2023-07-27,9.751463890075684,142.13992309570312,123.64262390136719,50.95026779174805,25.101268768310547,96.11003875732422,168.02891540527344,497.9366760253906,799.0147094726562,399.1667175292969,1874.8570556640625,144.5833740234375,89.894287109375,159.10162353515625,46.88945770263672,7465.240234375
2023-07-28,9.903611183166504,143.66697692871094,125.92669677734375,51.231197357177734,25.199636459350586,95.63117218017578,170.3131103515625,492.1919860839844,799.87060546875,407.0987854003906,1948.7779541015625,147.28514099121094,87.32850646972656,156.9335479736328,46.993038177490234,7476.47021484375
2023-07-31,9.868634223937988,143.36859130859375,126.45524597167969,51.09498977661133,25.0118465423584,94.6911849975586,172.67279052734375,485.1500549316406,806.4315185546875,409.37200927734375,1953.6220703125,147.77459716796875,89.2873306274414,156.83676147460938,47.700862884521484,7497.77978515625
2023-08-01,9.761955261230469,142.1925811767578,124.39768981933594,50.141536712646484,24.841941833496094,92.95308685302734,168.5574951171875,480.3319396972656,788.27001953125,402.4555969238281,1915.7413330078125,144.0547637939453,88.81831359863281,155.50108337402344,47.13978576660156,7406.080078125
2023-08-02,9.625548362731934,140.36712646484375,124.35992431640625,49.043357849121094,24.47083282470703,90.80705261230469,165.952392578125,473.475341796875,773.531494140625,400.42425537109375,1890.1644287109375,142.78221130371094,87.24574279785156,156.9141845703125,45.844970703125,7312.83984375
2023-08-03,9.774198532104492,138.5767822265625,123.09518432617188,49.62224197387695,24.06842613220215,89.5478286743164,164.97076416015625,472.5487976074219,771.344482421875,398.68304443359375,1863.2313232421875,141.58795166015625,84.80870819091797,154.80419921875,46.69954299926758,7260.52978515625
2023-08-04,10.374046325683594,139.55970764160156,123.45384979248047,50.473541259765625,24.551313400268555,90.43461608886719,165.0273895263672,476.7183532714844,775.9086303710938,398.3928527832031,1866.912841796875,143.1737518310547,86.37208557128906,155.7914581298828,47.96846389770508,7315.06982421875
2023-08-07,10.32158088684082,140.08628845214844,123.75587463378906,50.69487762451172,24.72121810913086,91.12631225585938,165.66921997070312,479.86865234375,777.2398681640625,395.0555725097656,1856.255859375,144.7008514404297,86.69395446777344,155.71401977539062,47.84761047363281,7319.759765625
2023-08-08,10.068000793457031,139.84054565429688,123.17069244384766,49.17104721069336,24.435062408447266,90.98441314697266,164.57432556152344,476.81097412109375,767.541015625,392.056884765625,1837.84814453125,144.1918182373047,87.80671691894531,153.87501525878906,47.61455154418945,7269.47021484375
2023-08-09,10.054010391235352,140.9639129638672,124.28441619873047,49.84357833862305,24.73463249206543,91.35685729980469,165.66921997070312,479.0347900390625,767.350830078125,393.5078430175781,1840.17333984375,144.89663696289062,88.82750701904297,155.5204315185547,49.23738098144531,7322.0400390625
2023-08-10,10.134456634521484,143.17552185058594,124.62419891357422,51.333351135253906,25.18622398376465,92.36781311035156,168.1610565185547,489.5976257324219,793.68994140625,405.4059753417969,1899.07763671875,145.30776977539062,89.99545288085938,155.36557006835938,49.910682678222656,7433.6201171875
2023-08-11,10.099480628967285,141.84153747558594,123.397216796875,50.69487762451172,24.89559555053711,91.87120056152344,165.46156311035156,479.12738037109375,780.0925903320312,398.8281555175781,1864.781494140625,144.0547637939453,89.26893615722656,154.2234649658203,49.34959411621094,7340.18994140625
2023-08-14,10.125712394714355,142.84202575683594,123.30282592773438,50.805545806884766,24.998432159423828,91.76478576660156,166.25442504882812,476.2550354003906,776.0988159179688,401.923583984375,1868.2691650390625,144.54421997070312,89.76554107666016,154.90098571777344,48.840301513671875,7348.83984375
2023-08-15,10.054010391235352,141.80642700195312,121.69831085205078,50.03937530517578,24.622852325439453,91.12631225585938,165.3483123779297,471.529541015625,764.5933227539062,395.15234375,1850.249267578125,143.13461303710938,89.14018249511719,153.2555694580078,48.42595672607422,7267.7001953125
2023-08-16,9.998047828674316,141.7888641357422,121.45291137695312,49.78398895263672,24.511072158813477,90.80705261230469,165.08401489257812,469.4911193847656,763.4523315429688,394.42681884765625,1867.106689453125,143.13461303710938,88.58840942382812,153.27493286132812,48.615867614746094,7260.25
2023-08-17,9.94558334350586,141.03411865234375,120.4146957397461,49.903167724609375,24.560256958007812,90.07989501953125,164.04576110839844,461.7079772949219,746.5267944335938,389.49346923828125,1816.5343017578125,141.6858367919922,89.82070922851562,149.67437744140625,48.99567794799805,7191.740234375
2023-08-18,9.907108306884766,140.98146057128906,119.58411407470703,49.56264877319336,24.300926208496094,89.56554412841797,163.76258850097656,456.42657470703125,738.7297973632812,385.18890380859375,1804.5208740234375,140.3936767578125,90.12419128417969,149.3646697998047,49.21147918701172,7164.10986328125
2023-08-21,9.931591987609863,140.4548797607422,120.92436218261719,49.6648063659668,24.318811416625977,89.45913696289062,165.1217803955078,461.8932800292969,745.3858642578125,384.99542236328125,1815.5654296875,141.666259765625,90.72195434570312,149.8873291015625,49.71213912963867,7198.06005859375
2023-08-22,10.022531509399414,141.1920928955078,121.69831085205078,49.84357833862305,24.439533233642578,89.92027282714844,166.65086364746094,464.580322265625,751.3763427734375,383.3509521484375,1826.4161376953125,142.4689483642578,91.60481262207031,150.9713592529297,50.048789978027344,7240.8798828125
2023-08-23,9.989303588867188,142.03460693359375,122.71765899658203,49.80952835083008,24.511072158813477,89.99121856689453,164.781982421875,462.44921875,751.5664672851562,388.18756103515625,1843.4676513671875,143.56532287597656,91.01624298095703,152.03604125976562,49.17695617675781,7246.6201171875
2023-08-24,10.048763275146484,142.7893524169922,122.05697631835938,49.749935150146484,24.49765968322754,90.04441833496094,164.2156524658203,454.0174560546875,745.1956176757812,387.2686462402344,1819.828369140625,142.17529296875,90.24374389648438,150.8939208984375,49.34959411621094,7214.4599609375
2023-08-25,10.026028633117676,142.9122314453125,122.58552551269531,49.63926696777344,24.49765968322754,90.75385284423828,164.2722930908203,451.793701171875,746.7169799804688,388.33270263671875,1824.4786376953125,142.03823852539062,90.77713775634766,151.49403381347656,49.47907638549805,7229.60009765625
2023-08-28,10.120466232299805,145.0711669921875,124.81298065185547,50.65231704711914,24.77934455871582,92.08403015136719,166.23556518554688,458.0943603515625,759.2684326171875,391.96014404296875,1857.8060302734375,144.56378173828125,91.30133056640625,153.75888061523438,49.971099853515625,7324.7099609375
2023-08-29,10.22889232635498,145.26426696777344,125.11499786376953,50.992835998535156,24.976078033447266,92.03082275390625,166.4998321533203,462.3565673828125,770.2034912109375,395.78106689453125,1877.376220703125,145.1903076171875,91.65998077392578,155.28814697265625,49.94520568847656,7373.43017578125
2023-08-30,10.232390403747559,145.89614868164062,126.32310485839844,50.975807189941406,24.92242431640625,91.76478576660156,164.93299865722656,461.7079772949219,764.498291015625,396.7000427246094,1871.175537109375,145.7384796142578,91.22775268554688,154.72677612304688,50.01426696777344,7364.39990234375
2023-08-31,10.192168235778809,146.44027709960938,127.7766342163086,50.83108901977539,24.83746910095215,91.30366516113281,164.14015197753906,457.9090270996094,743.7693481445312,392.54052734375,1841.5299072265625,145.17071533203125,90.71276092529297,153.48788452148438,50.12648010253906,7316.7001953125
2023-09-01,10.186921119689941,146.7562255859375,126.34199523925781,50.72892761230469,24.904537200927734,91.09083557128906,164.40443420410156,452.90557861328125,737.6837768554688,391.96014404296875,1826.99755859375,142.9779815673828,90.68517303466797,152.38449096679688,50.834312438964844,7296.77001953125
2023-09-04,10.136204719543457,146.0892333984375,126.64401245117188,50.601234436035156,24.792757034301758,91.14403533935547,165.48045349121094,454.52703857421875,734.6409912109375,392.4921569824219,1823.7034912109375,142.99755859375,90.15177917480469,152.2102508544922,50.68757247924805,7279.509765625
2023-09-05,9.931591987609863,143.73721313476562,126.56851959228516,50.55867004394531,24.891122817993164,90.541015625,164.42330932617188,444.56646728515625,721.8042602539062,390.65423583984375,1809.9464111328125,142.62557983398438,91.07141876220703,151.68759155273438,51.70615005493164,7254.72021484375
2023-09-06,9.845900535583496,144.50950622558594,126.41749572753906,49.88614273071289,24.667564392089844,90.7715835571289,162.554443359375,434.2816162109375,695.560302734375,385.18890380859375,1776.2315673828125,142.95838928222656,90.34490203857422,152.6748504638672,51.36949920654297,7194.08984375
2023-09-07,9.805676460266113,145.35202026367188,128.75820922851562,49.86060333251953,24.61838150024414,90.89573669433594,163.63046264648438,428.8611755371094,688.5238647460938,385.38232421875,1777.200439453125,145.3273468017578,91.66918182373047,151.9392547607422,51.68889236450195,7196.10009765625
2023-09-08,9.756710052490234,145.22915649414062,127.833251953125,49.74142074584961,24.774873733520508,91.30366516113281,163.611572265625,435.2081604003906,703.642578125,391.04119873046875,1791.732666015625,145.40565490722656,92.27613830566406,152.0747528076172,52.12049102783203,7240.77001953125
2023-09-11,9.880876541137695,146.35250854492188,126.15322875976562,50.660823822021484,24.998432159423828,91.85346221923828,164.4610595703125,433.77197265625,705.734619140625,393.846435546875,1797.7393798828125,146.9131622314453,93.63719940185547,152.3457489013672,52.431243896484375,7278.27001953125
2023-09-12,10.01203727722168,144.89566040039062,123.15181732177734,50.96729278564453,25.168338775634766,93.25460052490234,164.04576110839844,429.64874267578125,698.3178100585938,388.18756103515625,1778.944091796875,145.97341918945312,93.50845336914062,151.61016845703125,52.90601348876953,7252.8798828125
2023-09-13,10.094233512878418,144.24623107910156,123.18958282470703,50.984317779541016,25.557331085205078,92.24365997314453,164.1590118408203,427.93463134765625,693.7536010742188,384.5117492675781,1778.944091796875,145.3665008544922,93.34291076660156,148.45484924316406,52.85421371459961,7222.56982421875
2023-09-14,10.241134643554688,145.68551635742188,123.0763168334961,52.18464660644531,26.062578201293945,94.21231842041016,166.34881591796875,427.1470642089844,706.1148681640625,388.8647155761719,1817.5030517578125,147.4221954345703,94.18898010253906,150.77777099609375,53.760581970214844,7308.669921875
2023-09-15,10.349562644958496,147.49342346191406,123.94465637207031,52.320858001708984,26.28166389465332,95.31194305419922,165.48045349121094,434.6521911621094,723.8010864257812,396.6033020019531,1844.2425537109375,149.2037811279297,94.53844451904297,152.38449096679688,53.83827590942383,7378.81982421875
2023-09-18,10.102977752685547,144.22866821289062,122.73652648925781,51.171607971191406,25.991039276123047,94.21231842041016,163.6870880126953,425.7108459472656,706.0198364257812,391.186279296875,1815.953125,148.4989776611328,93.50845336914062,151.8811798095703,53.51026153564453,7276.14013671875
2023-09-19,10.185172080993652,144.64993286132812,122.01921844482422,52.02290344238281,26.205656051635742,94.21231842041016,162.21463012695312,423.3017883300781,700.5999145507812,387.2686462402344,1788.051025390625,148.53814697265625,93.89469909667969,150.64227294921875,54.4166259765625,7282.1201171875
2023-09-20,10.318083763122559,142.31544494628906,122.35899353027344,52.840152740478516,26.245895385742188,95.48929595947266,165.4993133544922,423.9967346191406,700.5048217773438,396.6033020019531,1817.890625,148.831787109375,95.45807647705078,152.88778686523438,54.40788650512695,7330.7900390625
2023-09-21,10.21665096282959,140.94635009765625,118.47038269042969,52.48260498046875,26.062578201293945,94.15911865234375,159.9115753173828,420.29046630859375,693.4683227539062,386.6398620605469,1711.5142822265625,144.91619873046875,94.2625503540039,150.0228271484375,54.04977035522461,7213.89990234375
2023-09-22,10.057507514953613,140.89369201660156,116.92249298095703,51.70792770385742,25.771947860717773,93.41421508789062,158.5335235595703,426.6374206542969,696.3209228515625,385.333984375,1737.0911865234375,144.0939178466797,93.89469909667969,149.1904296875,54.07597351074219,7184.81982421875
2023-09-25,10.015536308288574,140.64796447753906,116.05416107177734,51.43550491333008,25.593101501464844,92.70478057861328,156.4758758544922,407.27215576171875,678.2544555664062,378.7077941894531,1678.7684326171875,144.03518676757812,94.39129638671875,150.39064025878906,54.26813507080078,7123.8798828125
2023-09-26,10.003293991088867,139.6299285888672,116.63934326171875,51.27376174926758,25.61545753479004,92.27912902832031,154.05953979492188,398.37713623046875,668.4605102539062,374.8868408203125,1653.7728271484375,144.13308715820312,94.52005004882812,148.00961303710938,54.07597351074219,7074.02001953125
2023-09-27,10.054010391235352,139.08580017089844,117.03575897216797,51.171607971191406,25.302474975585938,92.59837341308594,153.5120849609375,395.87542724609375,664.3718872070312,374.06463623046875,1643.697021484375,146.32582092285156,93.50845336914062,150.3325653076172,54.96690368652344,7071.7900390625
2023-09-28,10.18867015838623,140.36712646484375,119.62187194824219,51.47807312011719,25.35165786743164,93.30780029296875,154.94677734375,397.9139099121094,671.3131713867188,377.5469665527344,1666.1737060546875,146.6977996826172,92.66238403320312,151.47467041015625,55.5695915222168,7116.240234375
2023-09-29,10.223647117614746,140.2793731689453,119.84839630126953,51.44402313232422,25.199636459350586,93.13044738769531,155.8906707763672,400.1839599609375,681.2022094726562,380.3522644042969,1675.862060546875,145.5035400390625,93.32453155517578,151.9392547607422,54.42536544799805,7135.06005859375
2023-10-02,10.087238311767578,138.0326385498047,118.50814056396484,50.81406021118164,24.756988525390625,91.97761535644531,154.474853515625,397.7748718261719,679.7759399414062,380.8359069824219,1671.9866943359375,143.19334411621094,93.63719940185547,149.8098907470703,53.761531829833984,7068.16015625
2023-10-03,9.961322784423828,137.04971313476562,117.33778381347656,50.056400299072266,24.417177200317383,89.70744323730469,153.304443359375,390.6866455078125,670.6475219726562,379.0463562011719,1652.4163818359375,141.7445831298828,93.3980941772461,149.69374084472656,53.52569580078125,6997.0498046875
2023-10-04,9.928094863891602,137.41830444335938,116.60159301757812,49.92019271850586,24.332223892211914,90.3636703491211,153.96514892578125,390.5013427734375,677.4938354492188,379.23980712890625,1677.0244140625,140.7265167236328,93.63719940185547,148.88072204589844,52.48627471923828,6996.72998046875
2023-10-05,9.98580551147461,137.47096252441406,116.58271789550781,50.39692306518555,24.430591583251953,90.07989501953125,153.85189819335938,390.5013427734375,685.1957397460938,378.56268310546875,1677.799560546875,140.1979217529297,94.59362030029297,149.1904296875,52.20677185058594,6998.25
2023-10-06,10.211404800415039,138.52410888671875,117.30003356933594,51.060935974121094,25.0118465423584,90.7361068725586,154.85240173339844,394.1149597167969,693.8487548828125,381.319580078125,1701.6324462890625,141.72499084472656,93.98665618896484,150.58419799804688,52.70464324951172,7060.14990234375
2023-10-09,10.020782470703125,138.9278106689453,116.16743469238281,50.252197265625,24.92689323425293,90.6474380493164,154.1350555419922,388.8335266113281,675.7822265625,374.4031677246094,1673.92431640625,142.78221130371094,94.33612823486328,147.6999053955078,53.621768951416016,7021.39990234375
2023-10-10,10.167683601379395,141.9468536376953,118.5458984375,50.93324279785156,25.324831008911133,92.33233642578125,156.6835174560547,402.222412109375,697.4620361328125,384.7535705566406,1722.17138671875,147.2263946533203,94.42808532714844,151.66822814941406,54.05850601196289,7162.43017578125
2023-10-11,10.211404800415039,143.31593322753906,119.2254638671875,51.28227615356445,25.539447784423828,93.55610656738281,157.17433166503906,396.5240478515625,652.390869140625,383.8345947265625,1696.40087890625,148.85137939453125,95.01665496826172,152.2102508544922,53.883811950683594,7131.2099609375
2023-10-12,10.20965576171875,143.56167602539062,118.69691467285156,50.601234436035156,25.360599517822266,92.91761779785156,157.0988311767578,386.19281005859375,641.8362426757812,380.3522644042969,1671.9866943359375,148.94927978515625,95.62361145019531,151.2810821533203,54.30307388305664,7104.52978515625
2023-10-13,9.968317031860352,141.61334228515625,115.1103286743164,49.06889343261719,25.047616958618164,91.2681884765625,154.89015197753906,376.9271545410156,628.1437377929688,372.08160400390625,1652.6103515625,145.93426513671875,95.07182312011719,148.2032012939453,55.17653274536133,7003.52978515625
2023-10-16,10.08898639678955,140.94635009765625,116.03529357910156,49.23064041137695,25.05655860900879,90.78932189941406,156.32484436035156,379.8921813964844,634.3243408203125,374.11297607421875,1650.672607421875,147.28514099121094,95.53164672851562,147.27403259277344,55.08045959472656,7022.18994140625
2023-10-17,10.09073543548584,139.84054565429688,120.15042114257812,49.10295104980469,25.284587860107422,91.12631225585938,155.21107482910156,379.4288635253906,635.5604858398438,374.74176025390625,1636.3341064453125,148.7534942626953,94.66719055175781,147.02235412597656,55.18526840209961,7029.7001953125
2023-10-18,10.006792068481445,138.06776428222656,117.71532440185547,48.787967681884766,25.181751251220703,89.40593719482422,154.4370880126953,379.382568359375,634.8948974609375,370.582275390625,1633.427490234375,146.44329833984375,93.21417236328125,142.37649536132812,55.7093505859375,6965.990234375
2023-10-19,9.949080467224121,137.822021484375,116.94136810302734,48.27718734741211,24.92689323425293,89.21085357666016,153.0401611328125,380.4944152832031,637.6524047851562,373.5809631347656,1627.61474609375,145.3273468017578,90.86909484863281,141.0601806640625,55.31629180908203,6921.3701171875
2023-10-20,9.81092357635498,133.9429168701172,114.44965362548828,47.29819107055664,24.287513732910156,88.34178161621094,153.9085235595703,373.22088623046875,631.3766479492188,367.82537841796875,1602.6190185546875,141.88162231445312,90.88749694824219,136.89825439453125,54.652462005615234,6816.22021484375
2023-10-23,9.894866943359375,134.2062225341797,115.62000274658203,47.7834358215332,24.363523483276367,88.59009552001953,156.2115936279297,373.8694763183594,636.5114135742188,374.2097473144531,1628.7772216796875,143.56532287597656,90.40928649902344,137.3628387451172,54.4166259765625,6850.47021484375
2023-10-24,9.795183181762695,134.99607849121094,118.13060760498047,47.59614562988281,24.44400405883789,89.63648986816406,158.04269409179688,377.5294189453125,647.5413818359375,381.22283935546875,1674.1180419921875,145.4839630126953,90.98865509033203,134.943115234375,54.18079376220703,6893.64990234375
2023-10-25,9.847648620605469,137.55873107910156,118.01734924316406,47.82599639892578,24.672035217285156,89.35272216796875,159.11871337890625,364.41851806640625,645.7348022460938,386.15618896484375,1721.0089111328125,145.346923828125,92.9014892578125,135.48512268066406,54.32927703857422,6915.06982421875
2023-10-26,9.800430297851562,139.17355346679688,119.33872985839844,46.58310317993164,24.609439849853516,89.10443115234375,156.40036010742188,356.1720886230469,635.5604858398438,380.3038635253906,1684.581298828125,144.62254333496094,92.3864974975586,135.5238494873047,54.57384490966797,6888.9599609375
2023-10-27,9.767202377319336,140.6304168701172,117.94184875488281,46.54053497314453,24.551313400268555,90.45235443115234,158.5901336669922,355.3381652832031,628.9044189453125,377.788818359375,1694.2694091796875,143.56532287597656,74.89505004882812,138.4662322998047,55.02804946899414,6795.3798828125
2023-10-30,9.823164939880371,140.22669982910156,119.11219787597656,45.73180389404297,24.89559555053711,91.41007995605469,158.83555603027344,354.8748474121094,638.03271484375,379.23980712890625,1697.7572021484375,144.97494506835938,77.37805938720703,138.2532958984375,55.01931381225586,6825.06982421875
2023-10-31,9.949080467224121,141.89418029785156,119.18770599365234,46.217041015625,24.998432159423828,92.65158081054688,161.0631103515625,355.0601806640625,641.3607788085938,383.2058410644531,1704.732421875,143.91773986816406,78.81268310546875,140.3245849609375,55.202735900878906,6885.64990234375
2023-11-01,9.984057426452637,142.92979431152344,120.75448608398438,46.31068420410156,25.29353141784668,93.43195343017578,161.79933166503906,353.94830322265625,642.1215209960938,384.028076171875,1718.4898681640625,146.61947631835938,79.87026977539062,140.55686950683594,55.57832717895508,6932.6298828125
2023-11-02,10.102977752685547,144.8079071044922,121.81156921386719,47.29819107055664,25.503677368164062,94.15911865234375,165.72586059570312,366.7348937988281,666.6538696289062,390.0738525390625,1762.474365234375,148.6555938720703,80.192138671875,144.68008422851562,56.41684341430664,7060.68994140625
2023-11-03,10.21665096282959,143.21063232421875,121.81156921386719,48.21759796142578,25.19069480895996,94.33647918701172,164.4610595703125,377.3440856933594,668.2703857421875,390.5091857910156,1758.0177001953125,146.89358520507812,78.4908218383789,145.86090087890625,54.44282913208008,7047.5
2023-11-06,10.207906723022461,143.43881225585938,121.20751953125,48.3623161315918,24.88665199279785,93.55610656738281,162.96974182128906,369.4219665527344,662.9454956054688,389.9771423339844,1755.88623046875,146.83485412597656,78.11376953125,144.44778442382812,54.731075286865234,7013.72998046875
2023-11-07,10.132708549499512,142.70159912109375,121.94371032714844,47.63019943237305,24.524486541748047,93.2900619506836,163.19625854492188,370.67279052734375,663.2307739257812,392.20196533203125,1758.0177001953125,147.03062438964844,77.63555145263672,144.62200927734375,53.490760803222656,6986.22998046875
2023-11-08,10.248130798339844,143.42124938964844,123.05744171142578,47.757896423339844,24.783815383911133,93.69799041748047,164.2345428466797,373.6378479003906,668.93603515625,401.875244140625,1793.2825927734375,149.1646270751953,79.20812225341797,146.05447387695312,53.088966369628906,7034.16015625
2023-11-09,10.248130798339844,145.7908477783203,120.67897033691406,47.74938201904297,24.752517700195312,94.49609375,165.5937042236328,376.7881774902344,679.3004760742188,405.3092346191406,1816.1468505859375,150.260986328125,79.16215515136719,158.1143798828125,53.595577239990234,7113.66015625
2023-11-10,10.239385604858398,146.21209716796875,121.26414489746094,47.34075927734375,24.792757034301758,94.49609375,165.08401489257812,364.23321533203125,653.3416748046875,400.7144470214844,1787.8572998046875,149.849853515625,78.29769134521484,155.6365966796875,54.18953323364258,7045.0400390625
2023-11-13,10.267366409301758,147.1423797607422,122.92530822753906,47.49399185180664,25.083385467529297,94.97496032714844,166.83963012695312,364.8354797363281,654.6729736328125,401.1013488769531,1800.0643310546875,151.82723999023438,78.43563842773438,155.57852172851562,54.84462356567383,7087.06005859375
2023-11-14,10.305841445922852,148.3184051513672,124.2466812133789,47.6812744140625,25.141510009765625,96.38099670410156,169.87892150878906,378.1317138671875,672.1689453125,410.72625732421875,1850.8304443359375,153.8241729736328,77.7918930053711,158.7144775390625,54.62625503540039,7185.68017578125
2023-11-15,10.223647117614746,147.45831298828125,123.83137512207031,47.98774337768555,24.92242431640625,97.65270233154297,168.179931640625,380.0311279296875,683.6744995117188,410.0491027832031,1870.7880859375,154.3723602294922,76.92743682861328,159.17906188964844,54.687400817871094,7209.60986328125
2023-11-16,10.192168235778809,148.2306365966797,124.07678985595703,47.74938201904297,25.016319274902344,97.04373168945312,167.89678955078125,369.7926025390625,671.408203125,407.243896484375,1863.03759765625,155.66452026367188,78.00341033935547,158.79190063476562,53.246185302734375,7168.39990234375
2023-11-17,10.288352966308594,149.42420959472656,124.83184051513672,48.294212341308594,25.38295555114746,97.95719909667969,169.31259155273438,374.6107177734375,676.637939453125,410.0975036621094,1864.587646484375,157.17201232910156,78.98741912841797,160.68896484375,53.98862838745117,7233.91015625
2023-11-20,10.32158088684082,149.5997314453125,125.56802368164062,48.35380172729492,25.338241577148438,97.58106231689453,166.6697235107422,373.5915222167969,682.4383544921875,407.9693603515625,1881.0577392578125,157.30906677246094,78.55519104003906,158.05630493164062,55.02804946899414,7246.93017578125
2023-11-21,10.270865440368652,150.58265686035156,126.24760437011719,48.064361572265625,25.21752166748047,97.61688232421875,167.0472869873047,370.11688232421875,669.5064086914062,411.741943359375,1889.3892822265625,157.56358337402344,78.48162078857422,158.61767578125,54.984375,7229.4501953125
2023-11-22,10.256874084472656,151.6884765625,126.47412872314453,48.16651916503906,25.2532901763916,98.26168823242188,168.87841796875,374.1474304199219,677.3035888671875,415.6112365722656,1912.447265625,157.5048370361328,78.09537506103516,159.93402099609375,54.0235710144043,7260.72998046875
2023-11-23,10.234139442443848,151.77622985839844,127.02156066894531,48.438934326171875,25.2532901763916,98.49453735351562,167.76463317871094,376.13958740234375,676.637939453125,415.22430419921875,1898.6900634765625,157.5048370361328,79.30928802490234,159.41134643554688,54.862091064453125,7277.93017578125
2023-11-24,10.274362564086914,152.4081268310547,127.09705352783203,48.54960250854492,25.445552825927734,98.94232940673828,168.0478057861328,376.6028747558594,672.1689453125,417.3524475097656,1890.358154296875,157.622314453125,79.43803405761719,160.94061279296875,55.150325775146484,7292.7998046875
2023-11-27,10.258623123168945,152.513427734375,126.09659576416016,48.03030776977539,25.360599517822266,98.99606323242188,167.06617736816406,374.7960510253906,663.0405883789062,418.8034362792969,1890.1644287109375,156.40847778320312,79.6679458618164,160.37924194335938,54.90576171875,7265.490234375
2023-11-28,10.270865440368652,153.0224609375,127.00267791748047,48.081390380859375,25.46790885925293,99.51548767089844,166.6697235107422,365.1134033203125,650.8694458007812,416.6269226074219,1852.186767578125,157.79852294921875,78.86787414550781,160.70831298828125,55.19401168823242,7250.1298828125
2023-11-29,10.318083763122559,152.4958953857422,127.9465103149414,48.45595932006836,25.432138442993164,100.41104888916016,167.29269409179688,362.2873840332031,656.57470703125,417.7393798828125,1837.84814453125,156.76087951660156,78.04939270019531,161.83108520507812,53.87507629394531,7267.64013671875
2023-11-30,10.512203216552734,152.53099060058594,128.55055236816406,49.1795654296875,25.57074546813965,100.57225799560547,165.2916717529297,364.78912353515625,668.1752319335938,416.9654846191406,1844.82373046875,157.622314453125,78.59197998046875,163.20547485351562,54.381683349609375,7310.77001953125
2023-12-01,10.550677299499512,152.00442504882812,130.32496643066406,49.205101013183594,25.83901596069336,101.48573303222656,168.12330627441406,364.0478820800781,664.8472290039062,421.8988342285156,1855.4808349609375,159.69757080078125,78.88626098632812,164.3475799560547,54.469032287597656,7346.14990234375
2023-12-04,10.604890823364258,151.19700622558594,129.3245086669922,49.775474548339844,25.97315216064453,101.53946685791016,168.06668090820312,370.67279052734375,669.6392822265625,422.62432861328125,1857.6121826171875,157.85723876953125,79.63115692138672,162.6828155517578,53.621768951416016,7332.58984375
2023-12-05,10.641615867614746,153.09266662597656,128.89035034179688,50.87364959716797,26.17435646057129,103.25895690917969,169.57687377929688,369.3293151855469,683.5361938476562,425.3812255859375,1872.9195556640625,157.0937042236328,79.45643615722656,164.56053161621094,53.604312896728516,7386.990234375
2023-12-06,10.81999683380127,152.2325897216797,130.5326385498047,51.63982009887695,26.52758026123047,103.59927368164062,170.33197021484375,374.6107177734375,688.7116088867188,426.9773254394531,1896.171142578125,160.51983642578125,79.20812225341797,167.05767822265625,52.97541809082031,7435.990234375
2023-12-07,10.889949798583984,152.61874389648438,130.58924865722656,52.02290344238281,26.73325538635254,103.59927368164062,170.89830017089844,373.77679443359375,685.8363037109375,424.4139099121094,1892.4896240234375,160.65689086914062,78.26091003417969,167.1544647216797,52.99288558959961,7428.52001953125
2023-12-08,11.028107643127441,153.86497497558594,133.8549346923828,52.652862548828125,26.82267951965332,103.7425537109375,172.44625854492188,383.4130859375,708.3589477539062,427.5093688964844,1920.58544921875,161.12677001953125,79.20812225341797,169.32254028320312,54.06724166870117,7526.5498046875
2023-12-11,11.059586524963379,155.00587463378906,134.3079833984375,52.082496643066406,26.88080406188965,103.97540283203125,172.93707275390625,379.4288635253906,709.221435546875,429.3472595214844,1935.5052490234375,161.98818969726562,80.7439193725586,170.89051818847656,54.128387451171875,7551.52978515625
2023-12-12,11.068330764770508,156.4803009033203,134.6666259765625,51.77602767944336,26.889745712280273,103.34851837158203,173.2579803466797,380.30914306640625,703.0877075195312,430.16949462890625,1946.8402099609375,163.9459991455078,80.80830383300781,171.27769470214844,53.55190658569336,7543.5498046875
2023-12-13,11.021111488342285,157.12974548339844,134.3079833984375,51.34186935424805,26.612533569335938,102.79325866699219,175.0135955810547,378.965576171875,703.9503173828125,430.8949890136719,1963.7947998046875,162.22314453125,81.42445373535156,170.89051818847656,53.595577239990234,7531.22021484375
2023-12-14,11.276440620422363,153.67190551757812,132.19375610351562,53.52970504760742,26.16094207763672,103.90376281738281,174.69268798828125,395.69012451171875,715.7386474609375,429.05706787109375,1954.1065673828125,157.3873748779297,80.94623565673828,173.25216674804688,53.639251708984375,7575.85009765625
2023-12-15,11.3079195022583,154.44419860839844,131.68409729003906,53.70847702026367,26.084932327270508,103.50971984863281,174.8437042236328,387.1657409667969,717.2721557617188,431.95904541015625,1960.4039306640625,156.7804718017578,80.6519546508789,175.3234405517578,53.83140563964844,7596.91015625
2023-12-18,11.220478057861328,154.44419860839844,131.3632049560547,53.11256790161133,26.031278610229492,101.16333770751953,173.44676208496094,377.4367370605469,710.9466552734375,432.82965087890625,1934.5364990234375,157.36778259277344,81.48883056640625,175.20730590820312,54.46030044555664,7568.85986328125
2023-12-19,11.171510696411133,154.91812133789062,132.02389526367188,53.02743911743164,26.228010177612305,101.46782684326172,172.89932250976562,376.13958740234375,714.4927368164062,436.02178955078125,1934.3427734375,156.8196258544922,81.78311157226562,174.64593505859375,54.14585494995117,7574.669921875
2023-12-20,11.253705978393555,155.7430877685547,130.13623046875,53.51268005371094,26.268251419067383,101.75440979003906,171.54013061523438,376.6028747558594,715.8345336914062,434.5708312988281,1936.6676025390625,154.7834930419922,82.00382232666016,175.20730590820312,54.285606384277344,7583.43017578125
2023-12-21,11.190749168395996,155.11119079589844,130.7402801513672,53.52970504760742,26.402385711669922,101.7723159790039,171.08706665039062,372.1553039550781,712.4801025390625,433.5551452636719,1930.079833984375,155.97775268554688,81.81069946289062,174.64593505859375,54.15458679199219,7571.39990234375
2023-12-22,11.237966537475586,155.6553192138672,131.6085968017578,53.64037322998047,26.50522232055664,102.43504333496094,171.54013061523438,368.5880126953125,707.0172119140625,432.92633056640625,1880.669921875,156.4672088623047,82.16015625,175.1492462158203,54.4166259765625,7568.81982421875
2023-12-27,11.292179107666016,155.18141174316406,131.58970642089844,53.623348236083984,26.451570510864258,102.48877716064453,171.0304412841797,373.22088623046875,704.8128662109375,434.038818359375,1869.4317626953125,156.58468627929688,82.00382232666016,176.05905151367188,54.56510925292969,7571.81982421875
2023-12-28,11.243212699890137,154.6372833251953,131.83511352539062,53.16364669799805,26.317434310913086,101.70066833496094,170.8039093017578,369.0049743652344,700.5958251953125,436.5538024902344,1851.2181396484375,156.25186157226562,82.08659362792969,175.53639221191406,53.639251708984375,7535.16015625
2023-12-29,11.237966537475586,154.56707763671875,131.9295196533203,53.28282928466797,26.371089935302734,101.82604217529297,171.40798950195312,369.699951171875,703.0877075195312,435.9250793457031,1858.9686279296875,156.09523010253906,82.54640197753906,175.94288635253906,53.80520248413086,7543.18017578125
2024-01-02,11.42334270477295,153.4963836669922,133.3452606201172,53.93832778930664,26.576763153076172,102.04098510742188,171.33248901367188,364.18682861328125,692.9285888671875,429.29888916015625,1838.2359619140625,156.7021484375,83.5855941772461,173.1360321044922,54.80421829223633,7530.85986328125
2024-01-03,11.325407028198242,150.91616821289062,129.45664978027344,52.499629974365234,26.549936294555664,101.14542388916016,169.19932556152344,353.16070556640625,666.4765625,424.4622497558594,1803.1646728515625,155.31210327148438,84.58799743652344,169.3031768798828,54.583194732666016,7411.85986328125
2024-01-04,11.489797592163086,151.00392150878906,131.55197143554688,53.55524444580078,26.751140594482422,102.56041717529297,168.74624633789062,351.5856018066406,668.7766723632812,423.0596618652344,1792.895263671875,156.95664978027344,85.36968231201172,169.47740173339844,55.23741149902344,7450.6298828125
2024-01-05,11.585983276367188,149.7928009033203,131.85398864746094,53.63186264038086,26.715370178222656,101.98725891113281,171.06820678710938,350.6126708984375,660.2468872070312,420.0609130859375,1763.0555419921875,156.1735382080078,85.96744537353516,167.5416259765625,55.25509262084961,7420.68994140625
2024-01-08,11.664680480957031,150.28427124023438,135.1574249267578,53.751041412353516,26.746667861938477,102.18427276611328,174.2207489013672,357.14495849609375,662.5470581054688,424.12371826171875,1778.944091796875,157.7789306640625,86.5652084350586,168.6256561279297,53.5311279296875,7450.240234375
2024-01-09,11.645442962646484,150.0560760498047,135.0819091796875,53.3168830871582,26.50075340270996,103.18731689453125,173.54115295410156,355.8014221191406,652.3880004882812,426.1067199707031,1769.2559814453125,158.3662872314453,87.54002380371094,168.33529663085938,53.15097427368164,7426.6201171875
2024-01-10,11.594727516174316,150.4773406982422,135.9502410888672,53.14662170410156,26.41132926940918,103.04402160644531,174.0508575439453,353.6703796386719,654.59228515625,425.6230773925781,1796.1890869140625,160.16744995117188,87.22734069824219,168.58692932128906,52.841556549072266,7426.080078125
2024-01-11,11.433835983276367,151.61825561523438,135.7992401123047,51.759002685546875,26.138586044311523,102.5425033569336,172.61614990234375,343.8950500488281,644.2415161132812,427.07403564453125,1779.33154296875,160.51983642578125,87.4572525024414,168.89666748046875,52.585166931152344,7387.6201171875
2024-01-12,11.470561027526855,154.14581298828125,140.82044982910156,51.784542083740234,26.30849266052246,104.4948501586914,174.33399963378906,339.7718505859375,642.0371704101562,430.84661865234375,1779.525390625,164.94447326660156,87.96305847167969,172.69078063964844,53.16865921020508,7465.14013671875
2024-01-15,11.556252479553223,154.00538635253906,139.70672607421875,52.03142166137695,26.30849266052246,104.97845458984375,167.29269409179688,340.00634765625,641.3662719726562,410.3393249511719,1776.2315673828125,164.9640655517578,86.77672576904297,170.19363403320312,52.99184799194336,7411.68017578125
2024-01-16,11.56149959564209,154.09315490722656,139.366943359375,51.71643829345703,26.478397369384766,104.4948501586914,166.6697235107422,336.4885559082031,638.5868530273438,410.9197082519531,1768.4808349609375,164.3571319580078,87.55841827392578,170.73565673828125,52.67357635498047,7398.0
2024-01-17,11.454821586608887,152.513427734375,138.78173828125,51.28227615356445,26.402385711669922,103.6709213256836,165.5937042236328,324.6687927246094,620.4730224609375,408.3079528808594,1753.5611572265625,163.2999267578125,87.7147445678711,169.69033813476562,51.506591796875,7318.68994140625
2024-01-18,11.446076393127441,153.70700073242188,141.61325073242188,51.63982009887695,26.79585075378418,105.12174224853516,168.57635498046875,331.7043762207031,635.8074951171875,412.27398681640625,1784.3695068359375,167.43087768554688,87.0802001953125,172.78758239746094,51.72761535644531,7401.35009765625
2024-01-19,11.56849479675293,151.846435546875,140.4806671142578,51.59725570678711,27.332395553588867,104.548583984375,167.7080078125,328.79632568359375,631.973876953125,412.27398681640625,1775.6502685546875,166.25619506835938,86.48243713378906,171.8003387451172,51.52426528930664,7371.64013671875
2024-01-22,11.629703521728516,151.61825561523438,141.61325073242188,52.38045120239258,27.46653175354004,105.19338989257812,168.12330627441406,331.93890380859375,635.3283081054688,410.871337890625,1778.750244140625,168.37062072753906,86.62957763671875,174.22006225585938,51.05570602416992,7413.25
2024-01-23,11.608717918395996,148.98538208007812,139.68783569335938,52.07398223876953,27.377105712890625,103.92168426513672,167.23606872558594,337.7080383300781,642.516357421875,412.5641784667969,1752.9798583984375,165.23814392089844,85.12138366699219,173.91033935546875,51.382816314697266,7388.0400390625
2024-01-24,11.69965648651123,151.35496520996094,138.4986114501953,52.77204895019531,27.667734146118164,105.15756225585938,167.5947265625,342.1639404296875,654.9757080078125,414.98248291015625,1774.681396484375,167.74412536621094,85.11219024658203,176.63978576660156,52.03703689575195,7455.64013671875
2024-01-25,11.734633445739746,150.81085205078125,140.140869140625,52.51665496826172,27.49782943725586,105.49787902832031,168.33094787597656,338.6461486816406,656.796630859375,418.2713928222656,1786.5009765625,168.2923126220703,84.31210327148438,176.83335876464844,52.107765197753906,7464.2001953125
2024-01-26,11.776605606079102,150.49490356445312,140.8959503173828,53.248775482177734,27.64984893798828,105.90983581542969,169.74676513671875,360.97235107421875,740.9447631835938,430.556396484375,1904.8905029296875,170.1326446533203,84.6799545288086,177.2398681640625,52.70894241333008,7634.14013671875
2024-01-29,11.58948040008545,151.19700622558594,140.70718383789062,52.814613342285156,27.74821662902832,104.69186401367188,171.97433471679688,361.019287109375,744.01171875,430.1211242675781,1905.2781982421875,170.81787109375,85.22254180908203,176.65914916992188,53.23054885864258,7640.81005859375
2024-01-30,11.638448715209961,151.89910888671875,141.44337463378906,52.95082092285156,27.84210968017578,104.63813781738281,172.72943115234375,362.0042724609375,749.474609375,431.7171936035156,1907.2158203125,170.91575622558594,85.02021789550781,178.57554626464844,53.425045013427734,7677.47021484375
2024-01-31,11.640196800231934,152.42567443847656,139.49908447265625,53.248775482177734,27.864465713500977,104.85308074951172,172.06871032714844,359.51837158203125,741.4240112304688,430.16949462890625,1896.75244140625,169.76065063476562,85.85709381103516,177.0269317626953,53.133296966552734,7656.75
2024-02-01,11.313166618347168,152.00442504882812,139.12155151367188,48.34529113769531,27.274269104003906,104.85308074951172,172.42738342285156,354.9217834472656,738.5487670898438,434.66754150390625,1920.1978759765625,169.56488037109375,82.33489227294922,179.73703002929688,53.557655334472656,7588.75
2024-02-02,11.488048553466797,150.3369140625,140.91482543945312,47.723846435546875,27.305566787719727,104.78143310546875,170.57737731933594,353.2801818847656,745.7367553710938,433.0231018066406,1959.91943359375,171.7576141357422,80.53240203857422,182.64068603515625,52.86807632446289,7592.259765625
2024-02-05,11.416346549987793,147.3179168701172,140.68832397460938,47.757896423339844,27.19378662109375,105.94567108154297,171.16256713867188,360.36260986328125,748.2286987304688,440.8584289550781,1962.3414306640625,171.81634521484375,80.37606811523438,181.9631805419922,52.355308532714844,7589.9599609375
2024-02-06,11.425090789794922,150.845947265625,143.21780395507812,46.88957214355469,27.39946174621582,106.33970642089844,173.5222625732422,367.44512939453125,747.07861328125,439.11724853515625,1954.5909423828125,173.26512145996094,80.2197265625,186.99620056152344,53.310115814208984,7638.97021484375
2024-02-07,11.384867668151855,149.6523895263672,142.21731567382812,46.651206970214844,27.22061538696289,105.37249755859375,174.97584533691406,366.08489990234375,751.4871826171875,437.4244384765625,1974.45166015625,171.69888305664062,80.36687469482422,186.12510681152344,51.621517181396484,7611.259765625
2024-02-08,10.792015075683594,146.98440551757812,142.84024047851562,46.429866790771484,26.89422035217285,104.56649017333984,176.20289611816406,384.049072265625,771.0387573242188,438.3433837890625,2010.298095703125,171.7184600830078,78.89546203613281,189.8224334716797,52.319942474365234,7665.6298828125
2024-02-09,10.676592826843262,146.98440551757812,142.06631469726562,45.493438720703125,26.818206787109375,104.01123809814453,177.7319793701172,387.5199890136719,773.9140014648438,405.11578369140625,2106.6953125,172.69735717773438,79.54839324951172,189.66758728027344,52.79735565185547,7647.52001953125
2024-02-12,10.69408130645752,147.61630249023438,141.5377655029297,46.11488342285156,27.390520095825195,104.04705810546875,180.2804412841797,386.394287109375,787.715087890625,414.6439208984375,2117.352294921875,171.26815795898438,79.1529541015625,188.81582641601562,52.8857536315918,7689.7998046875
2024-02-13,10.667848587036133,147.7918243408203,140.53729248046875,45.8254508972168,27.39499282836914,102.86491394042969,177.84523010253906,385.45623779296875,767.49267578125,414.01513671875,2068.3486328125,169.93685913085938,78.8034896850586,185.6605224609375,53.310115814208984,7625.31005859375
2024-02-14,10.669596672058105,149.07315063476562,141.82090759277344,45.902061462402344,27.39499282836914,103.2052230834961,180.01614379882812,390.3342590332031,769.2177734375,417.20733642578125,2080.96337890625,172.20791625976562,78.84027862548828,189.12554931640625,53.41620635986328,7677.35009765625
2024-02-15,10.69408130645752,148.511474609375,140.53729248046875,45.97867965698242,27.524656295776367,103.47389221191406,177.56207275390625,397.13531494140625,781.6771850585938,423.4465637207031,2123.1748046875,179.29513549804688,79.5575942993164,191.89370727539062,52.82386779785156,7743.419921875
2024-02-16,10.69408130645752,150.16140747070312,138.12107849121094,46.29365921020508,27.70350456237793,101.41409301757812,176.9013671875,401.5911865234375,781.8687744140625,427.9446105957031,2133.8486328125,183.91554260253906,79.51160430908203,195.41683959960938,52.94763946533203,7768.18017578125
2024-02-19,10.811253547668457,150.67042541503906,136.19564819335938,46.62566375732422,27.730331420898438,102.20218658447266,178.2416534423828,401.4973449707031,787.715087890625,426.88055419921875,2146.94873046875,185.12937927246094,79.29090118408203,196.4815216064453,52.77082824707031,7768.5498046875
2024-02-20,10.877708435058594,163.11512756347656,136.81857299804688,47.24711608886719,27.868938446044922,102.48877716064453,177.9396209716797,401.68499755859375,786.0858154296875,429.1054382324219,2153.741455078125,186.44110107421875,80.12776184082031,194.69091796875,51.80718231201172,7795.22021484375
2024-02-21,10.94416332244873,162.71142578125,137.66802978515625,47.5876350402832,27.877880096435547,103.11566925048828,178.8079833984375,403.0920715332031,787.4275512695312,430.02435302734375,2162.474609375,185.20767211914062,80.34848022460938,195.99757385253906,52.09008026123047,7812.08984375
2024-02-22,11.012367248535156,162.72897338867188,139.00828552246094,47.860050201416016,28.669282913208008,103.45598602294922,181.3375701904297,407.5948486328125,805.4456176757812,436.4087219238281,2202.7451171875,187.40042114257812,81.6083755493164,200.88540649414062,52.27574157714844,7911.60009765625
2024-02-23,10.973894119262695,166.30967712402344,139.65008544921875,48.00476837158203,28.88389778137207,104.56649017333984,183.41409301757812,399.2928771972656,814.7421875,435.4897766113281,2232.82666015625,188.94708251953125,82.50042724609375,203.0631561279297,52.74430847167969,7966.68017578125
2024-02-26,10.893447875976562,166.5203094482422,139.06491088867188,47.11090850830078,28.950965881347656,104.0649642944336,183.71615600585938,401.4973449707031,807.1707763671875,435.9250793457031,2226.519287109375,189.57357788085938,82.10498046875,203.25672912597656,52.32878494262695,7929.81982421875
2024-02-27,10.947661399841309,166.1692657470703,139.68783569335938,47.33224105834961,28.95990753173828,105.35458374023438,184.75439453125,406.7506103515625,815.0296630859375,436.6022033691406,2228.945068359375,188.26185607910156,81.69114685058594,198.90122985839844,52.602848052978516,7948.39990234375
2024-02-28,10.994879722595215,165.62513732910156,145.0865936279297,47.20455551147461,29.25053596496582,106.10687255859375,186.13247680664062,399.62115478515625,812.4419555664062,431.95904541015625,2247.867431640625,189.1428680419922,81.7003402709961,200.74021911621094,52.51445007324219,7954.39013671875
2024-02-29,10.947661399841309,164.9054718017578,144.35040283203125,47.144962310791016,29.402557373046875,106.03523254394531,185.15084838867188,398.7300109863281,807.7457885742188,427.26751708984375,2244.470703125,189.61273193359375,80.8266830444336,203.0631561279297,52.15196990966797,7927.43017578125
2024-03-01,11.017614364624023,164.06295776367188,144.06724548339844,47.80046081542969,28.93755340576172,105.05010223388672,186.4911346435547,397.6981506347656,811.196044921875,427.5093688964844,2239.619140625,189.35821533203125,80.29330444335938,203.15992736816406,52.86807632446289,7934.169921875
2024-03-04,11.015864372253418,166.81871032714844,146.6344757080078,48.7539176940918,29.170053482055664,104.90680694580078,188.32225036621094,390.00592041015625,804.8705444335938,429.1054382324219,2231.856201171875,192.33407592773438,79.84268188476562,205.5796661376953,52.50559616088867,7956.41015625
2024-03-05,10.986135482788086,166.3272247314453,148.72979736328125,48.72837829589844,29.263948440551758,105.40831756591797,190.14395141601562,385.5500183105469,794.6156005859375,424.0269775390625,2199.34912109375,193.6457977294922,80.55998992919922,201.27255249023438,52.30226516723633,7932.81982421875
2024-03-06,10.965149879455566,167.4330291748047,149.3527374267578,48.7539176940918,29.26841926574707,104.96053314208984,190.3327178955078,385.69073486328125,797.9700317382812,423.83349609375,2204.200439453125,194.52679443359375,80.11856842041016,202.0952606201172,53.0272102355957,7954.740234375
2024-03-07,11.19599437713623,169.6973114013672,149.44711303710938,49.70737075805664,29.599287033081055,106.465087890625,192.0316925048828,385.97216796875,804.8705444335938,430.7982482910156,2246.411865234375,192.47109985351562,80.92784881591797,204.51499938964844,52.974159240722656,8016.22021484375
2024-03-08,11.16976261138916,169.96060180664062,149.18284606933594,50.16707229614258,29.974868774414062,106.16060638427734,193.82505798339844,391.5537109375,809.7584228515625,434.3289794921875,2244.470703125,191.31602478027344,80.64276123046875,205.2409210205078,53.08909606933594,8028.009765625
2024-03-11,11.264198303222656,169.24095153808594,147.9936065673828,50.26922607421875,29.760250091552734,106.25015258789062,193.2587432861328,394.1334533691406,815.0296630859375,433.6034851074219,2236.22314453125,190.41542053222656,81.22213745117188,201.75650024414062,53.15981674194336,8019.72998046875
2024-03-12,11.316664695739746,170.18878173828125,149.12620544433594,50.83108901977539,30.36833381652832,106.64421081542969,193.8722686767578,399.76190185546875,823.2720336914062,435.876708984375,2262.4228515625,193.74368286132812,81.24051666259766,202.53082275390625,53.63722610473633,8087.47998046875
2024-03-13,11.356886863708496,170.96109008789062,150.3343048095703,51.88669967651367,30.243139266967773,107.27110290527344,194.62734985351562,397.36981201171875,831.1309204101562,439.3591003417969,2287.65283203125,194.8009033203125,81.37847137451172,206.83792114257812,54.583194732666016,8137.580078125
2024-03-14,11.398859024047852,171.39988708496094,151.35366821289062,51.29078674316406,30.4085750579834,104.78143310546875,196.51512145996094,399.8088073730469,836.498046875,436.5054626464844,2321.61572265625,196.1713409423828,81.1209716796875,208.24136352539062,55.44075012207031,8161.419921875
2024-03-15,11.384867668151855,171.2594757080078,153.61886596679688,52.1080322265625,30.694730758666992,104.78143310546875,197.55337524414062,399.76190185546875,826.4347534179688,431.57208251953125,2319.189697265625,198.08021545410156,81.11177825927734,208.09619140625,55.23741149902344,8164.35009765625
2024-03-18,11.467063903808594,170.31163024902344,154.05303955078125,52.23573303222656,30.6142520904541,104.87097930908203,195.4768524169922,397.2291259765625,822.409423828125,427.1224060058594,2307.060302734375,199.05911254882812,80.92784881591797,207.80580139160156,55.370025634765625,8148.14013671875
2024-03-19,11.578987121582031,171.34722900390625,156.84678649902344,52.78056335449219,30.95853042602539,104.92472076416016,198.0253143310547,399.5743103027344,824.422119140625,426.78387451171875,2333.26025390625,201.50634765625,80.192138671875,208.3865509033203,56.8464469909668,8201.0498046875
2024-03-20,11.58948040008545,171.1365966796875,158.62120056152344,52.720970153808594,30.936176300048828,104.4948501586914,198.30848693847656,351.9668273925781,811.0044555664062,422.479248046875,2333.745361328125,200.52745056152344,80.5967788696289,208.33816528320312,56.52446365356445,8161.41015625
2024-03-21,11.718894958496094,169.99571228027344,159.79156494140625,53.32538986206055,30.98535919189453,104.56649017333984,198.82760620117188,348.308349609375,812.6337280273438,420.7380676269531,2339.08251953125,202.2894744873047,80.6611557006836,209.93516540527344,56.27404022216797,8179.72021484375
2024-03-22,11.717144966125488,167.1697540283203,160.3578643798828,53.46160125732422,30.833337783813477,104.2082748413086,196.98704528808594,335.8787841796875,794.1364135742188,418.5132141113281,2315.308349609375,202.87681579589844,81.5256118774414,211.04824829101562,56.2114372253418,8151.919921875
2024-03-25,11.715396881103516,167.81918334960938,160.5655059814453,53.19770050048828,30.918291091918945,103.85002899169922,197.88372802734375,331.8450927734375,791.1653442382812,421.22174072265625,2331.804931640625,203.65992736816406,82.44524383544922,208.0477752685547,56.551292419433594,8151.60009765625
2024-03-26,11.869294166564941,168.90745544433594,161.05630493164062,54.7470588684082,30.940643310546875,106.08895111083984,197.97811889648438,342.30462646484375,787.6192626953125,419.770751953125,2316.27880859375,206.5476837158203,83.962646484375,208.53172302246094,56.327701568603516,8184.75
2024-03-27,11.874540328979492,169.66220092773438,161.96238708496094,55.05352783203125,31.02112579345703,107.5218505859375,199.01638793945312,343.8993835449219,795.7656860351562,424.6557312011719,2317.248779296875,204.93251037597656,84.38567352294922,202.57920837402344,56.38136291503906,8204.8095703125
2024-03-28,12.080901145935059,169.24095153808594,161.13182067871094,56.06657791137695,31.132904052734375,106.35762786865234,197.93092346191406,343.66485595703125,799.0242919921875,424.3171691894531,2295.900634765625,205.6177215576172,83.64996337890625,202.91796875,56.765953063964844,8205.8095703125
2024-04-02,12.132492065429688,167.99472045898438,157.77175903320312,55.6920051574707,31.083721160888672,105.00531768798828,196.79827880859375,344.1338806152344,787.6192626953125,416.8687744140625,2291.049072265625,200.9679718017578,81.4152603149414,197.78817749023438,58.99294662475586,8130.0498046875
2024-04-03,12.289886474609375,168.34576416015625,158.62120056152344,56.63694763183594,31.18208885192871,105.90087890625,198.59164428710938,343.7586669921875,782.0604248046875,407.58245849609375,2324.041748046875,201.94686889648438,81.82909393310547,199.57875061035156,59.61900329589844,8153.22998046875
2024-04-04,12.368583679199219,166.36233520507812,158.52684020996094,57.17327117919922,31.164203643798828,104.10974884033203,194.06105041503906,346.43218994140625,785.319091796875,406.7118835449219,2313.36767578125,202.14263916015625,81.5899887084961,201.36935424804688,59.96780776977539,8151.5498046875
2024-04-05,12.333606719970703,164.55442810058594,158.5834503173828,56.65397644042969,30.529296875,102.49772644042969,191.89012145996094,340.33465576171875,766.5342407226562,399.215087890625,2275.52294921875,201.16372680664062,80.32088470458984,200.98219299316406,59.74422073364258,8061.31005859375
2024-04-08,12.355467796325684,165.22142028808594,160.9619140625,57.02854537963867,30.699203491210938,103.84107971191406,195.28807067871094,342.5860900878906,773.7222900390625,397.76409912109375,2269.700927734375,203.61099243164062,80.00821685791016,203.0147705078125,60.754852294921875,8119.2998046875
2024-04-09,12.298630714416504,164.4140167236328,155.4310302734375,56.730594635009766,30.278911590576172,102.58729553222656,192.2676544189453,341.64801025390625,762.1256713867188,401.923583984375,2214.3896484375,199.3038330078125,80.21054077148438,200.01429748535156,60.28083038330078,8049.169921875
2024-04-10,12.285513877868652,164.36135864257812,154.99688720703125,56.80720901489258,30.269968032836914,101.10958862304688,190.09674072265625,334.8468933105469,760.01708984375,401.43994140625,2213.419189453125,201.0658416748047,81.0382080078125,202.1436767578125,60.88901138305664,8045.3798828125
2024-04-11,12.045050621032715,165.62513732910156,153.14694213867188,55.76862335205078,29.91227149963379,100.97526550292969,191.7957305908203,333.1114807128906,757.62109375,405.1641540527344,2224.09326171875,201.0658416748047,79.7047348022461,202.28884887695312,60.54914474487305,8023.740234375
2024-04-12,12.03193473815918,164.44911193847656,153.75099182128906,55.640926361083984,30.100061416625977,101.24394226074219,191.41818237304688,328.79632568359375,748.7079467773438,400.9562683105469,2202.7451171875,201.45741271972656,79.52080535888672,202.67599487304688,61.792320251464844,8010.830078125
2024-04-15,12.084399223327637,165.25653076171875,154.4116973876953,55.989952087402344,30.243139266967773,101.24394226074219,192.36204528808594,328.5149230957031,761.7421875,401.875244140625,2234.767333984375,203.51309204101562,80.42204284667969,205.289306640625,61.07682418823242,8045.10986328125
2024-04-16,11.865795135498047,162.9922637939453,152.68321228027344,54.338443756103516,29.70659828186035,100.25880432128906,191.89012145996094,319.2279357910156,749.282958984375,401.53668212890625,2221.181884765625,200.67428588867188,79.8150863647461,201.99847412109375,60.14668273925781,7932.60986328125
2024-04-17,11.948864936828613,163.6768035888672,153.54745483398438,54.6108512878418,29.921215057373047,100.57225799560547,189.90797424316406,319.88458251953125,770.5596313476562,404.5837097167969,2272.61181640625,202.33840942382812,79.25411224365234,202.77279663085938,60.51337814331055,7981.509765625
2024-04-18,12.158723831176758,163.869873046875,154.2772674560547,55.72605514526367,30.243139266967773,101.69171905517578,193.2115478515625,319.4155578613281,763.6589965820312,409.7589416503906,2256.11572265625,203.8067626953125,78.3804702758789,208.43495178222656,60.29872512817383,8023.259765625
2024-04-19,12.272397994995117,164.78260803222656,153.681884765625,55.70051956176758,30.314680099487305,101.5125961303711,191.89012145996094,318.10223388671875,763.4674072265625,430.4113464355469,2251.263671875,201.5552978515625,79.90705871582031,201.70811462402344,60.17350769042969,8022.41015625
2024-04-22,12.434165000915527,164.88792419433594,155.02626037597656,56.71356964111328,30.699203491210938,101.69171905517578,191.60696411132812,324.85638427734375,763.6589965820312,426.5903625488281,2241.560302734375,200.9679718017578,81.08418273925781,198.0301513671875,60.728023529052734,8040.35986328125
2024-04-23,12.57844352722168,167.2399444580078,156.25543212890625,57.93092346191406,31.22679901123047,102.98479461669922,193.30593872070312,328.5149230957031,773.6244506835938,426.3002014160156,2285.226806640625,204.5898895263672,81.70954132080078,202.43402099609375,60.73697280883789,8105.77978515625
2024-04-24,12.635279655456543,163.36085510253906,155.77528381347656,57.658512115478516,30.62766456604004,103.0309829711914,193.2115478515625,305.9541015625,774.2050170898438,425.8648986816406,2283.285888671875,205.76455688476562,80.6519546508789,205.82164001464844,60.73697280883789,8091.85986328125
2024-04-25,12.657140731811523,161.14926147460938,152.22227478027344,58.194828033447266,30.225255966186523,101.73789978027344,190.2855224609375,307.03289794921875,752.7261352539062,421.5119323730469,2228.945068359375,203.1215362548828,84.25692749023438,204.6117706298828,60.87112808227539,8016.64990234375
2024-04-26,12.727093696594238,162.5183563232422,150.82028198242188,57.045570373535156,30.269968032836914,102.61534881591797,191.89012145996094,317.0234375,766.46484375,427.896240234375,2280.375,204.19833374023438,83.89826965332031,210.3707275390625,62.14113998413086,8088.240234375
2024-04-29,12.722721099853516,161.83380126953125,149.7063751220703,57.64999771118164,30.57400894165039,102.15353393554688,190.2855224609375,314.8658447265625,753.8871459960938,428.7311096191406,2229.91552734375,200.57640075683594,84.45923614501953,209.11245727539062,61.935428619384766,8065.14990234375
2024-04-30,12.722721099853516,161.37742614746094,148.53482055664062,57.55635070800781,30.792325973510742,101.83026885986328,189.53042602539062,309.5657043457031,749.2431030273438,431.8250427246094,2184.308349609375,199.89117431640625,85.59959411621094,208.19297790527344,61.34513473510742,7984.93017578125
2024-05-02,12.775185585021973,158.9025421142578,147.47854614257812,57.420143127441406,30.251279830932617,101.69171905517578,189.8135986328125,311.7872314453125,742.08349609375,428.9275817871094,2194.59521484375,198.52072143554688,84.5144271850586,206.64434814453125,59.788936614990234,7914.64990234375
2024-05-03,12.915092468261719,158.51637268066406,148.2083282470703,57.58189010620117,29.833627700805664,102.38443756103516,190.66307067871094,317.3410339355469,756.59619140625,433.05279541015625,2238.68310546875,202.04473876953125,83.962646484375,209.35443115234375,59.35068893432617,7957.56982421875
2024-05-06,13.11620807647705,159.63973999023438,150.43617248535156,58.08415603637695,30.57400894165039,102.80007934570312,195.27403259277344,315.6507568359375,756.3059692382812,435.11541748046875,2227.906005859375,202.04473876953125,83.70513916015625,212.54847717285156,60.1556282043457,7996.64013671875
2024-05-07,13.356671333312988,161.46519470214844,152.54876708984375,59.250431060791016,30.982168197631836,103.90843200683594,201.5731964111328,318.59674072265625,763.7557983398438,436.9815979003906,2247.50048828125,204.39410400390625,84.49602508544922,214.38746643066406,59.98569869995117,8075.68017578125
2024-05-08,13.457229614257812,163.7119140625,155.10308837890625,59.53988265991211,31.589662551879883,105.20150756835938,200.78579711914062,319.8040771484375,762.3045043945312,439.09332275390625,2258.27783203125,206.6455841064453,85.59959411621094,219.13011169433594,60.12879943847656,8131.41015625
2024-05-09,13.492205619812012,164.0805206298828,155.98654174804688,60.11024856567383,31.751028060913086,106.30987548828125,202.360595703125,321.8807373046875,763.3688354492188,445.7723388671875,2256.318359375,207.82025146484375,85.6915512084961,222.37254333496094,61.130496978759766,8187.64990234375
2024-05-10,13.509693145751953,163.7996826171875,153.48983764648438,60.612510681152344,32.00731658935547,106.77169036865234,202.65585327148438,321.1080322265625,762.7882690429688,445.37945556640625,2249.4599609375,208.01602172851562,86.74913787841797,226.486083984375,61.425628662109375,8219.1396484375
2024-05-13,13.658343315124512,163.2555389404297,151.6845245361328,60.978572845458984,31.978836059570312,106.95641326904297,202.45901489257812,321.15631103515625,757.1766967773438,447.4420471191406,2238.68310546875,205.07933044433594,88.79885864257812,226.24411010742188,61.488250732421875,8209.2802734375
2024-05-14,13.688948631286621,163.7119140625,152.39512634277344,60.88492965698242,31.722549438476562,107.04878234863281,202.2621612548828,327.2897033691406,766.1746215820312,448.7680358886719,2253.37890625,204.00253295898438,87.82189178466797,226.14730834960938,61.103668212890625,8225.7998046875
2024-05-15,13.675832748413086,164.01031494140625,153.64349365234375,61.08072280883789,31.675090789794922,107.69532012939453,204.82119750976562,325.2130432128906,763.3688354492188,448.6697998046875,2239.66259765625,207.23291015625,86.73955535888672,229.00259399414062,60.34343338012695,8239.990234375
2024-05-16,13.662715911865234,162.4305877685547,152.64480590820312,60.961544036865234,31.845949172973633,107.1411361694336,203.14797973632812,329.6077880859375,760.4662475585938,445.4285583496094,2236.723876953125,203.4152069091797,86.43305969238281,225.3730010986328,59.44012451171875,8188.490234375
2024-05-17,13.850714683532715,162.92205810546875,152.64480590820312,61.55746078491211,31.978836059570312,106.26368713378906,205.31332397460938,320.7216491699219,757.7572021484375,439.6335754394531,2248.480224609375,204.10043334960938,85.40819549560547,221.79180908203125,59.87837219238281,8167.5
2024-05-20,13.872574806213379,165.63682556152344,154.546142578125,62.05972671508789,32.035789489746094,106.6793212890625,206.29757690429688,324.4403076171875,753.7903442382812,440.910400390625,2254.358642578125,208.01602172851562,85.39862060546875,224.55029296875,59.9230842590332,8195.9697265625
2024-05-21,13.793877601623535,164.904541015625,154.93023681640625,62.096065521240234,32.18766403198242,106.77169036865234,206.00228881835938,321.92901611328125,743.147705078125,439.5844421386719,2234.76416015625,208.11392211914062,86.20318603515625,223.82437133789062,59.38646697998047,8141.4599609375
2024-05-22,13.741413116455078,163.24354553222656,154.027587890625,61.350990295410156,31.85544204711914,106.40223693847656,205.11647033691406,318.886474609375,727.4740600585938,445.330322265625,2139.730224609375,210.36538696289062,86.96943664550781,225.56658935546875,58.2863883972168,8092.10986328125
2024-05-23,13.750158309936523,162.27908325195312,154.8726348876953,60.96027755737305,31.684585571289062,105.89424133300781,206.1991424560547,321.30120849609375,728.3447875976562,442.9239501953125,2143.6494140625,213.10629272460938,86.35643768310547,228.1798858642578,58.76039505004883,8102.330078125
2024-05-24,13.793877601623535,162.7434539794922,152.79843139648438,61.069313049316406,31.893407821655273,105.43241882324219,204.91961669921875,321.1080322265625,725.6357421875,439.38800048828125,2135.811279296875,211.93162536621094,85.7434310913086,230.55120849609375,59.0197639465332,8094.97021484375
2024-05-27,13.86383056640625,164.02938842773438,153.12493896484375,60.933021545410156,31.978836059570312,106.63314056396484,206.69126892089844,321.83245849609375,731.6343383789062,441.3524169921875,2155.40576171875,214.08518981933594,86.069091796875,230.01885986328125,59.38646697998047,8132.490234375
2024-05-28,13.920668601989746,162.1183319091797,152.1646728515625,61.5963249206543,31.675090789794922,105.75569152832031,203.34483337402344,319.85235595703125,721.1851806640625,437.71826171875,2135.811279296875,212.40415954589844,84.84308624267578,228.59445190429688,59.153926849365234,8057.7998046875
2024-05-29,13.798967361450195,159.99295043945312,150.51300048828125,60.81489562988281,31.361852645874023,104.50879669189453,199.99839782714844,312.4633483886719,700.6739501953125,432.4634704589844,2104.4599609375,210.22869873046875,84.0097885131836,223.33885192871094,58.69779586791992,7935.02978515625
2024-05-30,13.883221626281738,161.1181640625,152.7792510986328,61.5963249206543,31.399822235107422,105.75569152832031,201.27792358398438,309.6622619628906,710.5425415039062,436.7851867675781,2126.99365234375,211.41531372070312,84.83351135253906,224.61590576171875,58.411590576171875,7978.509765625
2024-05-31,13.972156524658203,161.1538848876953,149.7063751220703,61.5145378112793,31.3713436126709,105.70951080322266,202.06532287597656,306.3782958984375,711.0262451171875,444.053466796875,2131.892578125,211.71197509765625,85.97331237792969,223.43707275390625,59.93203353881836,7992.8701171875
2024-06-03,13.925348281860352,163.15423583984375,149.1302032470703,61.84164810180664,31.45677375793457,106.12515258789062,201.96688842773438,311.159423828125,714.0255737304688,441.2541809082031,2126.01416015625,212.99746704101562,86.30854034423828,222.55296325683594,58.9571647644043,7998.02001953125
2024-06-04,13.780243873596191,162.7613067626953,146.5374755859375,60.72403335571289,31.096073150634766,104.83206939697266,202.06532287597656,311.3042907714844,711.1229858398438,444.053466796875,2119.156005859375,208.94320678710938,86.4617919921875,220.44088745117188,57.53511047363281,7937.89990234375
2024-06-05,13.597692489624023,164.9224090576172,147.09442138671875,60.178855895996094,31.42829704284668,105.1091537475586,204.91961669921875,312.2218933105469,728.1512451171875,447.4911804199219,2172.0615234375,209.63539123535156,86.86407470703125,224.51766967773438,57.88391876220703,8006.56982421875
2024-06-06,13.672585487365723,165.65469360351562,147.42091369628906,60.74220657348633,31.71306037902832,105.01677703857422,204.5259246826172,314.8298034667969,737.9232177734375,448.0313720703125,2165.203369140625,208.5476531982422,87.17057800292969,224.71414184570312,58.10750198364258,8040.1201171875
2024-06-07,13.705351829528809,167.2442626953125,144.040771484375,60.30606460571289,31.494741439819336,102.29207611083984,205.5101776123047,316.90643310546875,737.7296752929688,447.2456359863281,2156.3857421875,206.2733154296875,87.28550720214844,222.84767150878906,58.08068084716797,8001.7998046875
2024-06-10,13.213868141174316,165.14744567871094,143.52223205566406,57.434776306152344,30.687915802001953,96.79647827148438,204.5259246826172,316.7615661621094,722.055908203125,444.4954528808594,2095.642578125,205.97666931152344,86.4617919921875,224.0264892578125,58.3221549987793,7893.97998046875
2024-06-11,12.698981285095215,162.96669006347656,142.60035705566406,55.19953918457031,30.184833526611328,93.05577087402344,202.75428771972656,308.4549255371094,712.6710205078125,443.36590576171875,2086.82470703125,204.88893127441406,86.09782409667969,221.8653106689453,57.329402923583984,7789.2099609375
2024-06-12,12.90025520324707,166.22799682617188,143.4261932373047,56.171775817871094,30.61197853088379,95.22630310058594,205.4117431640625,305.9919128417969,711.5100708007812,447.2456359863281,2112.2978515625,205.87777709960938,85.53271484375,232.42564392089844,57.186302185058594,7864.7001953125
2024-06-13,12.577281951904297,160.3930206298828,140.0076141357422,54.51805877685547,29.378007888793945,92.73250579833984,203.049560546875,303.8186950683594,707.7367553710938,442.87481689453125,2124.0546875,200.5380096435547,84.22051239013672,225.59825134277344,55.728477478027344,7708.02001953125
2024-06-14,12.202817916870117,156.4637451171875,138.10629272460938,53.07332992553711,27.935209274291992,90.64509582519531,197.83306884765625,292.1798095703125,688.2897338867188,432.61083984375,2069.18994140625,194.4565887451172,82.7837905883789,217.29734802246094,54.93247985839844,7503.27001953125
2024-06-17,12.156009674072266,157.5443115234375,140.0076141357422,53.73663330078125,28.457273483276367,90.79288482666016,202.9511260986328,294.2564392089844,694.0947875976562,438.9460144042969,2081.926025390625,197.67034912109375,83.97147369384766,219.16383361816406,55.45121765136719,7571.56982421875
2024-06-18,12.212179183959961,159.39105224609375,142.23544311523438,54.02739715576172,28.979339599609375,92.82486724853516,203.54168701171875,300.1000671386719,687.0319213867188,433.69122314453125,2076.0478515625,200.43911743164062,84.77604675292969,223.58444213867188,56.220375061035156,7628.7998046875
2024-06-19,12.132606506347656,158.52662658691406,142.06260681152344,53.34592056274414,28.922386169433594,92.73250579833984,200.8842315673828,298.07171630859375,684.0325927734375,428.8784484863281,2083.885498046875,198.56031799316406,83.15733337402344,221.9635467529297,55.95771026611328,7570.2001953125
2024-06-20,12.343241691589355,161.39498901367188,142.8500213623047,54.618011474609375,29.368515014648438,94.57975769042969,205.5101776123047,305.3641052246094,690.418212890625,434.77166748046875,2126.01416015625,201.1313018798828,84.39291381835938,225.1562042236328,56.437767028808594,7671.33984375
2024-06-21,12.193455696105957,160.00010681152344,142.67718505859375,53.90927505493164,29.007814407348633,94.02558135986328,205.60858154296875,309.17938232421875,693.9979858398438,432.8072509765625,2117.196533203125,200.24134826660156,83.92359161376953,222.50384521484375,55.94865798950195,7628.56982421875
2024-06-24,12.436857223510742,161.8468475341797,142.86923217773438,55.672027587890625,29.33054542541504,95.04158020019531,205.60858154296875,313.1394958496094,702.899169921875,434.2314453125,2133.851806640625,203.7023162841797,86.5479965209961,223.14236450195312,56.61891174316406,7706.89013671875
2024-06-25,12.301115036010742,163.57574462890625,129.42543029785156,55.02689743041992,29.197656631469727,93.74849700927734,204.13221740722656,314.0570373535156,712.8645629882812,428.7311096191406,2164.223388671875,197.02760314941406,87.03648376464844,222.4547119140625,56.95404815673828,7662.2998046875
2024-06-26,12.151329040527344,161.9058074951172,125.7763900756836,54.74522018432617,29.10273551940918,93.42523193359375,203.14797973632812,315.3609924316406,703.3828735351562,429.8115539550781,2156.3857421875,194.6543731689453,86.95985412597656,223.1914825439453,56.19321060180664,7609.14990234375
2024-06-27,12.104521751403809,160.58949279785156,125.44990539550781,54.536231994628906,28.82746696472168,91.34705352783203,199.8015594482422,330.0907287597656,692.2564697265625,415.3240661621094,2128.952880859375,195.59378051757812,86.069091796875,222.307373046875,56.19321060180664,7530.72021484375
2024-06-28,11.926651000976562,158.4283905029297,123.1644515991211,54.09100341796875,29.01730728149414,90.86676788330078,198.0299072265625,326.95159912109375,690.418212890625,402.7518615722656,2096.622314453125,195.19822692871094,86.14571380615234,220.3426513671875,56.455875396728516,7479.39990234375
2024-07-01,12.26366901397705,159.74468994140625,126.4101791381836,56.03547668457031,29.67226219177246,93.19432067871094,198.62046813964844,324.5368957519531,688.8701782226562,404.9127197265625,2059.392333984375,199.8458251953125,87.97513580322266,221.37413024902344,57.61524963378906,7561.1298828125
2024-07-02,12.1419677734375,160.00010681152344,126.64064025878906,55.63568115234375,29.5583553314209,93.60993957519531,196.84881591796875,318.1138000488281,686.5481567382812,398.43017578125,2059.392333984375,198.46142578125,86.62462615966797,220.63735961914062,57.9775505065918,7538.2900390625
2024-07-03,12.413454055786133,161.2967529296875,130.4433135986328,56.99863052368164,30.061437606811523,94.94921875,198.2267608642578,319.3211364746094,691.5792236328125,398.2337646484375,2074.08837890625,200.9335479736328,86.4234848022461,225.1562042236328,58.72027587890625,7632.080078125
2024-07-04,12.69430160522461,162.4755401611328,130.6929931640625,58.07990646362305,30.45061492919922,95.4110336303711,200.58895874023438,324.39202880859375,696.4168090820312,400.7383728027344,2078.98681640625,202.41680908203125,87.16099548339844,226.48239135742188,59.58979797363281,7695.77978515625
2024-07-05,12.75515079498291,160.56985473632812,130.8658447265625,57.84366226196289,30.336706161499023,97.16592407226562,199.11257934570312,323.61932373046875,693.1272583007812,402.7518615722656,2073.108642578125,200.24134826660156,87.10353088378906,223.73178100585938,59.20032501220703,7675.6201171875
2024-07-08,12.69430160522461,160.86453247070312,130.28965759277344,56.825992584228516,30.384166717529297,97.58155822753906,197.2425079345703,314.5883483886719,673.0997314453125,398.2337646484375,2046.6556396484375,203.30677795410156,88.21459197998047,224.7632598876953,58.584407806396484,7627.4501953125
2024-07-09,12.530473709106445,157.95687866210938,126.60222625732422,55.490299224853516,30.023468017578125,95.22630310058594,194.0929412841797,310.9179382324219,664.5855712890625,392.9298400878906,2019.2235107421875,199.74693298339844,88.14754486083984,221.1285400390625,57.26200485229492,7508.66015625
2024-07-10,12.581961631774902,159.23390197753906,128.0042266845703,55.990047454833984,30.34619903564453,95.9652099609375,193.55160522460938,313.8638916015625,674.9379272460938,396.22021484375,2043.716796875,202.5157012939453,89.60342407226562,223.8300323486328,57.098960876464844,7573.5498046875
2024-07-11,12.642812728881836,160.55020141601562,126.71746826171875,56.35350036621094,30.441120147705078,96.38085174560547,196.84881591796875,320.0455627441406,686.9351806640625,398.2828674316406,2074.08837890625,202.02127075195312,89.85244750976562,225.89297485351562,56.899696350097656,7627.1298828125
2024-07-12,12.708343505859375,163.16317749023438,128.06182861328125,56.735130310058594,30.61197853088379,97.6739273071289,200.19525146484375,327.62774658203125,701.25439453125,405.2565002441406,2126.01416015625,202.5157012939453,90.41756439208984,230.75563049316406,57.51560974121094,7724.31982421875
2024-07-15,12.759832382202148,160.275146484375,127.71614837646484,57.007720947265625,30.545534133911133,97.35066223144531,196.4551239013672,310.3384094238281,682.6781005859375,399.068603515625,2071.1494140625,198.9558563232422,88.53067016601562,227.80856323242188,57.31634521484375,7632.7099609375
2024-07-16,12.82068157196045,159.82327270507812,127.71614837646484,56.853248596191406,30.374675750732422,97.25829315185547,195.56930541992188,300.7278747558594,669.6166381835938,392.8807373046875,2023.1424560546875,200.5380096435547,88.04218292236328,227.7103271484375,56.42870330810547,7580.02978515625
2024-07-17,12.844086647033691,161.8075714111328,126.83268737792969,57.27122116088867,30.35569190979004,97.39683532714844,186.85874938964844,303.33575439453125,667.7783813476562,396.3675537109375,2023.1424560546875,200.34024047851562,88.1379623413086,223.87913513183594,56.90875244140625,7570.81005859375
2024-07-18,13.026637077331543,162.2201385498047,125.68036651611328,57.83457946777344,30.61197853088379,98.08956909179688,189.66383361816406,306.8612365722656,667.8751220703125,398.9704284667969,2025.1016845703125,196.9287109375,88.36784362792969,216.90440368652344,57.78733825683594,7586.5498046875
2024-07-19,12.993871688842773,160.15725708007812,126.56381225585938,57.28939437866211,30.317724227905273,97.48919677734375,189.8114776611328,304.3016357421875,657.7161865234375,397.2515563964844,2020.203369140625,195.49488830566406,88.463623046875,218.96734619140625,56.81817626953125,7534.52001953125
2024-07-22,13.068763732910156,162.27908325195312,127.29362487792969,58.63417434692383,30.57400894165039,98.87464904785156,193.69924926757812,308.020263671875,669.6166381835938,402.0643310546875,2042.737060546875,198.65919494628906,89.55552673339844,222.60208129882812,57.189537048339844,7622.02001953125
2024-07-23,13.143656730651855,163.33998107910156,126.94792938232422,58.77956008911133,30.782835006713867,98.27428436279297,193.94529724121094,304.15673828125,669.1328735351562,397.4971008300781,2039.7977294921875,203.30677795410156,88.87548065185547,225.3526611328125,56.274723052978516,7598.6298828125
2024-07-24,13.092167854309082,162.67201232910156,125.4114990234375,58.22528839111328,30.479089736938477,97.44302368164062,192.51815795898438,290.3446350097656,637.9789428710938,391.1618957519531,1997.66943359375,198.26365661621094,89.62257385253906,222.06178283691406,56.573631286621094,7513.72998046875
2024-07-25,12.984509468078613,161.9058074951172,123.83665466308594,58.66143035888672,30.602487564086914,96.47320556640625,189.8114776611328,268.6605224609375,631.3998413085938,385.3669128417969,1966.318115234375,197.27481079101562,93.37720489501953,212.2382049560547,56.12980651855469,7427.02001953125
2024-07-26,12.998552322387695,164.36160278320312,125.6995620727539,58.5705680847168,30.83029556274414,99.79827880859375,203.8369598388672,274.504150390625,641.5587158203125,391.70208740234375,2032.93994140625,201.1313018798828,92.73546600341797,215.6764678955078,56.274723052978516,7517.68017578125
2024-07-29,13.012594223022461,162.5737762451172,125.04659271240234,58.07081985473633,30.592992782592773,97.48919677734375,204.32908630371094,273.3450622558594,633.431640625,385.6124572753906,1984.932861328125,197.57147216796875,91.73934173583984,214.54673767089844,55.92148208618164,7443.83984375
2024-07-30,13.035998344421387,164.6366424560547,128.27310180664062,58.37066650390625,31.02962875366211,98.50519561767578,208.85659790039062,277.594970703125,631.2063598632812,385.3177795410156,1986.892333984375,202.71347045898438,91.36579895019531,212.28733825683594,56.22943878173828,7474.93994140625
2024-07-31,13.134294509887695,165.7957763671875,134.39964294433594,57.66193771362305,30.83979034423828,97.53536987304688,208.36447143554688,274.7939147949219,631.786865234375,393.5191650390625,1981.9937744140625,200.8346710205078,91.3083267211914,218.91824340820312,56.59173583984375,7531.490234375
2024-08-01,13.078125953674316,162.96669006347656,128.59959411621094,55.84466552734375,30.194326400756836,95.22630310058594,207.67550659179688,267.6463623046875,621.1442260742188,380.9469909667969,1969.25732421875,191.1439666748047,91.02098083496094,209.92967224121094,56.07545471191406,7370.4501953125
2024-08-02,12.343241691589355,160.58949279785156,126.65983581542969,54.20912170410156,30.62146759033203,94.44122314453125,205.11647033691406,263.106689453125,610.0177612304688,374.26800537109375,1920.760498046875,189.0179443359375,92.09373474121094,199.90963745117188,55.37802505493164,7251.7998046875
2024-08-05,12.132606506347656,160.11798095703125,125.31546783447266,53.2459716796875,29.805150985717773,93.28667449951172,204.23065185546875,256.2972412109375,604.0192260742188,378.0986328125,1913.41259765625,186.6941680908203,90.27388763427734,198.1905059814453,53.892581939697266,7148.990234375
2024-08-06,12.038990020751953,158.4480438232422,127.75454711914062,52.54632568359375,29.7197208404541,92.917236328125,203.738525390625,249.68093872070312,601.6972045898438,378.3932800292969,1920.270751953125,187.28746032714844,89.43101501464844,199.12374877929688,53.64802551269531,7130.0400390625
2024-08-07,12.291752815246582,160.68772888183594,130.57774353027344,54.02739715576172,30.40315055847168,95.78047943115234,206.29757690429688,251.12974548339844,610.8885498046875,384.0409240722656,1961.41943359375,190.4517822265625,91.23170471191406,205.6564178466797,55.17876052856445,7266.009765625
2024-08-08,12.305795669555664,159.86257934570312,129.11814880371094,53.991050720214844,30.507564544677734,94.99539184570312,205.11647033691406,250.30874633789062,612.726806640625,379.1299133300781,1962.399169921875,189.41348266601562,91.59566497802734,205.50906372070312,55.16969680786133,7247.4501953125
2024-08-09,12.291752815246582,160.70736694335938,129.02210998535156,53.836585998535156,30.944198608398438,95.54956817626953,205.2148895263672,245.8656768798828,615.339111328125,375.9377746582031,1975.135498046875,190.40232849121094,92.18951416015625,206.7370147705078,55.568233489990234,7269.7099609375
2024-08-12,12.36196517944336,159.43035888671875,128.44595336914062,53.836585998535156,30.706897735595703,94.81067657470703,204.0338134765625,241.32603454589844,614.4683227539062,369.9463195800781,1965.3382568359375,190.0562286376953,91.63397979736328,207.5229034423828,55.90336990356445,7250.669921875
2024-08-13,12.39004898071289,159.84292602539062,129.00289916992188,53.854759216308594,30.7448673248291,95.36485290527344,205.31332397460938,243.45098876953125,613.5975341796875,370.0936584472656,1993.75048828125,190.89675903320312,93.00365447998047,210.8137969970703,55.559173583984375,7275.8701171875
2024-08-14,12.455580711364746,160.66807556152344,129.31019592285156,54.29090118408203,31.058107376098633,95.59574890136719,206.78968811035156,242.5816650390625,623.272705078125,373.77691650390625,2034.8994140625,191.73727416992188,93.47298431396484,214.2029266357422,55.66786575317383,7333.35986328125
2024-08-15,12.605365753173828,162.2004852294922,131.48040771484375,54.94511795043945,31.390329360961914,96.56556701660156,209.05343627929688,246.9764404296875,634.6893920898438,377.3619689941406,2075.068115234375,192.82501220703125,93.81779479980469,217.3955841064453,56.59173583984375,7423.3701171875
2024-08-16,12.647493362426758,162.9470672607422,132.152587890625,55.53573226928711,31.665599822998047,97.44302368164062,208.85659790039062,245.8173828125,636.7210693359375,378.4914855957031,2078.00732421875,194.80270385742188,94.4116439819336,217.9849853515625,56.455875396728516,7449.7001953125
2024-08-19,12.69430160522461,162.4755401611328,133.016845703125,55.75380325317383,31.741535186767578,97.90483856201172,208.26605224609375,252.09564208984375,652.5884399414062,378.83526611328125,2109.358642578125,194.3082733154297,94.19133758544922,219.80235290527344,56.990272521972656,7484.169921875
2024-08-20,12.666215896606445,162.29872131347656,132.97842407226562,55.34492111206055,31.779504776000977,97.3044662475586,207.47866821289062,249.68093872070312,655.7811889648438,378.2459411621094,2126.99365234375,193.31942749023438,94.35417175292969,220.44088745117188,56.12980651855469,7485.72998046875
2024-08-21,12.713024139404297,162.63270568847656,133.5738067626953,55.590248107910156,31.7700138092041,97.53536987304688,209.4471435546875,249.77752685546875,656.7487182617188,383.5498352050781,2150.507080078125,194.35772705078125,94.74687194824219,221.6688232421875,56.274723052978516,7524.72021484375
2024-08-22,12.7317476272583,162.08261108398438,133.362548828125,55.4993896484375,31.8839168548584,97.81246185302734,210.62823486328125,250.93655395507812,655.9747314453125,385.2686767578125,2154.42626953125,193.91273498535156,94.83308410644531,221.8653106689453,55.81279373168945,7524.10986328125
2024-08-23,12.839405059814453,162.98634338378906,135.20626831054688,55.80832290649414,32.22563171386719,98.6899185180664,211.51405334472656,251.12974548339844,658.9739990234375,387.3804016113281,2150.507080078125,194.90159606933594,96.10696411132812,222.8967742919922,56.30189514160156,7577.0400390625
2024-08-26,12.82068157196045,163.2417449951172,135.5327606201172,55.8355827331543,32.22563171386719,98.59756469726562,211.0219268798828,251.22633361816406,659.8447875976562,388.2643737792969,2147.568115234375,194.40716552734375,96.56671905517578,222.01266479492188,56.9359245300293,7590.3701171875
2024-08-27,12.844086647033691,162.5934295654297,135.26388549804688,56.32624435424805,32.320552825927734,98.50519561767578,210.03768920898438,250.59854125976562,648.0410766601562,385.2686767578125,2089.76416015625,194.3082733154297,96.47093963623047,221.6688232421875,56.80912399291992,7565.77978515625
2024-08-28,12.876852035522461,164.24371337890625,135.26388549804688,56.22629165649414,32.56734848022461,99.1517333984375,211.41563415527344,247.65255737304688,644.5580444335938,384.4338073730469,2078.98681640625,195.34657287597656,96.719970703125,222.94589233398438,56.52833557128906,7577.669921875
2024-08-29,12.918978691101074,166.3458709716797,134.97579956054688,56.435279846191406,32.55785369873047,99.38263702392578,212.0061798095703,249.53604125976562,655.3941650390625,391.45654296875,2116.216796875,196.38485717773438,97.16056823730469,226.33502197265625,56.80006408691406,7640.9501953125
2024-08-30,13.251314163208008,165.73684692382812,133.304931640625,56.86233901977539,32.65277862548828,99.8906478881836,210.82508850097656,250.16384887695312,652.3948974609375,389.541259765625,2125.034423828125,195.74209594726562,96.9306869506836,225.6473846435547,56.329071044921875,7630.9501953125
2024-09-02,13.24195384979248,165.9333038330078,131.48040771484375,56.726043701171875,32.890079498291016,100.02918243408203,211.809326171875,248.08721923828125,651.3306274414062,388.3135070800781,2119.156005859375,195.00045776367188,100.43628692626953,226.53150939941406,56.59173583984375,7646.419921875
2024-09-03,13.115571975708008,166.3851776123047,129.1949462890625,56.0445671081543,32.880584716796875,99.70590209960938,212.10459899902344,245.4793243408203,649.1053466796875,390.42523193359375,2120.1357421875,192.231689453125,99.63172149658203,222.84767150878906,54.807395935058594,7575.10009765625
2024-09-04,13.134294509887695,165.38320922851562,128.27310180664062,56.262638092041016,32.75718688964844,99.38263702392578,210.3329620361328,240.0220947265625,621.7247314453125,384.4829406738281,2038.8179931640625,191.34173583984375,101.10675048828125,220.6864776611328,54.49943923950195,7500.97021484375
2024-09-05,13.29812240600586,160.21621704101562,126.50621032714844,57.7982292175293,32.95652389526367,101.46080780029297,204.91961669921875,236.59320068359375,599.0848999023438,380.6523132324219,1908.024169921875,190.50120544433594,100.4937515258789,216.16763305664062,54.852691650390625,7431.9599609375
2024-09-06,13.227910995483398,159.48928833007812,123.24127197265625,56.49888229370117,32.73820495605469,100.76808166503906,205.5101776123047,228.1900177001953,592.1187744140625,375.98687744140625,1870.79443359375,190.20457458496094,100.1297836303711,211.15760803222656,54.21865463256836,7352.2998046875
2024-09-09,13.363653182983398,163.2613983154297,124.6048583984375,56.853248596191406,33.136871337890625,101.41462707519531,208.16763305664062,222.44300842285156,596.1823120117188,376.7235107421875,1865.895751953125,191.88560485839844,101.2983169555664,215.43087768554688,55.214988708496094,7425.259765625
2024-09-10,13.255995750427246,165.9922332763672,125.25784301757812,56.49888229370117,33.18433380126953,101.46080780029297,206.98654174804688,221.47711181640625,592.5057983398438,369.8481140136719,1857.568115234375,193.96217346191406,101.12591552734375,216.02027893066406,54.22771072387695,7407.5498046875
2024-09-11,13.284079551696777,166.1297607421875,125.04659271240234,56.88959884643555,33.50706481933594,101.50698852539062,206.00228881835938,221.96006774902344,587.2811889648438,361.1556396484375,1865.4058837890625,194.01161193847656,100.14894104003906,216.16763305664062,54.51755905151367,7396.830078125
2024-09-12,13.363653182983398,166.7191619873047,125.3538589477539,57.671024322509766,33.79182434082031,99.8444595336914,205.5101776123047,220.26976013183594,587.0877075195312,358.70013427734375,1877.1627197265625,200.1424560546875,98.46319580078125,222.20912170410156,55.16969680786133,7435.06982421875
2024-09-13,13.326207160949707,167.2103271484375,125.31546783447266,57.58015823364258,34.2474479675293,101.13754272460938,205.5101776123047,221.18734741210938,588.345458984375,360.1242980957031,1877.1627197265625,201.0324249267578,99.03787994384766,223.1914825439453,55.31462097167969,7465.25
2024-09-16,13.349611282348633,166.522705078125,124.27836608886719,57.507469177246094,34.35186004638672,101.22989654541016,204.82119750976562,217.8550567626953,583.9916381835938,359.3876647949219,1857.568115234375,201.0324249267578,98.96125030517578,223.14236450195312,55.45048522949219,7449.43994140625
2024-09-17,13.447907447814941,167.13172912597656,124.56645202636719,58.56147766113281,34.31389236450195,102.15353393554688,202.2621612548828,221.815185546875,587.9584350585938,361.7940673828125,1886.9599609375,200.24134826660156,98.55897521972656,226.28591918945312,55.613525390625,7487.419921875
2024-09-18,13.480672836303711,164.83311462402344,123.60618591308594,58.28889465332031,34.162017822265625,101.9226303100586,201.5731964111328,219.25558471679688,576.541748046875,359.2894287109375,1870.3045654296875,198.65919494628906,98.61643981933594,225.1562042236328,55.45954132080078,7444.89990234375
2024-09-19,13.480672836303711,168.03546142578125,128.13865661621094,59.215702056884766,34.389827728271484,102.15353393554688,205.01805114746094,225.05088806152344,594.0537719726562,372.2545166015625,1951.6221923828125,206.66885375976562,99.72750854492188,234.19387817382812,56.7457160949707,7615.41015625
2024-09-20,13.536843299865723,164.7545166015625,125.64196014404297,58.861331939697266,34.4088134765625,101.46080780029297,200.19525146484375,217.56529235839844,572.6717529296875,363.9057922363281,1890.8787841796875,207.85546875,99.1719741821289,230.06797790527344,56.14792251586914,7500.259765625
2024-09-23,12.93302059173584,167.58360290527344,127.65853118896484,56.70786666870117,34.30439758300781,100.95281982421875,200.19525146484375,214.32957458496094,575.7677612304688,361.25384521484375,1895.2877197265625,209.04208374023438,98.78884887695312,234.144775390625,56.26567077636719,7508.080078125
2024-09-24,13.064083099365234,169.7447052001953,129.55987548828125,57.08041000366211,34.32338333129883,101.55316925048828,202.65585327148438,221.1390380859375,594.1505126953125,376.47796630859375,1968.2777099609375,212.10751342773438,99.30606842041016,235.76565551757812,56.79100799560547,7604.009765625
2024-09-25,12.928340911865234,168.95884704589844,128.19627380371094,56.617008209228516,33.69690704345703,100.58336639404297,202.75428771972656,221.1390380859375,597.4400634765625,375.2502136230469,1990.8114013671875,210.82200622558594,98.11837768554688,236.89535522460938,55.69022750854492,7565.6201171875
2024-09-26,13.101529121398926,171.1199493408203,129.00289916992188,57.4620361328125,33.962684631347656,101.36844635009766,205.31332397460938,242.38848876953125,656.4584350585938,401.3768005371094,2172.0615234375,213.68966674804688,98.0034408569336,240.23538208007812,54.396812438964844,7742.08984375
2024-09-27,13.068763732910156,173.06492614746094,128.5035858154297,57.51655578613281,33.725379943847656,102.15353393554688,210.03768920898438,257.74603271484375,680.5496215820312,398.724853515625,2186.75732421875,211.019775390625,98.6355972290039,236.10948181152344,54.259220123291016,7791.7900390625
2024-09-30,12.848767280578613,170.19656372070312,126.0068588256836,55.92644119262695,32.77617263793945,96.93502044677734,209.25030517578125,248.08721923828125,666.1336059570312,394.8942565917969,2161.2841796875,208.7454376220703,98.55897521972656,232.03269958496094,53.6629638671875,7635.75
2024-10-01,12.792597770690918,167.91758728027344,123.6253890991211,55.55390167236328,32.67176055908203,96.38085174560547,208.06919860839844,240.98797607421875,642.4295043945312,384.6302490234375,2103.480224609375,208.05323791503906,99.53594207763672,231.6888885498047,54.4059944152832,7574.06982421875
2024-10-02,12.727066993713379,167.97653198242188,122.28099822998047,55.390350341796875,32.69074249267578,96.93502044677734,208.7581787109375,235.14437866210938,646.6865844726562,387.2821960449219,2110.33837890625,207.45993041992188,97.86934661865234,232.6221160888672,55.62601852416992,7577.58984375
2024-10-03,12.614727973937988,164.38124084472656,121.53199005126953,54.59983825683594,32.1971549987793,94.2564926147461,204.6243438720703,229.92860412597656,639.5269775390625,382.7640686035156,2093.68310546875,204.79005432128906,95.99203491210938,229.08563232421875,56.43326187133789,7477.77978515625
2024-10-04,12.741108894348145,164.6366424560547,121.80086517333984,55.29948425292969,32.624298095703125,96.88883972167969,206.69126892089844,228.47976684570312,640.3977661132812,386.34912109375,2094.662841796875,205.6800079345703,97.42875671386719,230.6082763671875,57.46982192993164,7541.35986328125
2024-10-07,12.90025520324707,164.67593383789062,122.338623046875,56.162689208984375,32.7097282409668,97.25829315185547,209.05343627929688,238.9113311767578,657.7161865234375,387.5277404785156,2118.17626953125,201.23019409179688,96.60503387451172,231.93447875976562,58.0477294921875,7576.02001953125
2024-10-08,12.97514820098877,165.9136505126953,121.32072448730469,56.24446487426758,32.61480712890625,97.53536987304688,209.742431640625,228.28660583496094,634.2056884765625,380.0138854980469,2105.439453125,202.12014770507812,96.08781433105469,234.2429962158203,56.94695281982422,7521.31982421875
2024-10-09,13.050040245056152,166.32623291015625,122.37703704833984,56.42619323730469,32.937538146972656,99.52117919921875,210.2345428466797,231.8120880126953,635.076416015625,383.0587158203125,2072.12890625,201.625732421875,96.89237976074219,237.97596740722656,56.85521697998047,7560.08984375
2024-10-10,12.989191055297852,167.01385498046875,122.81876373291016,56.262638092041016,33.089412689208984,99.33647155761719,207.5770721435547,232.19842529296875,633.7218627929688,383.0587158203125,2072.12890625,199.0547332763672,96.35600280761719,234.93064880371094,57.24966812133789,7541.58984375
2024-10-11,12.928340911865234,167.7604217529297,127.63932800292969,56.480712890625,33.30773162841797,99.42881774902344,210.52981567382812,230.9910888671875,631.8836059570312,387.5768737792969,2088.784423828125,202.5157012939453,95.9154052734375,237.28831481933594,57.21297073364258,7577.89013671875
2024-10-14,12.993871688842773,169.0570831298828,129.75192260742188,57.171268463134766,33.592491149902344,99.10555267333984,212.20303344726562,222.1532440185547,617.0806274414062,384.5811462402344,2079.966796875,206.47108459472656,97.29466247558594,239.35125732421875,57.323055267333984,7602.06005859375
2024-10-15,13.12025260925293,168.78204345703125,130.36648559570312,57.88909149169922,34.00065231323242,99.15219116210938,212.7935791015625,222.5395965576172,605.0834350585938,369.7007751464844,2041.75732421875,206.07553100585938,96.4134750366211,235.9130096435547,54.57110595703125,7521.97021484375
2024-10-16,13.16238021850586,168.84097290039062,130.5585479736328,58.5887451171875,33.94369888305664,100.0383071899414,212.10459899902344,220.7044219970703,582.8306274414062,361.646728515625,2014.3248291015625,206.17442321777344,96.14527893066406,234.48858642578125,54.49772644042969,7492.0
2024-10-17,13.354292869567871,169.56788635253906,135.6864013671875,59.615501403808594,34.143035888671875,100.0383071899414,212.498291015625,222.1532440185547,589.603271484375,365.52642822265625,2025.1016845703125,212.0086212158203,96.7582778930664,243.08421325683594,54.83712387084961,7583.72998046875
2024-10-18,13.401100158691406,170.609130859375,134.01553344726562,60.21519470214844,34.2474479675293,100.08494567871094,213.4825439453125,229.92860412597656,602.9549560546875,366.066650390625,2046.6556396484375,212.70082092285156,96.56671905517578,241.70892333984375,54.72705078125,7613.0498046875
2024-10-21,13.358973503112793,168.84097290039062,133.32412719726562,59.788143157958984,33.905731201171875,98.31271362304688,214.17152404785156,224.5196533203125,591.1512451171875,357.2268371582031,2024.1221923828125,211.11866760253906,95.61848449707031,239.00743103027344,54.9838981628418,7536.22998046875
2024-10-22,13.255995750427246,167.89793395996094,135.6287841796875,59.69727325439453,33.601985931396484,97.75305938720703,218.4037628173828,226.40313720703125,595.9888305664062,360.7136535644531,2019.2235107421875,208.05323791503906,94.19133758544922,237.87771606445312,55.26826858520508,7535.10009765625
2024-10-23,13.19982624053955,166.3065948486328,135.5711669921875,59.27022171020508,33.32671356201172,97.51986694335938,216.92739868164062,223.07081604003906,593.666748046875,351.72650146484375,2019.2235107421875,208.15211486816406,94.449951171875,235.8638916015625,55.0481071472168,7497.47998046875
2024-10-24,13.167059898376465,164.93133544921875,135.5135498046875,59.361080169677734,33.48807907104492,97.28668212890625,216.1400146484375,227.6104736328125,608.2763061523438,352.3158264160156,2040.777587890625,207.85546875,93.48255920410156,236.45330810546875,55.11232376098633,7503.27978515625
2024-10-25,13.106210708618164,164.47947692871094,134.8989715576172,59.361080169677734,33.117889404296875,93.97537994384766,216.0415802001953,226.93435668945312,606.6314697265625,349.3200988769531,2062.33154296875,209.14096069335938,95.85794067382812,238.07420349121094,55.28660583496094,7497.5400390625
2024-10-28,13.204506874084473,167.15138244628906,134.32281494140625,59.988037109375,33.53554153442383,96.68038177490234,214.6636505126953,232.58477783203125,611.5657958984375,353.1506652832031,2081.926025390625,209.04208374023438,96.52840423583984,240.8247833251953,54.791259765625,7556.93994140625
2024-10-29,13.218548774719238,165.7957763671875,134.7645263671875,59.91535186767578,33.35519027709961,96.3072738647461,212.39988708496094,229.05931091308594,610.40478515625,349.27099609375,2088.784423828125,207.45993041992188,95.81962585449219,236.6006622314453,54.488548278808594,7511.10986328125
2024-10-30,13.092167854309082,162.96669006347656,134.18838500976562,59.51554870605469,33.07042694091797,95.09469604492188,210.52981567382812,221.67030334472656,598.0205688476562,342.4938049316406,2061.351806640625,207.16326904296875,94.54573822021484,238.02508544921875,54.25004577636719,7428.35986328125
2024-10-31,13.185783386230469,161.74862670898438,134.59169006347656,57.01680374145508,32.76668167114258,95.79426574707031,212.0061798095703,221.04249572753906,589.990234375,338.12298583984375,2031.9599609375,205.48223876953125,93.01323699951172,233.0150604248047,52.6539192199707,7350.3701171875
2024-11-01,13.227910995483398,163.35963439941406,135.9744873046875,57.280311584472656,32.53887176513672,96.26063537597656,213.5809783935547,222.82936096191406,591.1512451171875,340.33294677734375,2038.8179931640625,208.15211486816406,94.5361557006836,235.66741943359375,53.11257553100586,7409.10986328125
2024-11-04,13.349611282348633,162.18084716796875,134.70692443847656,57.12583923339844,32.33953857421875,95.4677963256836,220.07699584960938,225.72698974609375,586.990966796875,338.27032470703125,2029.020751953125,208.5476531982422,93.57833862304688,230.16622924804688,53.27769088745117,7371.7099609375
2024-11-05,13.396419525146484,163.37928771972656,136.18576049804688,57.007720947265625,32.64328384399414,95.23460388183594,220.07699584960938,222.87765502929688,583.0241088867188,341.11871337890625,2036.858642578125,214.7773895263672,92.4481201171875,235.4218292236328,53.470333099365234,7407.14990234375
2024-11-06,12.890894889831543,160.0393829345703,136.7042999267578,55.490299224853516,32.7097282409668,94.20856475830078,222.4391632080078,222.73277282714844,583.5078735351562,331.6895751953125,2050.57470703125,217.150634765625,91.59566497802734,235.0288848876953,52.80986022949219,7369.60986328125
2024-11-07,12.427495956420898,160.23585510253906,138.66323852539062,53.65485763549805,32.39649200439453,93.8354721069336,224.40765380859375,231.90867614746094,598.891357421875,339.7927551269531,2113.27783203125,220.61158752441406,91.69145202636719,236.3059539794922,52.96580123901367,7425.60009765625
2024-11-08,12.347922325134277,158.64450073242188,136.6466827392578,54.29998779296875,32.14020538330078,93.5090103149414,224.1123809814453,213.46029663085938,578.9605712890625,328.74298095703125,2026.08154296875,217.348388671875,91.7010269165039,236.50242614746094,52.14021682739258,7338.669921875
2024-11-11,12.441537857055664,160.80560302734375,139.70033264160156,55.37217712402344,32.46293640136719,94.58167266845703,227.36038208007812,216.2613525390625,580.02490234375,331.0020446777344,2007.466796875,222.9848175048828,91.67229461669922,244.410400390625,52.43375778198242,7426.8798828125
2024-11-12,12.2777099609375,156.75845336914062,134.5532684326172,53.954708099365234,31.51372718811035,93.18254089355469,222.7344512939453,203.8014678955078,553.80517578125,323.1444091796875,1938.8857421875,214.48072814941406,90.733642578125,234.43946838378906,51.112823486328125,7226.97998046875
2024-11-13,12.188776016235352,158.13368225097656,132.95924377441406,53.71846008300781,31.608646392822266,91.96995544433594,222.24232482910156,205.44346618652344,555.3532104492188,321.13092041015625,1962.399169921875,216.55731201171875,90.07274627685547,236.94448852539062,51.22290802001953,7216.830078125
2024-11-14,12.273029327392578,159.56788635253906,133.4009552001953,54.03648376464844,31.931377410888672,93.5556411743164,225.5887451171875,213.60516357421875,565.4154052734375,323.93017578125,2003.5478515625,216.06289672851562,90.41756439208984,241.02127075195312,52.42458724975586,7311.7998046875
2024-11-15,12.427495956420898,157.95687866210938,132.555908203125,54.618011474609375,32.15918731689453,93.78883361816406,225.39190673828125,215.102294921875,567.2536010742188,321.37646484375,1992.770751953125,214.6785125732422,87.45791625976562,237.97596740722656,52.75482177734375,7269.6298828125
2024-11-18,12.567919731140137,157.4067840576172,133.03604125976562,54.89968490600586,32.51039505004883,94.16193389892578,225.98245239257812,212.59100341796875,569.4788818359375,319.11737060546875,1977.0950927734375,215.86512756347656,87.61116790771484,235.3727264404297,53.29603576660156,7278.22998046875
2024-11-19,12.502388000488281,156.42446899414062,131.806884765625,53.8911018371582,32.31106185913086,93.5556411743164,230.6083984375,207.858154296875,558.5459594726562,316.21990966796875,1958.9700927734375,215.56846618652344,87.36213684082031,234.78329467773438,52.71812438964844,7229.64013671875
2024-11-20,12.422815322875977,155.26531982421875,132.36386108398438,53.146026611328125,32.30156707763672,93.5090103149414,230.11627197265625,207.61668395996094,556.7078247070312,314.50103759765625,1939.865478515625,215.6673583984375,86.96943664550781,232.6221160888672,52.62639236450195,7198.4501953125
2024-11-21,12.422815322875977,156.444091796875,133.95791625976562,52.900691986083984,32.46293640136719,93.88211059570312,228.7383270263672,201.33843994140625,556.2239990234375,317.1529846191406,1946.7235107421875,216.95285034179688,87.03648376464844,235.8638916015625,52.45210647583008,7213.31982421875
2024-11-22,12.2168607711792,157.4067840576172,132.4598846435547,51.71946334838867,32.349029541015625,93.92874145507812,231.59263610839844,202.93214416503906,564.0608520507812,323.1935119628906,1979.0546875,217.64505004882812,89.23944854736328,237.4847869873047,52.36954879760742,7255.009765625
2024-11-25,12.099841117858887,156.1494140625,132.82479858398438,51.77398681640625,32.33953857421875,93.64891815185547,230.70681762695312,214.1363983154297,573.252197265625,327.7607727050781,2029.020751953125,215.7662353515625,88.87548065185547,236.10948181152344,51.25959777832031,7257.47021484375
2024-11-26,11.879842758178711,154.20440673828125,131.26914978027344,51.15611267089844,31.950361251831055,92.45499420166016,227.7540740966797,215.7783966064453,576.6384887695312,326.53302001953125,2021.1829833984375,215.7662353515625,87.85062408447266,234.83242797851562,50.388145446777344,7194.509765625
2024-11-27,11.720697402954102,153.5167999267578,133.84268188476562,50.54732894897461,30.57400894165039,90.85064697265625,226.67141723632812,214.1846923828125,570.93017578125,326.9259033203125,1998.6490478515625,215.1729278564453,88.41572570800781,233.4571075439453,49.626773834228516,7143.02978515625
2024-11-28,11.772185325622559,153.5167999267578,139.37384033203125,51.0107307434082,30.849279403686523,92.45499420166016,224.8997802734375,212.3012237548828,567.4471435546875,323.04620361328125,1998.6490478515625,216.6562042236328,88.21459197998047,235.12713623046875,49.736846923828125,7179.25
2024-11-29,11.861120223999023,154.49911499023438,141.6977081298828,51.465049743652344,31.304899215698242,93.14522552490234,226.17930603027344,213.21881103515625,573.252197265625,322.8006286621094,2023.1424560546875,218.04058837890625,88.20500946044922,239.2039031982422,50.42483901977539,7235.10986328125
2024-12-02,11.758143424987793,156.71914672851562,144.54010009765625,50.82900619506836,30.887248992919922,90.7200698852539,227.16354370117188,215.05398559570312,591.9048461914062,327.5643310546875,2119.156005859375,219.32608032226562,87.94640350341797,238.81097412109375,49.3515739440918,7236.89013671875
2024-12-03,11.711335182189941,157.190673828125,146.03811645507812,50.683624267578125,30.649946212768555,90.62678527832031,224.8997802734375,213.5085906982422,594.9323120117188,323.7337341308594,2146.58837890625,224.76473999023438,87.80272674560547,239.54774475097656,49.66346740722656,7255.419921875
2024-12-04,11.828354835510254,158.31051635742188,148.09310913085938,51.33784103393555,31.162521362304688,91.98860931396484,225.88401794433594,217.3721160888672,595.9088745117188,327.31878662109375,2155.40576171875,226.0502471923828,87.49623107910156,244.70510864257812,49.480003356933594,7303.27978515625
2024-12-05,12.099841117858887,158.80166625976562,147.44012451171875,52.67353439331055,31.940872192382812,94.11530303955078,226.17930603027344,217.13064575195312,594.9323120117188,330.1671447753906,2143.6494140625,209.5364990234375,87.92724609375,244.26304626464844,49.59008026123047,7330.5400390625
2024-12-06,12.202817916870117,159.19459533691406,148.99575805664062,53.218711853027344,32.273094177246094,94.30184936523438,226.96669006347656,230.073486328125,615.6358032226562,337.48455810546875,2213.2099609375,210.5253448486328,88.29121398925781,247.2592315673828,49.74602508544922,7426.8798828125
2024-12-09,12.282391548156738,158.80166625976562,150.72425842285156,54.57258224487305,32.33953857421875,94.3484878540039,226.2777099609375,238.09031677246094,637.3158569335938,343.47601318359375,2231.824951171875,208.05323791503906,87.94640350341797,243.91921997070312,50.41566467285156,7480.14013671875
2024-12-10,12.338561058044434,157.21031188964844,149.99444580078125,54.2454719543457,31.988330841064453,94.16193389892578,223.02972412109375,232.82626342773438,621.1046142578125,339.1051940917969,2188.716796875,203.60342407226562,87.87935638427734,238.46713256835938,49.856101989746094,7394.77978515625
2024-12-11,12.347922325134277,157.13172912597656,150.03286743164062,54.1455192565918,31.95985221862793,94.30184936523438,227.65567016601562,231.47401428222656,628.721923828125,335.42193603515625,2211.250244140625,207.95436096191406,87.43876647949219,243.37892150878906,49.05803680419922,7423.39990234375
2024-12-12,12.305795669555664,157.07278442382812,153.54745483398438,53.53673553466797,31.85544204711914,93.97537994384766,227.55723571777344,233.7438507080078,630.8704223632812,338.3685607910156,2237.703125,205.77890014648438,86.86407470703125,240.3827362060547,48.957130432128906,7420.93994140625
2024-12-13,12.324518203735352,156.87632751464844,153.854736328125,53.55490493774414,32.368011474609375,94.3951187133789,227.55723571777344,235.72389221191406,624.0343627929688,337.239013671875,2227.906005859375,206.7677459716797,85.40819549560547,240.3827362060547,48.947959899902344,7409.56982421875
2024-12-16,12.31983757019043,156.4833984375,151.5885009765625,53.44586944580078,32.23512268066406,93.08926391601562,230.4115447998047,231.47401428222656,616.4170532226562,335.5201721191406,2223.00732421875,208.05323791503906,85.07295989990234,240.3336181640625,47.966434478759766,7357.080078125
2024-12-17,12.2168607711792,156.09046936035156,152.24148559570312,52.92795181274414,32.02629852294922,92.82807922363281,229.62416076660156,230.9910888671875,620.7139892578125,338.7123107910156,2256.318359375,209.33872985839844,87.8697738647461,241.56155395507812,47.4068717956543,7365.7001953125
2024-12-18,12.2777099609375,155.46177673339844,152.54876708984375,53.273231506347656,32.083251953125,92.5669174194336,230.80523681640625,229.05931091308594,621.5929565429688,335.9130554199219,2265.1357421875,211.71197509765625,87.92724609375,243.77186584472656,47.883872985839844,7384.6201171875
2024-12-19,12.235583305358887,152.75057983398438,150.30172729492188,52.52815628051758,32.064266204833984,91.8580322265625,228.24620056152344,226.74119567871094,612.8037109375,333.3102111816406,2248.480224609375,208.8443145751953,87.63990020751953,236.40419006347656,47.63620376586914,7294.3701171875
2024-12-20,12.179413795471191,152.63270568847656,148.630859375,52.228302001953125,31.807979583740234,91.39163970947266,227.55723571777344,226.20994567871094,613.3896484375,330.95294189453125,2257.298095703125,207.65769958496094,87.42918395996094,235.5200653076172,47.599510192871094,7274.47998046875
2024-12-23,12.193455696105957,151.5128631591797,147.78582763671875,52.19195556640625,31.931377410888672,91.6341552734375,228.4430694580078,227.56219482421875,614.4639282226562,332.0333251953125,2255.33837890625,207.2621612548828,87.90808868408203,234.8815460205078,47.562808990478516,7272.31982421875
2024-12-24,12.085798263549805,151.61109924316406,147.59376525878906,52.28282165527344,31.864933013916016,91.39163970947266,228.24620056152344,226.20994567871094,616.0264282226562,333.8013000488281,2251.41943359375,207.3610382080078,87.87935638427734,235.56918334960938,47.70957946777344,7282.68994140625
2024-12-27,12.380688667297363,153.1435089111328,149.1302032470703,53.19145584106445,32.349029541015625,92.39901733398438,230.80523681640625,229.83200073242188,620.7139892578125,338.3685607910156,2267.09521484375,208.64654541015625,89.34481048583984,236.79713439941406,48.38839340209961,7355.3701171875
2024-12-30,12.455580711364746,151.88613891601562,148.24676513671875,53.36409378051758,32.38699722290039,92.0818862915039,228.63990783691406,229.01101684570312,614.5615234375,331.3948974609375,2258.27783203125,208.05323791503906,89.2107162475586,235.17623901367188,48.25079345703125,7313.56005859375
2024-12-31,12.441537857055664,154.14547729492188,148.630859375,53.809326171875,32.576839447021484,93.0333023071289,231.88792419433594,230.1217803955078,620.6163330078125,335.7657165527344,2274.932861328125,209.73428344726562,89.785400390625,236.6497802734375,48.957130432128906,7380.740234375
2025-01-02,12.488346099853516,153.10421752929688,153.77792358398438,53.836585998535156,32.67176055908203,92.99598693847656,230.5099639892578,227.8036651611328,620.5186767578125,332.08245849609375,2254.358642578125,212.50303649902344,90.34093475341797,237.33743286132812,50.027896881103516,7393.759765625
2025-01-03,12.371326446533203,151.90579223632812,152.27989196777344,53.146026611328125,32.33953857421875,92.2684326171875,226.572998046875,216.6959991455078,596.9830932617188,326.0910339355469,2191.65576171875,209.23985290527344,88.95211029052734,235.96212768554688,50.279296875,7282.22021484375
2025-01-06,12.507068634033203,155.38319396972656,153.29779052734375,54.545318603515625,32.70023727416992,93.23851013183594,229.32887268066406,222.00836181640625,619.7373657226562,331.9842224121094,2290.60888671875,211.31642150878906,90.66659545898438,246.71893310546875,50.94036865234375,7445.68994140625
2025-01-07,12.530473709106445,156.444091796875,152.10704040527344,54.88151550292969,32.99449157714844,94.3484878540039,231.10052490234375,223.94012451171875,629.4055786132812,330.265380859375,2317.0615234375,213.49188232421875,91.80638885498047,248.58541870117188,51.1917724609375,7489.35009765625
2025-01-08,12.507068634033203,154.85275268554688,152.27989196777344,54.645267486572266,33.079917907714844,93.0333023071289,230.11627197265625,218.9658203125,620.8116455078125,325.5508117675781,2321.9599609375,213.78854370117188,91.63397979736328,246.9645233154297,51.35936737060547,7452.419921875
2025-01-09,12.577281951904297,155.54037475585938,150.35935974121094,54.47262954711914,32.662269592285156,93.36908721923828,231.88792419433594,220.94589233398438,632.8236083984375,325.9927978515625,2328.818115234375,218.1394805908203,92.23741149902344,251.09042358398438,51.489723205566406,7490.27978515625
2025-01-10,12.521111488342285,153.32032775878906,151.3004150390625,53.92744827270508,32.121219635009766,92.39901733398438,231.3957977294922,220.02830505371094,629.8938598632812,321.5728759765625,2319.021240234375,217.9416961669922,91.5765151977539,246.12953186035156,51.44316864013672,7431.0400390625
2025-01-13,12.563239097595215,153.7132568359375,149.26463317871094,54.19095230102539,31.779504776000977,92.11919403076172,229.72256469726562,219.64193725585938,631.2611083984375,322.5550842285156,2305.3046875,216.4584197998047,90.96351623535156,243.62451171875,52.06700134277344,7408.64013671875
2025-01-14,12.778554916381836,153.1435089111328,149.78317260742188,55.25405502319336,31.950361251831055,92.47364044189453,229.8209991455078,214.8671112060547,635.7533569335938,320.83624267578125,2311.182861328125,220.01828002929688,89.3064956665039,245.49098205566406,51.76905059814453,7423.669921875
2025-01-15,12.979828834533691,153.63467407226562,148.24676513671875,56.40802001953125,32.65277862548828,93.21985626220703,232.9705810546875,217.54685974121094,622.2765502929688,323.6355285644531,2316.08154296875,219.8205108642578,91.77765655517578,247.50482177734375,52.07631301879883,7474.58984375
2025-01-16,13.045360565185547,155.48143005371094,150.95472717285156,56.52614212036133,33.298240661621094,94.25521850585938,236.41543579101562,230.9943389892578,679.2111206054688,332.8681945800781,2429.730224609375,221.5015411376953,93.75074768066406,249.86248779296875,53.42640686035156,7634.740234375
2025-01-17,13.08748722076416,158.64450073242188,154.39248657226562,56.553401947021484,33.56401824951172,95.70098114013672,240.25399780273438,236.5,673.9375610351562,337.3372497558594,2439.527587890625,224.86361694335938,94.04767608642578,254.38133239746094,53.51020431518555,7709.75
2025-01-20,13.270038604736328,159.15530395507812,156.9276123046875,57.19853591918945,33.5450325012207,96.07408905029297,241.2382354736328,241.22610473632812,667.1015014648438,334.734375,2447.36572265625,224.1714324951172,94.67982482910156,255.9530792236328,53.23086929321289,7733.5
2025-01-21,13.26535701751709,158.01580810546875,156.8123779296875,57.34391403198242,33.45960235595703,95.98081970214844,246.06101989746094,242.49290466308594,684.875244140625,335.1272888183594,2510.068359375,225.0614013671875,94.8426513671875,258.2125244140625,52.73739242553711,7770.9501953125
2025-01-22,13.167059898376465,159.52857971191406,158.5792694091797,56.617008209228516,33.905731201171875,95.93417358398438,249.50587463378906,238.7412567138672,697.08251953125,343.4268798828125,2563.953369140625,230.5000457763672,94.67982482910156,265.0398864746094,52.49530792236328,7837.39990234375
2025-01-23,13.335569381713867,158.86061096191406,160.0388946533203,57.5892448425293,34.28541564941406,96.960205078125,250.49012756347656,240.88504028320312,703.7232055664062,348.2396545410156,2585.50732421875,235.2465057373047,95.67595672607422,266.9063720703125,52.271846771240234,7892.60986328125
2025-01-24,13.316845893859863,160.86453247070312,160.40379333496094,57.7982292175293,34.07659149169922,95.4677963256836,252.06492614746094,251.70147705078125,716.9071044921875,352.0702819824219,2608.041259765625,233.86212158203125,95.9345703125,265.8748779296875,51.99251174926758,7927.6201171875
2025-01-27,13.37769603729248,163.00599670410156,159.25146484375,58.36158752441406,34.50373077392578,96.49382019042969,253.54129028320312,255.84291076660156,737.1222534179688,356.6866149902344,2608.041259765625,232.4777374267578,97.06478118896484,240.6774444580078,51.852848052978516,7906.580078125
2025-01-28,13.48535442352295,163.75254821777344,160.17332458496094,58.67960739135742,34.80747985839844,97.47322845458984,255.41134643554688,253.65037536621094,733.0206298828125,361.0574035644531,2608.041259765625,235.44427490234375,97.42875671386719,222.70030212402344,51.908714294433594,7897.3701171875
2025-01-29,13.546204566955566,164.4205322265625,160.00047302246094,58.761383056640625,34.62712860107422,96.16736602783203,259.1514587402344,239.95932006835938,696.49658203125,350.00762939453125,2626.656005859375,235.04873657226562,97.56285095214844,233.26065063476562,51.95526885986328,7872.47998046875
2025-01-30,13.649182319641113,166.1494140625,159.71240234375,59.66093444824219,34.82646179199219,97.47322845458984,260.9231262207031,249.41151428222656,699.03564453125,357.0794677734375,2647.23046875,235.7409210205078,99.24860382080078,236.74801635742188,52.290462493896484,7941.64013671875
2025-01-31,13.616416931152344,165.6189727783203,160.48060607910156,59.715450286865234,34.78849792480469,97.47322845458984,261.513671875,246.9753875732422,687.0237426757812,352.119384765625,2668.78466796875,237.2241973876953,99.99569702148438,241.02127075195312,52.504615783691406,7950.169921875
2025-02-03,13.490035057067871,164.83311462402344,159.96206665039062,58.443363189697266,34.5227165222168,97.14675903320312,259.8404541015625,237.7180633544922,673.9375610351562,347.5521240234375,2664.865478515625,237.02642822265625,100.05316162109375,233.55535888671875,52.113555908203125,7854.919921875
2025-02-04,13.625778198242188,165.30462646484375,159.42431640625,60.92393493652344,35.17767333984375,98.5458984375,264.4664001464844,241.6158905029297,676.4766845703125,344.4090881347656,2661.926513671875,237.32308959960938,98.34825134277344,234.5868377685547,53.091209411621094,7906.39990234375
2025-02-05,13.738117218017578,164.67593383789062,160.2693634033203,60.33332061767578,35.07325744628906,98.31271362304688,266.8285827636719,238.10784912109375,669.9336547851562,339.448974609375,2667.8046875,238.60858154296875,99.22943878173828,228.29974365234375,54.01299285888672,7891.68017578125
2025-02-06,14.00024127960205,167.30856323242188,161.22962951660156,62.02338790893555,35.48141860961914,100.0383071899414,266.4349060058594,245.4649658203125,680.578369140625,346.81549072265625,2703.0751953125,238.3119354248047,99.3443832397461,235.27447509765625,54.571659088134766,8007.6201171875
2025-02-07,14.173430442810059,166.1297607421875,160.28855895996094,63.10465621948242,35.65227508544922,102.46348571777344,265.6474914550781,235.4281005859375,668.17578125,334.5379638671875,2651.149169921875,240.8829345703125,98.99956512451172,232.9168243408203,54.82305145263672,7973.02978515625
2025-02-10,14.135984420776367,166.77809143066406,160.78790283203125,63.1410026550293,35.82313537597656,100.92443084716797,268.0096435546875,237.961669921875,669.25,336.35504150390625,2694.25732421875,243.0583953857422,99.42100524902344,237.97596740722656,54.580970764160156,8006.22021484375
2025-02-11,14.327897071838379,167.62289428710938,160.57664489746094,63.7225227355957,36.06992721557617,99.61857604980469,272.6356201171875,241.07992553710938,669.1524047851562,335.2746276855469,2693.277587890625,242.26731872558594,99.26775360107422,239.84243774414062,54.80442810058594,8028.89990234375
2025-02-12,14.35598087310791,167.79971313476562,163.13096618652344,64.4585189819336,36.09840393066406,99.85176086425781,271.6513671875,257.9867248535156,671.6914672851562,328.0063171386719,2701.11572265625,243.6516876220703,100.09147644042969,234.53770446777344,54.944091796875,8042.18994140625
2025-02-13,14.21087646484375,170.01976013183594,163.22698974609375,63.69526290893555,36.06992721557617,100.73787689208984,291.139404296875,268.1697692871094,690.6370849609375,336.1585998535156,2758.91943359375,243.0583953857422,100.91519165039062,240.48097229003906,54.65544891357422,8164.10986328125
2025-02-14,14.304491996765137,171.021728515625,161.8249969482422,63.5589714050293,35.62379837036133,101.06433868408203,289.8598937988281,272.8471374511719,696.30126953125,337.239013671875,2781.45361328125,243.25616455078125,99.3252182006836,242.20010375976562,54.82305145263672,8178.5400390625
2025-02-17,14.35598087310791,170.92349243164062,163.72633361816406,63.4499397277832,35.68075180053711,101.85719299316406,289.4661865234375,272.944580078125,685.070556640625,336.8952331542969,2755.45849609375,249.2881317138672,99.65087890625,241.6106719970703,54.8416748046875,8189.1298828125
2025-02-18,14.571296691894531,171.27711486816406,166.12701416015625,64.59481048583984,35.62379837036133,102.69667053222656,289.95831298828125,267.34149169921875,688.5863037109375,335.7165832519531,2752.515869140625,248.49705505371094,99.30606842041016,246.32598876953125,55.018585205078125,8206.5595703125
2025-02-19,14.50108528137207,169.35177612304688,162.2091064453125,63.87699890136719,34.902400970458984,101.20426177978516,289.26934814453125,263.34619140625,674.7189331054688,328.0063171386719,2671.09765625,249.18923950195312,98.73138427734375,242.838623046875,54.664764404296875,8110.5400390625
2025-02-20,14.529170989990234,169.7250518798828,158.52166748046875,64.39491271972656,34.96884536743164,100.92443084716797,287.8913879394531,263.34619140625,679.2111206054688,331.8860168457031,2679.926025390625,245.1349639892578,99.21028900146484,250.1080780029297,54.767189025878906,8122.580078125
2025-02-21,14.641510009765625,175.2456817626953,153.64349365234375,64.62207794189453,35.10173416137695,101.25090026855469,286.3166198730469,269.92376708984375,685.9495239257812,339.9400634765625,2696.60205078125,241.4762420654297,99.72750854492188,252.85865783691406,54.115413665771484,8154.509765625
2025-02-24,14.632147789001465,171.689697265625,157.81105041503906,64.58573150634766,35.21563720703125,101.95046997070312,282.87176513671875,266.9029541015625,675.8906860351562,341.5606994628906,2642.650390625,240.19073486328125,99.01872253417969,235.3727264404297,54.05955123901367,8090.990234375
2025-02-25,14.72108268737793,172.39695739746094,157.5806121826172,65.52162170410156,35.642784118652344,102.09037780761719,274.997802734375,264.2719421386719,668.17578125,341.5606994628906,2657.3642578125,242.26731872558594,99.70834350585938,226.97357177734375,53.51020431518555,8051.06982421875
2025-02-26,14.922356605529785,172.82919311523438,160.86473083496094,66.07588958740234,36.2977409362793,103.34960174560547,277.9505310058594,268.9980163574219,683.8987426757812,344.31085205078125,2673.0595703125,245.92604064941406,100.28303527832031,234.29212951660156,53.780216217041016,8143.919921875
2025-02-27,14.96916389465332,171.4539337158203,158.5792694091797,65.97593688964844,35.794654846191406,103.11641693115234,283.8559875488281,266.70806884765625,676.8673095703125,343.868896484375,2662.26904296875,245.728271484375,100.41712951660156,231.14859008789062,53.83609390258789,8102.52001953125
2025-02-28,14.98788833618164,173.49716186523438,159.1170196533203,66.2031021118164,35.538368225097656,103.62942504882812,282.379638671875,264.17449951171875,678.625244140625,346.7172546386719,2684.830810546875,247.31044006347656,99.95738220214844,229.8223876953125,53.79884719848633,8111.6298828125
2025-03-03,15.100225448608398,176.5030517578125,167.4521942138672,67.25711059570312,36.212310791015625,104.1424560546875,282.6749267578125,261.7383728027344,674.6212158203125,352.6595764160156,2682.868896484375,255.02342224121094,103.13732147216797,225.59825134277344,54.16196823120117,8199.7099609375
2025-03-04,14.791295051574707,174.71524047851562,162.03627014160156,65.13999938964844,36.031959533691406,104.23572540283203,280.90325927734375,248.97300720214844,651.769287109375,351.6282653808594,2630.879150390625,252.15577697753906,104.68898010253906,214.939697265625,52.70946502685547,8047.919921875
2025-03-05,15.24065113067627,177.72113037109375,165.91575622558594,67.8386459350586,36.37367248535156,109.50580596923828,275.78521728515625,252.43231201171875,648.7418212890625,357.91436767578125,2621.06982421875,257.7922058105469,104.21007537841797,222.16000366210938,52.122867584228516,8173.75
2025-03-06,15.52149772644043,177.30856323242188,166.1846160888672,70.11931610107422,36.68691635131836,110.8582992553711,267.2222900390625,252.4810333251953,637.70654296875,359.2894287109375,2538.6708984375,255.81451416015625,104.99547576904297,219.80235290527344,52.43944549560547,8197.669921875
2025-03-07,15.516818046569824,177.11209106445312,162.8236846923828,69.57413482666016,36.791324615478516,109.13270568847656,267.7143859863281,242.63906860351562,619.8350830078125,353.1506652832031,2475.890869140625,248.00262451171875,104.99547576904297,219.94970703125,52.644283294677734,8120.7998046875
2025-03-10,15.25937271118164,180.01974487304688,156.6395263671875,67.63874053955078,36.563514709472656,108.19994354248047,268.993896484375,248.4857940673828,615.5380859375,358.0125732421875,2447.443603515625,235.7409210205078,104.86138916015625,215.23440551757812,52.51393127441406,8047.60009765625
2025-03-11,15.08618450164795,174.440185546875,156.52430725097656,66.29396057128906,36.09840393066406,106.89408111572266,261.3168029785156,245.5624237060547,606.2606201171875,349.909423828125,2425.863037109375,235.93870544433594,102.9074478149414,218.82000732421875,52.271846771240234,7941.91015625
2025-03-12,15.170438766479492,176.522705078125,157.5806121826172,66.95726776123047,36.8482780456543,108.33985900878906,265.74591064453125,243.36988830566406,597.4713745117188,343.7706604003906,2455.291015625,247.70596313476562,101.4707260131836,223.78089904785156,52.72808074951172,7988.9599609375
2025-03-13,15.123631477355957,176.11012268066406,155.77528381347656,66.8300552368164,36.791324615478516,108.24658203125,258.4624938964844,243.95457458496094,590.8306884765625,348.5343322753906,2426.843994140625,242.3662109375,101.7389144897461,221.1285400390625,53.24018478393555,7938.2099609375
2025-03-14,15.296819686889648,177.0924530029297,162.4779815673828,68.80179595947266,36.85777282714844,109.41253662109375,257.2814025878906,217.83920288085938,590.9283447265625,360.369873046875,2461.176513671875,247.9037322998047,101.7389144897461,223.9773712158203,53.52882766723633,8028.27978515625
2025-03-17,15.48873233795166,177.30856323242188,164.4369354248047,70.79170227050781,37.26593017578125,110.29865264892578,259.4467468261719,211.84629821777344,595.420654296875,356.9812927246094,2438.614990234375,249.98031616210938,102.98406219482422,226.777099609375,53.58469009399414,8073.97998046875
2025-03-18,15.72745132446289,176.79774475097656,164.95547485351562,72.88156127929688,37.88291549682617,111.37133026123047,259.34832763671875,211.65142822265625,595.713623046875,353.8382263183594,2399.37744140625,249.98031616210938,103.09900665283203,230.65740966796875,53.97574996948242,8114.56982421875
2025-03-19,15.895960807800293,176.95492553710938,164.4945526123047,73.47217559814453,37.816471099853516,111.69778442382812,261.02154541015625,208.97166442871094,596.2994995117188,355.4097595214844,2440.576904296875,255.122314453125,103.42466735839844,237.28831481933594,54.75787353515625,8171.47021484375
2025-03-20,15.774260520935059,174.6366424560547,160.71109008789062,71.82754516601562,37.62662887573242,110.8582992553711,261.9073486328125,205.02513122558594,590.3424072265625,354.1820068359375,2460.195556640625,249.68365478515625,101.7197494506836,232.81858825683594,54.813743591308594,8094.2001953125
2025-03-21,15.732133865356445,174.38125610351562,160.01968383789062,72.43633270263672,37.503231048583984,110.29865264892578,263.1868591308594,201.51710510253906,588.3892211914062,346.4717102050781,2465.100341796875,247.60707092285156,101.37493896484375,227.6612091064453,54.376129150390625,8042.9501953125
2025-03-24,15.774260520935059,174.2044219970703,160.57664489746094,72.17282104492188,37.569679260253906,110.43856811523438,266.238037109375,197.2294921875,582.3344116210938,342.9848937988281,2450.386474609375,248.2003936767578,99.49762725830078,227.90679931640625,53.9664421081543,8022.330078125
2025-03-25,16.19085121154785,175.56002807617188,165.47402954101562,74.12638854980469,38.101234436035156,111.27804565429688,272.8324890136719,195.9627227783203,584.28759765625,342.0027160644531,2464.119384765625,251.0680389404297,99.3443832397461,229.87152099609375,55.26066589355469,8108.58984375
2025-03-26,16.041065216064453,173.61505126953125,163.76473999023438,73.05420684814453,38.025299072265625,110.8116683959961,268.8955078125,196.9371795654297,580.5765991210938,336.6496887207031,2424.8818359375,248.00262451171875,97.17971801757812,224.3703155517578,57.00643539428711,8030.68017578125
2025-03-27,15.99893856048584,173.32034301757812,161.99783325195312,72.39089965820312,38.063262939453125,111.18476867675781,265.0569152832031,197.0833282470703,575.3030395507812,335.9130554199219,2426.843994140625,245.62937927246094,97.56285095214844,221.32501220703125,57.100799560546875,7990.10986328125
2025-03-28,15.863195419311523,173.2024688720703,159.65478515625,71.37322998046875,37.95885467529297,110.71839141845703,262.39947509765625,194.1502227783203,573.349853515625,338.9578857421875,2389.568115234375,242.95950317382812,99.03787994384766,213.3188018798828,55.874046325683594,7916.080078125
2025-03-31,15.704048156738281,172.0433349609375,156.3130340576172,69.88307189941406,37.39882278442383,108.47978210449219,261.2183837890625,186.04275512695312,558.3106079101562,336.7479248046875,2365.044677734375,239.30078125,97.62031555175781,207.03172302246094,56.2986946105957,7790.7099609375
2025-04-01,15.92404556274414,173.98831176757812,161.38327026367188,71.31871032714844,37.968345642089844,109.59907531738281,263.1868591308594,186.5494842529297,561.6309204101562,346.81549072265625,2378.77783203125,242.3662109375,97.71609497070312,212.09085083007812,56.13827133178711,7876.35986328125
2025-04-02,15.947449684143066,174.9706268310547,156.27462768554688,70.64632415771484,38.34803009033203,110.29865264892578,263.38372802734375,187.09518432617188,561.7286376953125,349.909423828125,2377.796630859375,241.6739959716797,96.16444396972656,211.2067413330078,56.06277847290039,7858.830078125
2025-04-03,15.418519973754883,171.2181854248047,151.74215698242188,66.96634674072266,37.712059020996094,109.832275390625,244.3878173828125,173.04354858398438,530.1851196289062,344.6546325683594,2294.4169921875,230.5989227294922,95.51313018798828,199.41845703125,53.41109085083008,7598.97998046875
2025-04-04,14.730443954467773,170.13763427734375,141.06390380859375,62.39591979980469,35.661766052246094,104.74874114990234,239.56500244140625,166.49522399902344,517.587158203125,343.47601318359375,2229.675048828125,215.86512756347656,91.95005798339844,186.15663146972656,50.079978942871094,7274.9501953125
2025-04-07,14.206195831298828,157.7604217529297,131.36517333984375,60.06072998046875,33.40264892578125,99.80512237548828,229.23045349121094,159.92739868164062,495.7118225097656,329.87249755859375,2094.305419921875,199.0547332763672,87.55370330810547,183.2685089111328,47.45661163330078,6927.1201171875
2025-04-08,14.201515197753906,163.08457946777344,134.66851806640625,60.14250946044922,34.57966995239258,102.23029327392578,237.990234375,161.68141174316406,507.6260681152344,337.48455810546875,2197.303955078125,209.04208374023438,89.24903106689453,188.94651794433594,47.60759353637695,7100.419921875
2025-04-09,14.018964767456055,157.8782958984375,128.1770782470703,57.95269775390625,33.58300018310547,100.55133056640625,230.21469116210938,152.9113311767578,486.727294921875,329.626953125,2179.647216796875,198.26365661621094,83.09986877441406,184.1133270263672,45.53626251220703,6863.02001953125
2025-04-10,14.309172630310059,164.04725646972656,133.9195098876953,61.087493896484375,35.31056213378906,104.32899475097656,238.18707275390625,158.11489868164062,511.92303466796875,340.8731384277344,2244.388916015625,209.63539123535156,85.29326629638672,193.24925231933594,46.72526931762695,7126.02001953125
2025-04-11,14.426193237304688,165.36355590820312,129.5022430419922,59.615501403808594,35.244117736816406,105.6348648071289,237.39967346191406,163.72776794433594,512.1183471679688,341.41339111328125,2243.408203125,202.41680908203125,85.83921813964844,193.52430725097656,45.923160552978516,7104.7998046875
2025-04-14,14.749167442321777,167.58360290527344,133.72743225097656,62.241455078125,36.16484832763672,107.96675872802734,243.20672607421875,166.6316375732422,517.684814453125,344.556396484375,2305.207275390625,208.4487762451172,88.00386810302734,198.92727661132812,47.39055252075195,7273.1201171875
2025-04-15,15.072142601013184,171.1788787841797,135.3406982421875,64.13141632080078,36.90523147583008,110.20537567138672,247.2421112060547,157.93951416015625,477.20562744140625,337.6809997558594,2310.112060546875,213.0963592529297,87.75484466552734,205.01788330078125,47.758583068847656,7335.39990234375
2025-04-16,15.235969543457031,171.59146118164062,134.91818237304688,65.04004669189453,37.1710090637207,111.93098449707031,245.8641815185547,160.60952758789062,473.83642578125,335.5201721191406,2317.959716796875,212.10751342773438,86.57672882080078,202.21817016601562,48.76829528808594,7329.97021484375
2025-04-17,15.245330810546875,170.11798095703125,131.0386962890625,64.27679443359375,37.503231048583984,111.6511459350586,243.403564453125,160.2781982421875,474.2270812988281,335.7657165527344,2243.408203125,209.83316040039062,86.88323211669922,201.67787170410156,48.73998260498047,7285.85986328125
2025-04-22,15.371712684631348,171.78793334960938,130.64593505859375,65.0763931274414,38.00631332397461,113.47991943359375,249.21060180664062,165.57923889160156,475.8872375488281,356.9321594238281,2262.0458984375,212.0086212158203,87.31424713134766,196.0784454345703,48.94758605957031,7326.47021484375
2025-04-23,15.624475479125977,171.61109924316406,136.32107543945312,67.07539367675781,38.281585693359375,115.01993560791016,253.24600219726562,170.4709930419922,488.582763671875,367.8345947265625,2313.054931640625,216.95285034179688,89.3064956665039,205.2634735107422,49.060829162597656,7482.35986328125
2025-04-24,15.624475479125977,175.42250061035156,134.7697296142578,65.63066101074219,38.18666076660156,115.88619995117188,248.02951049804688,168.81442260742188,495.4237365722656,374.0224609375,2339.540283203125,218.4361114501953,89.41185760498047,209.2420196533203,49.211814880371094,7502.77978515625
2025-04-25,15.80234432220459,175.2849884033203,138.0491485595703,66.15766143798828,38.50939178466797,116.31932830810547,249.3090362548828,170.042236328125,494.53143310546875,367.5399475097656,2335.6162109375,227.53350830078125,88.463623046875,214.00645446777344,49.787437438964844,7536.259765625
2025-04-28,16.03170394897461,175.04922485351562,141.70166015625,67.32980346679688,38.860599517822266,116.46369934082031,246.15945434570312,173.94004821777344,497.70404052734375,372.4509582519531,2349.349609375,228.72012329101562,89.17240142822266,213.26968383789062,49.93842697143555,7573.759765625
2025-04-29,16.148723602294922,175.65826416015625,141.36781311035156,67.96585083007812,39.22129821777344,117.42620849609375,246.4547119140625,173.8231201171875,485.1127014160156,381.0943298339844,2340.521240234375,227.8301544189453,90.2547378540039,199.66404724121094,49.400543212890625,7555.8701171875
2025-04-30,15.437243461608887,177.36749267578125,144.47048950195312,67.50244140625,39.45860290527344,118.00370788574219,248.71849060058594,173.7841339111328,483.7247009277344,380.11212158203125,2345.426025390625,230.40115356445312,91.85427856445312,200.59727478027344,48.277591705322266,7593.8701171875
2025-05-02,15.451285362243652,181.96475219726562,152.14862060546875,69.38331604003906,40.18000411987305,120.84312438964844,253.44285583496094,180.00115966796875,491.606689453125,386.29998779296875,2405.262939453125,240.58627319335938,93.7890625,211.9926300048828,47.99449157714844,7770.47998046875
2025-05-05,15.502774238586426,180.6680908203125,155.40838623046875,69.38331604003906,41.130001068115234,120.60250091552734,252.85231018066406,175.43936157226562,488.0374755859375,389.8500061035156,2442.38916015625,240.68515014648438,91.95005798339844,208.79995727539062,47.66421127319336,7727.93017578125
2025-05-06,15.51213550567627,180.23587036132812,153.7981414794922,69.05621337890625,40.93000030517578,121.13187408447266,246.75,175.2999267578125,484.9144592285156,381.1000061035156,2415.658447265625,241.08070373535156,91.75849914550781,208.70172119140625,48.183223724365234,7696.919921875
2025-05-07,15.549583435058594,179.2928466796875,151.7755126953125,69.07437896728516,40.650001525878906,120.89124298095703,243.6999969482422,170.5389404296875,479.36236572265625,374.3999938964844,2388.927734375,239.9929656982422,87.80272674560547,207.6702423095703,47.890689849853516,7626.83984375
2025-05-08,15.699368476867676,179.4893035888672,155.50657653808594,69.96484375,41.119998931884766,120.89124298095703,244.10000610351562,174.76206970214844,483.12982177734375,375.3500061035156,2420.608642578125,247.40931701660156,87.8889389038086,211.64878845214844,48.17378616333008,7694.43994140625
2025-05-09,15.764899253845215,180.6484375,155.5654754638672,70.41915893554688,41.66999816894531,121.22811889648438,242.3000030517578,177.2122802734375,491.5075378417969,383.20001220703125,2428.528564453125,245.43162536621094,88.99999237060547,211.01026916503906,48.966461181640625,7743.75
2025-05-12,15.914684295654297,178.07476806640625,155.70294189453125,71.82754516601562,40.689998626708984,119.01435089111328,249.10000610351562,187.59083557128906,525.9601440429688,394.54998779296875,2513.6708984375,247.50820922851562,91.13999938964844,217.14999389648438,50.079978942871094,7850.10009765625
2025-05-13,15.9334077835083,178.89990234375,158.17723083496094,71.85480499267578,40.47999954223633,118.48497009277344,254.6999969482422,190.14065551757812,532.305419921875,385.1499938964844,2570.10205078125,248.793701171875,89.70999908447266,220.0,50.40082550048828,7873.830078125
2025-05-14,16.223615646362305,179.56788635253906,156.6062469482422,72.61804962158203,40.65999984741211,119.35122680664062,249.89999389648438,184.26412963867188,520.7055053710938,372.6000061035156,2550.3017578125,249.18923950195312,88.83999633789062,220.14999389648438,50.11772537231445,7836.7900390625
2025-05-15,16.2938289642334,182.08262634277344,156.33132934570312,72.32728576660156,40.7599983215332,121.46875,253.1999969482422,175.04095458984375,502.95867919921875,376.8999938964844,2541.3916015625,251.76023864746094,89.87000274658203,220.64999389648438,49.88180923461914,7853.47021484375
2025-05-16,16.23297691345215,183.33999633789062,157.33282470703125,72.136474609375,41.25,122.47938537597656,260.70001220703125,177.80990600585938,499.5877685546875,373.8500061035156,2558.221923828125,253.24351501464844,91.79000091552734,219.14999389648438,50.230960845947266,7886.68994140625
2025-05-19,16.27978515625,185.0800018310547,158.96270751953125,74.6022720336914,41.66999816894531,122.76814270019531,260.5,174.9214324951172,494.3331604003906,378.54998779296875,2533.47119140625,256.2100524902344,92.26000213623047,218.64999389648438,49.90068435668945,7883.6298828125
2025-05-20,16.51850700378418,185.89999389648438,158.90379333496094,75.07608795166016,41.61000061035156,123.97128295898438,261.3999938964844,181.87367248535156,500.5792236328125,381.04998779296875,2524.56103515625,258.28662109375,93.5199966430664,221.5500030517578,50.02335739135742,7942.419921875
2025-05-21,16.47637939453125,185.60000610351562,159.15908813476562,75.3661880493164,41.689998626708984,124.50067138671875,260.3999938964844,177.25213623046875,489.4255065917969,385.45001220703125,2471.099609375,256.7044677734375,93.75,219.64999389648438,49.37223434448242,7910.490234375
2025-05-22,16.45297622680664,185.32000732421875,158.3343048095703,74.94071197509766,41.56999969482422,124.54876708984375,262.6000061035156,174.82183837890625,480.94866943359375,379.75,2412.6884765625,257.6933288574219,93.41000366210938,221.10000610351562,48.59843444824219,7864.43994140625
2025-05-23,16.1299991607666,183.9199981689453,154.4461669921875,73.33552551269531,40.970001220703125,123.68252563476562,250.0,172.6106719970703,474.90087890625,372.95001220703125,2349.32666015625,251.9580078125,92.13999938964844,217.14999389648438,48.09829330444336,7734.39990234375
2025-05-26,16.31999969482422,185.52000427246094,157.3131866455078,74.66996002197266,41.29999923706055,124.50067138671875,255.1999969482422,174.54295349121094,479.31280517578125,374.04998779296875,2365.167236328125,257.1000061035156,92.79000091552734,221.10000610351562,48.8626594543457,7828.1298828125
2025-05-27,16.290000915527344,185.3800048828125,159.25726318359375,74.86334991455078,41.31999969482422,123.73065185546875,253.1999969482422,174.76206970214844,477.77606201171875,373.3999938964844,2360.217041015625,259.20001220703125,92.80000305175781,222.9499969482422,48.63617706298828,7826.7900390625
2025-05-28,16.024999618530273,182.6199951171875,159.39471435546875,74.05109405517578,41.06999969482422,123.39376831054688,247.60000610351562,172.78994750976562,479.5110778808594,366.45001220703125,2357.2470703125,259.5,92.62000274658203,222.0500030517578,48.73054504394531,7788.10009765625
2025-05-29,16.094999313354492,181.97999572753906,159.61073303222656,74.29283905029297,41.459999084472656,123.10501861572266,247.6999969482422,172.78994750976562,477.1316223144531,366.1000061035156,2359.22705078125,259.6000061035156,91.97000122070312,222.39999389648438,48.51350784301758,7779.72021484375
2025-05-30,16.104999542236328,182.39999389648438,159.1394500732422,74.59259796142578,41.5099983215332,121.13187408447266,244.6999969482422,171.67440795898438,474.15728759765625,372.3999938964844,2403.778076171875,261.3999938964844,87.5199966430664,221.35000610351562,48.74942398071289,7751.89013671875
2025-06-02,16.149999618530273,182.97999572753906,159.63037109375,74.17680358886719,41.88999938964844,123.00877380371094,245.10000610351562,170.73814392089844,473.1163024902344,371.04998779296875,2371.107421875,261.79998779296875,85.91000366210938,219.6999969482422,49.711952209472656,7737.2001953125
2025-06-03,16.139999389648438,182.0,163.4203338623047,74.66996002197266,42.130001068115234,122.72000885009766,244.6999969482422,170.7182159423828,469.5470886230469,374.70001220703125,2358.237060546875,265.0,86.7699966430664,221.6999969482422,50.04222869873047,7763.83984375
2025-06-04,16.104999542236328,184.3000030517578,167.0924835205078,74.10911560058594,42.349998474121094,122.47938537597656,243.89999389648438,175.2999267578125,472.57098388671875,384.8500061035156,2358.237060546875,265.5,87.12000274658203,225.0500030517578,49.325050354003906,7804.669921875
2025-06-05,16.21500015258789,184.32000732421875,162.4973907470703,74.94071197509766,42.5,122.14250946044922,245.5,174.54295349121094,466.0770568847656,382.25,2316.656005859375,264.5,87.48999786376953,226.10000610351562,48.94758605957031,7790.27001953125
2025-06-06,16.280000686645508,183.4600067138672,162.3402862548828,75.55957794189453,42.709999084472656,121.85375213623047,248.3000030517578,172.7102508544922,467.2171936035156,381.3500061035156,2296.85546875,265.70001220703125,88.41000366210938,227.64999389648438,49.353363037109375,7804.8701171875
2025-06-09,16.489999771118164,182.77999877929688,162.4973907470703,75.89801788330078,42.38999938964844,121.13187408447266,249.3000030517578,177.0330047607422,467.5146179199219,378.8999938964844,2301.8056640625,265.70001220703125,87.47000122070312,225.3000030517578,49.381675720214844,7791.47021484375
2025-06-10,15.979999542236328,183.82000732421875,160.94606018066406,73.77066802978516,42.20000076293945,120.55436706542969,251.39999389648438,181.1963653564453,470.7864074707031,382.29998779296875,2323.586181640625,260.29998779296875,87.58999633789062,227.9499969482422,50.570682525634766,7804.330078125
2025-06-11,15.895000457763672,184.17999267578125,160.6514892578125,73.7029800415039,42.099998474121094,120.98749542236328,250.0,179.58282470703125,466.57275390625,378.29998779296875,2336.456298828125,259.8999938964844,86.70999908447266,223.25,50.53293228149414,7775.89990234375
2025-06-12,15.979999542236328,184.1999969482422,159.84637451171875,73.95439910888672,41.880001068115234,121.42062377929688,246.6999969482422,173.9652557373047,464.8377380371094,375.75,2311.7060546875,258.1000061035156,87.68000030517578,221.0,51.65589141845703,7765.10986328125
2025-06-13,15.845000267028809,182.8000030517578,158.6485137939453,72.79402160644531,41.619998931884766,119.97686767578125,242.0,171.89352416992188,457.45147705078125,371.04998779296875,2272.104736328125,253.1999969482422,86.80000305175781,220.4499969482422,51.71250915527344,7684.68017578125
2025-06-16,16.139999389648438,183.52000427246094,159.08053588867188,74.94071197509766,42.0,120.55436706542969,242.8000030517578,192.11277770996094,463.3505859375,370.20001220703125,2282.9951171875,259.1000061035156,85.87999725341797,221.9499969482422,51.44828796386719,7742.240234375
2025-06-17,15.885000228881836,182.24000549316406,157.82376098632812,73.46124267578125,41.630001068115234,119.6399917602539,240.5,184.26412963867188,456.7574768066406,369.0,2271.114990234375,259.79998779296875,84.8499984741211,221.89999389648438,52.382503509521484,7683.72998046875
2025-06-18,15.914999961853027,181.13999938964844,160.02310180664062,74.04142761230469,41.7599983215332,119.20685577392578,241.39999389648438,179.94139099121094,460.07879638671875,370.0,2258.24462890625,262.0,82.80999755859375,217.5500030517578,51.52377700805664,7656.1201171875
2025-06-19,15.510000228881836,178.33999633789062,158.8252410888672,72.17515563964844,41.58000183105469,116.51183319091797,240.3000030517578,174.20428466796875,448.6772155761719,363.6000061035156,2203.79345703125,257.8999938964844,83.12000274658203,214.60000610351562,52.62614822387695,7553.4501953125
2025-06-20,15.585000038146973,178.75999450683594,164.4611053466797,71.84638977050781,42.599998474121094,117.137451171875,240.8000030517578,178.3079071044922,446.0994873046875,364.95001220703125,2234.484130859375,260.20001220703125,83.22000122070312,214.0500030517578,52.396087646484375,7589.66015625
2025-06-23,15.479999542236328,174.60000610351562,163.97018432617188,70.66667938232422,41.72999954223633,116.41557312011719,240.6999969482422,174.80191040039062,445.95074462890625,359.0,2241.4140625,259.0,83.06999969482422,212.85000610351562,52.03182601928711,7537.56982421875
2025-06-24,15.805000305175781,176.32000732421875,167.50486755371094,72.89071655273438,41.880001068115234,118.34059143066406,242.39999389648438,179.76210021972656,449.66864013671875,363.54998779296875,2253.294677734375,263.1000061035156,83.66000366210938,218.4499969482422,50.3255500793457,7615.990234375
2025-06-25,15.710000038146973,174.3800048828125,168.4278106689453,72.72633361816406,41.7599983215332,118.43684387207031,238.10000610351562,176.11666870117188,440.9935302734375,356.1000061035156,2243.394287109375,263.70001220703125,82.26000213623047,215.5,50.114662170410156,7558.16015625
2025-06-26,15.8100004196167,174.0800018310547,172.90509033203125,72.78434753417969,41.59000015258789,119.2549819946289,231.10000610351562,173.7859649658203,433.8055725097656,349.75,2211.71337890625,267.29998779296875,82.30000305175781,216.0500030517578,50.33513641357422,7557.31005859375
2025-06-27,16.014999389648438,176.5800018310547,174.96697998046875,74.36052703857422,41.959999084472656,120.3137435913086,234.3000030517578,183.46730041503906,445.45501708984375,355.1499938964844,2252.304443359375,272.20001220703125,82.48999786376953,230.0,50.344722747802734,7691.5498046875
2025-06-30,16.065000534057617,175.13999938964844,174.04403686523438,73.7996826171875,41.66999816894531,120.40998840332031,232.89999389648438,183.82586669921875,440.7952575683594,363.1000061035156,2276.06494140625,275.8999938964844,82.20999908447266,225.8000030517578,49.942115783691406,7665.91015625
2025-07-01,15.949999809265137,175.74000549316406,169.19366455078125,72.71665954589844,41.060001373291016,120.74686431884766,234.89999389648438,194.74227905273438,465.0360107421875,372.8500061035156,2290.915283203125,264.8999938964844,83.06999969482422,222.35000610351562,50.1817626953125,7662.58984375
2025-07-02,16.270000457763672,175.8800048828125,172.00177001953125,74.09944152832031,40.63999938964844,120.26561737060547,236.6999969482422,201.84390258789062,484.319580078125,372.8500061035156,2297.845458984375,266.29998779296875,83.61000061035156,223.64999389648438,51.169105529785156,7738.419921875
2025-07-03,16.149999618530273,175.94000244140625,173.5531005859375,74.05109405517578,41.400001525878906,120.55436706542969,235.60000610351562,197.65066528320312,481.7418212890625,372.8500061035156,2327.546142578125,270.0,82.47000122070312,225.39999389648438,51.15951919555664,7754.5498046875
2025-07-04,15.880000114440918,175.02000427246094,172.19815063476562,72.40723419189453,41.0,119.59185791015625,233.39999389648438,197.3518524169922,473.2649841308594,369.95001220703125,2318.635986328125,269.79998779296875,83.29000091552734,221.89999389648438,50.77608871459961,7696.27001953125
2025-07-07,15.9399995803833,175.39999389648438,174.0636749267578,73.4322280883789,41.529998779296875,120.60250091552734,236.89999389648438,194.62274169921875,471.2821044921875,372.75,2376.0576171875,274.70001220703125,82.44000244140625,223.9499969482422,49.64495849609375,7723.47021484375
2025-07-08,16.020000457763672,175.0,175.67391967773438,73.88671112060547,41.45000076293945,120.3137435913086,239.39999389648438,197.21241760253906,478.5196228027344,374.0,2380.017578125,275.0,83.33000183105469,224.0500030517578,50.65147018432617,7766.7099609375
2025-07-09,16.399999618530273,176.9199981689453,179.051513671875,76.26547241210938,42.04999923706055,122.2868881225586,252.89999389648438,199.0052490234375,483.6751403808594,374.3500061035156,2409.718505859375,279.6000061035156,83.31999969482422,227.6999969482422,51.0732421875,7878.4599609375
2025-07-10,16.25,176.5,179.97445678710938,75.33717346191406,41.63999938964844,121.42062377929688,250.0,205.57899475097656,500.6783752441406,382.25,2449.3193359375,276.0,84.16000366210938,225.4499969482422,51.28413391113281,7902.25
2025-07-11,16.0,175.10000610351562,179.89590454101562,74.0704345703125,41.689998626708984,121.08374786376953,242.39999389648438,197.8896942138672,483.52642822265625,373.8500061035156,2411.6982421875,279.5,83.02999877929688,225.1999969482422,51.6388053894043,7829.2900390625
2025-07-14,16.03499984741211,174.86000061035156,179.67990112304688,74.14778900146484,41.77000045776367,120.55436706542969,243.8000030517578,196.19647216796875,475.4461669921875,373.1000061035156,2384.9677734375,281.20001220703125,83.54000091552734,223.64999389648438,51.130760192871094,7808.169921875
2025-07-15,15.864999771118164,173.8000030517578,176.8717803955078,73.71265411376953,41.41999816894531,119.15872955322266,242.1999969482422,195.87774658203125,473.2649841308594,367.6000061035156,2373.087158203125,279.8999938964844,82.69999694824219,225.85000610351562,51.26496124267578,7766.2099609375
2025-07-16,15.84000015258789,173.13999938964844,177.7161865234375,73.5676040649414,41.34000015258789,118.09996032714844,242.89999389648438,191.43548583984375,471.52996826171875,364.0,2395.85791015625,280.0,83.19999694824219,222.5500030517578,50.89111328125,7722.08984375
2025-07-17,15.979999542236328,173.97999572753906,181.9185333251953,74.6022720336914,41.59000015258789,119.73623657226562,244.1999969482422,191.63467407226562,472.769287109375,364.04998779296875,2370.1171875,283.79998779296875,83.54000091552734,239.75,50.77608871459961,7822.0
2025-07-18,16.094999313354492,172.0,182.8414764404297,75.26947784423828,41.88999938964844,120.1212387084961,243.8000030517578,196.55503845214844,468.704345703125,362.54998779296875,2343.38671875,285.29998779296875,83.12000274658203,237.14999389648438,50.948631286621094,7822.669921875
2025-07-21,16.145000457763672,172.13999938964844,182.64511108398438,75.17278289794922,42.0,119.9287338256836,243.5,196.55503845214844,464.78814697265625,362.70001220703125,2305.765625,283.1000061035156,82.30000305175781,235.75,50.6706428527832,7798.22021484375
2025-07-22,16.065000534057617,171.6199951171875,178.03038024902344,74.53458404541016,41.5099983215332,118.1480941772461,242.3000030517578,201.79412841796875,461.5659484863281,367.95001220703125,2278.044921875,275.5,82.55000305175781,231.8000030517578,50.61312484741211,7744.41015625
2025-07-23,16.09000015258789,172.24000549316406,180.05300903320312,75.88835144042969,41.9900016784668,120.36186218261719,246.1999969482422,211.7543487548828,475.8427429199219,374.95001220703125,2330.516357421875,278.6000061035156,84.6500015258789,236.14999389648438,51.130760192871094,7850.43017578125
2025-07-24,16.43000030517578,172.89999389648438,179.2871551513672,76.1881103515625,42.20000076293945,119.06246948242188,247.1999969482422,211.5551300048828,466.2257385253906,373.6499938964844,2323.586181640625,279.1000061035156,85.22000122070312,238.89999389648438,49.3286247253418,7818.27978515625
2025-07-25,16.31999969482422,171.67999267578125,176.93069458007812,76.26547241210938,42.27000045776367,119.54373168945312,249.6999969482422,220.91773986816406,484.51788330078125,374.70001220703125,2361.20703125,277.5,85.11000061035156,236.25,49.20401382446289,7834.580078125
2025-07-28,16.190000534057617,172.39999389648438,174.41714477539062,74.82467651367188,42.150001525878906,118.72559356689453,246.1999969482422,215.04119873046875,485.01361083984375,373.6000061035156,2364.177001953125,275.79998779296875,85.5,236.10000610351562,50.22969436645508,7800.8798828125
2025-07-29,16.21500015258789,175.32000732421875,176.1844940185547,75.88835144042969,42.459999084472656,120.45811462402344,263.20001220703125,211.6049346923828,470.73681640625,373.6000061035156,2354.277099609375,281.70001220703125,85.8499984741211,238.25,50.35430908203125,7857.35986328125
2025-07-30,16.405000686645508,174.32000732421875,175.61500549316406,76.45886993408203,42.61000061035156,120.21749114990234,258.29998779296875,215.04119873046875,476.6358947753906,388.54998779296875,2247.3544921875,280.79998779296875,85.5199966430664,239.1999969482422,50.12424850463867,7861.9599609375
2025-07-31,16.149999618530273,172.8000030517578,172.84616088867188,77.41616821289062,42.68000030517578,117.04119873046875,260.6000061035156,215.63882446289062,468.30780029296875,389.3500061035156,2129.54150390625,289.5,78.83999633789062,228.25,49.86543273925781,7771.97021484375
2025-08-01,15.920000076293945,170.22000122070312,166.03208923339844,74.00274658203125,39.33000183105469,114.29805755615234,255.3000030517578,215.2902069091797,457.6993408203125,376.1000061035156,2057.269775390625,280.29998779296875,80.33999633789062,213.89999389648438,48.954776763916016,7546.16015625
2025-08-04,16.05500030517578,172.24000549316406,169.19366455078125,75.9076919555664,39.97999954223633,115.45306396484375,256.20001220703125,214.19459533691406,458.3437805175781,379.8500061035156,2076.080078125,287.70001220703125,82.0,219.3000030517578,49.44365692138672,7632.009765625
2025-08-05,16.079999923706055,173.0,172.0214080810547,75.7916488647461,40.599998474121094,116.07869720458984,252.89999389648438,210.55909729003906,452.5934143066406,373.29998779296875,2074.10009765625,287.5,82.02999877929688,214.8000030517578,49.750404357910156,7621.0400390625
2025-08-06,16.280000686645508,171.75999450683594,174.67242431640625,76.6812744140625,40.7599983215332,116.84870910644531,249.3000030517578,208.41766357421875,453.7831726074219,374.6499938964844,2091.92041015625,290.1000061035156,79.66999816894531,214.85000610351562,50.3255500793457,7635.02978515625
2025-08-07,16.395000457763672,173.5800018310547,174.18148803710938,76.87466430664062,41.56999969482422,118.19622039794922,252.1999969482422,212.25234985351562,457.154052734375,382.1499938964844,2100.830810546875,291.20001220703125,80.83999633789062,220.3000030517578,50.21052169799805,7709.31982421875
2025-08-08,16.920000076293945,173.77999877929688,173.0229034423828,78.80862426757812,41.38999938964844,119.01435089111328,252.89999389648438,214.79220581054688,457.40191650390625,384.3500061035156,2092.91064453125,291.20001220703125,80.93000030517578,222.0,50.52685546875,7743.0
2025-08-11,17.045000076293945,172.5,172.6105194091797,78.85697174072266,41.619998931884766,120.21749114990234,251.6999969482422,212.25234985351562,454.0805969238281,380.3999938964844,2016.6788330078125,287.20001220703125,81.33999633789062,218.64999389648438,50.344722747802734,7698.52001953125
2025-08-12,17.0,173.67999267578125,177.57872009277344,79.05036163330078,42.119998931884766,120.3137435913086,253.8000030517578,212.50135803222656,453.23785400390625,379.3500061035156,2025.5889892578125,290.6000061035156,81.6500015258789,222.1999969482422,50.96780014038086,7753.419921875
2025-08-13,17.030000686645508,175.74000549316406,176.30230712890625,80.2010726928711,42.66999816894531,121.85375213623047,261.8999938964844,216.48544311523438,465.5813293457031,388.1499938964844,2054.2998046875,289.3999938964844,83.18000030517578,218.0,50.33513641357422,7804.97021484375
2025-08-14,17.135000228881836,178.6199951171875,180.44573974609375,81.16804504394531,42.88999938964844,123.10501861572266,263.1000061035156,210.90771484375,468.8530578613281,388.75,2058.259765625,293.6000061035156,83.54000091552734,222.0,50.39265441894531,7870.33984375
2025-08-15,17.110000610351562,180.22000122070312,183.489501953125,80.93596649169922,43.400001525878906,124.74128723144531,267.5,210.80810546875,472.02569580078125,392.8999938964844,2044.3994140625,291.79998779296875,84.94999694824219,220.60000610351562,51.255374908447266,7923.4501953125
2025-08-18,16.790000915527344,180.0,180.8777618408203,79.5725326538086,42.779998779296875,123.2012710571289,267.79998779296875,209.41368103027344,471.77783203125,393.29998779296875,2052.319580078125,293.0,85.58000183105469,218.5,50.824012756347656,7884.0498046875
2025-08-19,16.950000762939453,183.25999450683594,180.50465393066406,80.12371063232422,42.93000030517578,124.16378021240234,271.79998779296875,215.63882446289062,485.70758056640625,400.0,2084.990478515625,292.1000061035156,86.48999786376953,223.25,51.47584915161133,7979.080078125
2025-08-20,17.100000381469727,185.0,175.88992309570312,80.55884552001953,43.310001373291016,123.77877807617188,275.5,220.76832580566406,489.32635498046875,406.70001220703125,2082.020263671875,289.20001220703125,87.02999877929688,215.5500030517578,51.773006439208984,7973.02978515625
2025-08-21,16.969999313354492,183.3000030517578,177.63763427734375,79.98833465576172,43.04999923706055,123.82689666748047,272.0,217.48147583007812,480.8495178222656,400.70001220703125,2049.349609375,292.5,87.47000122070312,215.0,52.041412353515625,7938.2900390625
2025-08-22,17.05500030517578,183.1199951171875,177.44126892089844,80.62653350830078,42.59000015258789,124.16378021240234,272.0,222.9097900390625,490.86309814453125,399.0,2074.10009765625,290.5,87.33999633789062,215.39999389648438,52.36732864379883,7969.68994140625
2025-08-25,16.549999237060547,180.67999267578125,177.2645263671875,77.77395629882812,40.959999084472656,116.94496154785156,269.20001220703125,223.35800170898438,483.8734130859375,397.1000061035156,2060.239990234375,289.8999938964844,86.26000213623047,213.25,51.85927963256836,7843.0400390625
2025-08-26,15.649999618530273,176.66000366210938,176.6165008544922,74.4862289428711,39.310001373291016,110.15925598144531,265.8999938964844,224.55322265625,482.0888366699219,396.70001220703125,2051.32958984375,288.0,86.27999877929688,210.8000030517578,50.718570709228516,7709.81005859375
2025-08-27,15.5600004196167,178.05999755859375,175.02589416503906,74.00274658203125,39.91999816894531,111.36239624023438,266.5,228.5871124267578,497.70404052734375,401.25,2097.860595703125,287.20001220703125,86.54000091552734,211.4499969482422,51.006141662597656,7743.93017578125
2025-08-28,15.6899995803833,177.39999389648438,175.37936401367188,74.36052703857422,39.900001525878906,112.70990753173828,263.3999938964844,234.0652313232422,508.70904541015625,402.3500061035156,2103.80078125,287.79998779296875,85.36000061035156,213.6999969482422,50.900699615478516,7762.60009765625
2025-08-29,15.630000114440918,176.22000122070312,175.81137084960938,74.29283905029297,39.790000915527344,111.55490112304688,260.20001220703125,228.23849487304688,499.78607177734375,397.8999938964844,2070.139892578125,284.8999938964844,84.48999786376953,210.0500030517578,51.28413391113281,7703.89990234375
2025-09-01,15.619999885559082,176.3000030517578,178.6980438232422,74.50557708740234,39.779998779296875,111.12176513671875,258.70001220703125,228.88592529296875,499.3894958496094,396.95001220703125,2042.4193115234375,285.6000061035156,84.69000244140625,210.25,51.236202239990234,7707.89990234375
2025-09-02,15.404999732971191,174.89999389648438,175.90956115722656,73.4322280883789,39.20000076293945,108.81175231933594,257.1000061035156,237.6509246826172,508.60992431640625,396.79998779296875,2019.64892578125,279.5,84.51000213623047,211.10000610351562,51.31289291381836,7654.25
2025-09-03,15.515000343322754,175.74000549316406,181.3490447998047,73.6739730834961,39.33000183105469,110.01488494873047,258.0,235.50946044921875,516.3431396484375,399.6000061035156,2026.5789794921875,281.6000061035156,86.12000274658203,217.25,50.59395217895508,7719.7099609375
2025-09-04,15.880000114440918,176.1999969482422,183.46986389160156,74.99872589111328,39.810001373291016,111.55490112304688,260.20001220703125,231.72457885742188,494.828857421875,404.3999938964844,1998.8582763671875,280.8999938964844,78.95999908447266,217.25,50.57477951049805,7698.919921875
2025-09-05,15.6899995803833,175.3800048828125,180.50465393066406,73.99307250976562,39.5099983215332,111.21802520751953,259.6000061035156,236.40589904785156,492.0032653808594,402.6499938964844,2018.6588134765625,278.20001220703125,79.5,218.3000030517578,49.67371368408203,7674.77978515625
2025-09-08,15.9399995803833,176.9199981689453,184.41246032714844,74.16712951660156,39.7599983215332,112.90242004394531,262.0,237.94972229003906,491.90411376953125,402.1499938964844,2023.60888671875,279.3999938964844,79.12999725341797,226.14999389648438,49.750404357910156,7734.83984375
2025-09-09,16.065000534057617,176.97999572753906,184.1375274658203,75.29850006103516,39.849998474121094,113.23929595947266,260.0,232.32220458984375,487.78961181640625,396.3500061035156,2074.10009765625,280.0,80.7699966430664,223.4499969482422,50.55561065673828,7749.39013671875
2025-09-10,16.299999237060547,174.47999572753906,185.13902282714844,75.57891845703125,39.970001220703125,113.91304779052734,265.1000061035156,232.57119750976562,485.5588684082031,388.1499938964844,2072.1201171875,280.8999938964844,80.27999877929688,228.9499969482422,50.57477951049805,7761.31982421875
2025-09-11,16.489999771118164,177.22000122070312,190.48033142089844,76.78764343261719,40.25,114.15367889404297,266.6000061035156,238.19873046875,483.1794128417969,383.8500061035156,2088.950439453125,285.20001220703125,80.73999786376953,229.64999389648438,50.02838897705078,7823.52001953125
2025-09-12,16.454999923706055,177.24000549316406,189.7144775390625,76.6812744140625,40.209999084472656,114.05742645263672,264.70001220703125,240.34017944335938,486.451171875,381.04998779296875,2069.150146484375,285.6000061035156,80.69999694824219,232.0,49.96128845214844,7825.240234375
2025-09-15,16.7450008392334,177.16000366210938,192.7386016845703,77.67726135253906,40.400001525878906,115.06806182861328,266.5,254.33428955078125,499.8852233886719,388.6000061035156,2099.8408203125,288.5,79.51000213623047,233.75,50.40224075317383,7896.93017578125
2025-09-16,16.450000762939453,174.47999572753906,189.419921875,76.5555648803711,39.70000076293945,113.43179321289062,270.6000061035156,262.2526550292969,503.35528564453125,377.3500061035156,2097.860595703125,283.79998779296875,78.83999633789062,228.89999389648438,50.25844955444336,7818.22021484375
2025-09-17,16.270000457763672,174.16000366210938,188.2220458984375,75.10509490966797,39.56999969482422,112.0361557006836,270.20001220703125,265.8881530761719,506.9244384765625,377.1499938964844,2099.8408203125,279.79998779296875,79.44000244140625,226.9499969482422,49.58744430541992,7786.97998046875
2025-09-18,16.299999237060547,174.6199951171875,188.2220458984375,75.80132293701172,39.58000183105469,112.85428619384766,274.5,267.6809997558594,513.1705322265625,378.20001220703125,2123.601318359375,284.79998779296875,80.1500015258789,232.64999389648438,49.87501525878906,7854.60986328125
2025-09-19,16.530000686645508,175.67999267578125,190.34286499023438,76.97135925292969,39.88999938964844,113.19116973876953,273.70001220703125,266.8841857910156,506.23046875,369.6499938964844,2107.760986328125,291.6000061035156,80.45999908447266,231.10000610351562,49.4340705871582,7853.58984375
2025-09-22,16.610000610351562,174.60000610351562,191.59963989257812,76.08174896240234,40.04999923706055,112.56553649902344,274.8999938964844,263.9458923339844,502.6612548828125,362.0,2092.91064453125,294.3999938964844,80.2300033569336,230.0,49.58744430541992,7830.10986328125
2025-09-23,16.764999389648438,175.33999633789062,190.73561096191406,76.32349395751953,40.02000045776367,112.75804138183594,274.3999938964844,268.926025390625,518.72265625,374.70001220703125,2111.72119140625,291.6000061035156,79.26000213623047,230.5500030517578,50.22010803222656,7872.02001953125
2025-09-24,16.614999771118164,173.32000732421875,190.30360412597656,75.6369400024414,39.79999923706055,111.21802520751953,269.5,272.3125,504.7432861328125,367.1000061035156,2045.3895263671875,292.6000061035156,79.5,232.39999389648438,51.28413391113281,7827.4501953125
2025-09-25,16.479999542236328,174.0,190.34286499023438,75.84000396728516,39.93000030517578,110.92927551269531,266.0,269.8224182128906,502.46295166015625,366.1000061035156,2041.4293212890625,292.20001220703125,77.5199966430664,231.0500030517578,51.169105529785156,7795.419921875
2025-09-26,16.895000457763672,175.4600067138672,192.16912841796875,77.54000091552734,40.65999984741211,112.37303161621094,271.70001220703125,273.9061279296875,511.28680419921875,366.8999938964844,2048.359375,296.0,78.31999969482422,235.25,52.00306701660156,7870.68017578125
2025-09-29,16.940000534057617,176.4199981689453,192.22802734375,77.44999694824219,40.560001373291016,111.93991088867188,274.8999938964844,286.80462646484375,518.6234741210938,365.04998779296875,2097.860595703125,295.79998779296875,78.27999877929688,234.25,50.85276794433594,7880.8701171875
2025-09-30,16.719999313354492,176.86000061035156,193.81863403320312,77.33000183105469,40.63999938964844,113.52804565429688,276.0,281.42608642578125,516.0457153320312,368.5,2062.219970703125,300.1000061035156,78.55000305175781,237.60000610351562,49.58744430541992,7895.93994140625
2025-10-01,17.020000457763672,175.9199981689453,195.46817016601562,78.33999633789062,40.63999938964844,113.961181640625,276.8999938964844,282.2229309082031,519.5157470703125,366.3500061035156,2067.169921875,298.3999938964844,85.18000030517578,244.85000610351562,50.27940368652344,7966.9501953125
2025-10-02,16.950000762939453,176.5800018310547,198.38427734375,77.52999877929688,40.560001373291016,114.00929260253906,280.20001220703125,285.7587890625,538.2540893554688,374.20001220703125,2123.601318359375,303.6000061035156,85.04000091552734,250.5,49.68490219116211,8056.6298828125
2025-10-03,16.915000915527344,171.67999267578125,199.85707092285156,78.0,40.380001068115234,113.52804565429688,282.79998779296875,296.6652526855469,548.36669921875,376.54998779296875,2139.44189453125,303.1000061035156,86.80000305175781,249.6999969482422,49.76287078857422,8081.5400390625
2025-10-06,16.334999084472656,170.05999755859375,197.45152282714844,75.5,39.439998626708984,111.26615142822266,276.1000061035156,291.2369079589844,535.7754516601562,374.0,2086.970458984375,298.1000061035156,85.77999877929688,250.0,50.00651931762695,7971.77978515625
2025-10-07,16.299999237060547,169.4600067138672,198.7770233154297,74.62999725341797,39.13999938964844,111.26615142822266,276.3999938964844,307.9700927734375,555.2077026367188,379.25,2093.900634765625,298.70001220703125,84.83999633789062,245.89999389648438,49.577693939208984,7974.85009765625
2025-10-08,16.479999542236328,169.8000030517578,201.5753173828125,75.19999694824219,39.83000183105469,112.56553649902344,278.70001220703125,313.54779052734375,570.5750732421875,383.1000061035156,2133.501708984375,303.79998779296875,84.58999633789062,248.8000030517578,49.82134246826172,8060.1298828125
2025-10-09,16.6299991607666,171.4600067138672,200.93710327148438,75.54000091552734,39.79999923706055,114.00929260253906,278.0,310.8585510253906,554.41455078125,376.1499938964844,2076.080078125,303.0,84.81999969482422,249.0,49.84083557128906,8041.35986328125
2025-10-10,16.530000686645508,169.60000610351562,198.33518981933594,75.5,39.560001373291016,113.04678344726562,273.3999938964844,307.7708740234375,541.3275146484375,369.6499938964844,2014.69873046875,297.29998779296875,83.33999633789062,245.25,48.72979736328125,7918.0
2025-10-13,16.479999542236328,171.25999450683594,198.67884826660156,75.44000244140625,39.5099983215332,113.91304779052734,274.6000061035156,302.5417785644531,535.7754516601562,370.0,2021.6287841796875,298.1000061035156,84.16000366210938,246.89999389648438,48.5787353515625,7934.259765625
2025-10-14,16.59000015258789,171.4199981689453,199.61160278320312,75.75,40.18000030517578,116.00096130371094,272.20001220703125,297.7110595703125,528.240478515625,368.5,2005.78857421875,299.5,83.94000244140625,245.14999389648438,48.97344970703125,7919.6201171875
2025-10-15,16.829999923706055,171.24000549316406,199.31704711914062,76.83000183105469,40.16999816894531,116.92353820800781,270.20001220703125,311.90435791015625,592.7833862304688,380.04998779296875,2153.302001953125,296.70001220703125,84.27999877929688,247.0500030517578,50.78619384765625,8077.0
2025-10-16,16.905000686645508,174.0,201.72259521484375,77.9800033569336,40.20000076293945,118.28311920166016,276.6000061035156,307.27288818359375,597.0465698242188,386.3500061035156,2140.431640625,302.79998779296875,86.33000183105469,252.35000610351562,51.2345085144043,8188.58984375
2025-10-17,16.489999771118164,172.82000732421875,196.7642059326172,74.88999938964844,39.40999984741211,117.89466094970703,312.5,308.3186950683594,600.5166015625,390.6499938964844,2169.142333984375,296.8999938964844,86.43000030517578,246.10000610351562,51.37095260620117,8174.2001953125
2025-10-20,16.354999542236328,173.24000549316406,200.00433349609375,69.0999984741211,39.119998931884766,117.9432144165039,313.8999938964844,323.209228515625,606.86181640625,395.3500061035156,2195.873046875,303.1000061035156,86.58000183105469,248.25,51.166290283203125,8206.0703125
2025-10-21,16.309999465942383,173.0399932861328,203.588134765625,67.93000030517578,39.33000183105469,117.36054229736328,316.6000061035156,322.7112121582031,611.5216064453125,398.0,2227.553955078125,308.1000061035156,86.29000091552734,249.75,51.312477111816406,8258.8603515625
2025-10-22,16.350000381469727,172.39999389648438,202.06625366210938,68.37000274658203,39.34000015258789,118.67156219482422,311.3999938964844,316.0378723144531,617.8668823242188,371.3500061035156,2177.0625,304.1000061035156,86.72000122070312,246.5500030517578,51.682823181152344,8206.8701171875
2025-10-23,16.389999389648438,172.8800048828125,203.4899444580078,68.72000122070312,39.38999938964844,119.30279541015625,312.1000061035156,343.5779113769531,615.4873657226562,375.25,2172.112548828125,307.79998779296875,86.61000061035156,249.10000610351562,52.72563934326172,8225.7802734375
2025-10-24,16.334999084472656,172.5,204.6681671142578,68.4800033569336,39.400001525878906,116.92353820800781,313.3999938964844,330.3307800292969,607.2584228515625,374.70001220703125,2172.112548828125,304.5,88.79000091552734,253.64999389648438,52.540470123291016,8225.6298828125
2025-10-27,16.325000762939453,172.36000061035156,204.81544494628906,69.19000244140625,39.61000061035156,116.53508758544922,316.5,326.595703125,606.2669677734375,375.6499938964844,2184.98291015625,303.6000061035156,88.12999725341797,258.75,52.40402603149414,8239.1796875
2025-10-28,16.2549991607666,173.86000061035156,203.98086547851562,66.73999786376953,39.70000076293945,114.01016235351562,317.5,326.595703125,609.3404541015625,370.45001220703125,2179.042724609375,305.29998779296875,87.25,256.04998779296875,52.12139129638672,8216.580078125
2025-10-29,16.264999389648438,169.6199951171875,204.6190643310547,66.94000244140625,39.22999954223633,112.79625701904297,318.29998779296875,324.6036682128906,613.5045166015625,368.29998779296875,2160.232177734375,303.6000061035156,87.91999816894531,257.3999938964844,52.76462173461914,8200.8798828125
2025-10-30,15.484999656677246,170.5399932861328,208.841064453125,66.47000122070312,39.34000015258789,113.03903198242188,319.5,311.8047790527344,604.8789672851562,367.3500061035156,2156.27197265625,305.3999938964844,88.06999969482422,249.0,52.27732467651367,8157.2900390625
2025-10-31,15.640000343322754,167.9199981689453,209.52835083007812,67.05999755859375,37.630001068115234,112.55347442626953,317.29998779296875,305.5796203613281,606.86181640625,362.6499938964844,2127.5615234375,307.8999938964844,87.5999984741211,246.10000610351562,52.57945251464844,8121.06982421875
2025-11-03,15.5649995803833,167.75999450683594,210.26473999023438,66.0,37.77000045776367,112.11646270751953,317.0,303.3883972167969,611.5216064453125,361.8500061035156,2094.890625,310.29998779296875,86.94000244140625,244.35000610351562,52.423519134521484,8109.7900390625
2025-11-04,15.640000343322754,168.89999389648438,208.98834228515625,66.0,37.869998931884766,112.84480285644531,316.3999938964844,301.4959716796875,605.9695434570312,364.04998779296875,2063.2099609375,309.70001220703125,86.30999755859375,239.25,52.238338470458984,8067.52978515625
2025-11-05,15.529999732971191,168.89999389648438,208.49742126464844,65.9800033569336,38.11000061035156,113.76737976074219,316.29998779296875,301.6453552246094,607.5558471679688,362.5,2077.0703125,306.8999938964844,85.2300033569336,242.25,52.31631088256836,8074.22998046875
2025-11-06,15.645000457763672,168.1999969482422,204.86453247070312,65.33999633789062,37.779998779296875,113.08758544921875,312.70001220703125,290.2408752441406,594.8654174804688,354.25,2022.618896484375,302.79998779296875,85.61000061035156,235.14999389648438,51.887489318847656,7964.77001953125
2025-11-07,15.640000343322754,169.32000732421875,204.27542114257812,65.48999786376953,37.5099983215332,112.26213073730469,308.3999938964844,298.7070617675781,598.0380249023438,354.45001220703125,2037.46923828125,301.1000061035156,85.44000244140625,230.85000610351562,52.21885299682617,7950.18017578125
2025-11-10,15.904999732971191,169.74000549316406,207.2700958251953,67.0,37.939998626708984,113.57315063476562,311.79998779296875,309.2151184082031,612.6122436523438,353.95001220703125,2065.18994140625,309.0,86.80999755859375,233.4499969482422,52.66716384887695,8055.509765625
2025-11-11,16.020000457763672,171.60000610351562,207.17190551757812,67.55000305175781,38.189998626708984,114.98128509521484,315.3999938964844,315.39044189453125,627.48388671875,356.70001220703125,2141.421875,308.8999938964844,89.05000305175781,235.10000610351562,53.934139251708984,8156.22998046875
2025-11-12,16.225000381469727,172.3000030517578,208.1537628173828,69.29000091552734,38.540000915527344,116.43797302246094,320.70001220703125,312.900390625,641.6614990234375,356.8999938964844,2178.052734375,310.20001220703125,90.12999725341797,239.10000610351562,53.89515686035156,8241.240234375
2025-11-13,16.530000686645508,173.1999969482422,206.43551635742188,69.58999633789062,38.95000076293945,117.11775970458984,319.8999938964844,320.07177734375,631.3504638671875,359.1000061035156,2142.411865234375,306.8999938964844,90.44000244140625,234.64999389648438,54.762542724609375,8232.490234375
2025-11-14,16.334999084472656,171.0800018310547,202.7535400390625,68.83000183105469,38.4900016784668,116.04952239990234,318.8999938964844,319.3247375488281,631.5487670898438,359.0,2134.491455078125,304.3999938964844,89.58999633789062,235.64999389648438,54.80152893066406,8170.08984375
2025-11-17,16.219999313354492,169.60000610351562,203.53903198242188,68.30000305175781,38.2400016784668,115.07839965820312,315.6000061035156,312.20318603515625,618.6600341796875,354.54998779296875,2103.80078125,305.8999938964844,89.88999938964844,232.0,55.09390640258789,8119.02001953125
2025-11-18,15.880000114440918,165.94000244140625,200.4461669921875,66.69000244140625,37.86000061035156,113.33036804199219,311.3999938964844,308.56768798828125,606.0686645507812,351.75,2059.249755859375,299.20001220703125,87.58000183105469,226.5500030517578,54.06083679199219,7967.93017578125
2025-11-19,15.890000343322754,165.5,199.56251525878906,67.06999969482422,37.79999923706055,114.4471664428711,308.70001220703125,295.5696105957031,604.3832397460938,350.6499938964844,2088.950439453125,298.79998779296875,85.94000244140625,227.1999969482422,53.992618560791016,7953.77001953125
2025-11-20,15.984999656677246,165.6999969482422,200.69163513183594,70.0199966430664,37.779998779296875,113.427490234375,311.20001220703125,293.42816162109375,614.2976684570312,352.1499938964844,2086.970458984375,300.29998779296875,85.31999969482422,228.39999389648438,54.25575256347656,7981.06982421875
2025-11-21,16.100000381469727,165.94000244140625,199.0715789794922,70.47000122070312,38.13999938964844,115.75818634033203,306.0,295.0218200683594,617.6685791015625,361.5,2102.81103515625,289.3999938964844,86.31999969482422,222.3000030517578,54.548133850097656,7982.64990234375
2025-11-24,16.094999313354492,164.4199981689453,196.42056274414062,70.41999816894531,38.2400016784668,115.9524154663086,303.70001220703125,294.4739685058594,616.3796997070312,365.29998779296875,2088.950439453125,282.5,85.94999694824219,222.8000030517578,54.47016525268555,7959.669921875
2025-11-25,16.334999084472656,164.4199981689453,198.0897216796875,71.7699966430664,38.29999923706055,117.50621032714844,308.70001220703125,297.16326904296875,614.000244140625,367.20001220703125,2104.790771484375,286.29998779296875,86.38999938964844,223.75,54.7430534362793,8025.7998046875
2025-11-26,16.454999923706055,165.0,201.13348388671875,72.33999633789062,38.7400016784668,118.52589416503906,313.1000061035156,297.6612548828125,620.0480346679688,373.8999938964844,2129.54150390625,289.1000061035156,86.2300033569336,227.3000030517578,55.22060775756836,8096.43017578125
2025-11-27,16.5,164.5399932861328,200.4461669921875,73.38999938964844,38.93000030517578,118.7686767578125,313.1000061035156,295.0218200683594,622.0309448242188,372.6000061035156,2091.92041015625,289.0,85.88999938964844,228.1999969482422,55.01594161987305,8099.47021484375
2025-11-28,16.520000457763672,165.1199951171875,200.74073791503906,73.69000244140625,38.900001525878906,118.72012329101562,308.70001220703125,291.63531494140625,630.0615844726562,375.6000061035156,2079.050048828125,290.29998779296875,85.76000213623047,231.0,55.357051849365234,8122.7099609375
2025-12-01,16.579999923706055,165.9199981689453,189.08609008789062,73.44000244140625,38.619998931884766,119.01145935058594,307.0,298.3086853027344,637.2000122070312,377.95001220703125,2125.581298828125,286.1000061035156,86.58999633789062,229.9499969482422,55.26933670043945,8097.0
2025-12-02,16.84000015258789,164.27999877929688,187.0438232421875,75.08000183105469,38.59000015258789,118.3316650390625,307.3999938964844,293.32855224609375,636.2000122070312,371.75,2096.870849609375,290.20001220703125,86.1500015258789,230.25,55.084163665771484,8074.60986328125
2025-12-03,16.65999984741211,163.75999450683594,194.52557373046875,74.25,38.189998626708984,115.9524154663086,308.79998779296875,292.73095703125,630.2999877929688,369.25,2083.01025390625,296.70001220703125,85.63999938964844,229.5,55.5909538269043,8087.419921875
2025-12-04,16.84000015258789,163.1999969482422,193.44554138183594,75.69000244140625,38.560001373291016,116.04952239990234,303.20001220703125,294.1752014160156,633.0999755859375,368.79998779296875,2099.8408203125,294.0,84.56999969482422,237.5500030517578,55.727394104003906,8122.02978515625
2025-12-05,16.795000076293945,163.05999755859375,193.13133239746094,75.38999938964844,38.54999923706055,117.11775970458984,302.6000061035156,294.3245849609375,628.0999755859375,372.75,2143.401611328125,292.8999938964844,85.0,235.5,54.96721267700195,8114.740234375
2025-12-08,16.899999618530273,161.52000427246094,194.48631286621094,76.41999816894531,38.81999969482422,117.45765686035156,303.20001220703125,290.7388916015625,625.2000122070312,365.3500061035156,2110.73095703125,295.0,83.5999984741211,237.60000610351562,54.889244079589844,8108.43017578125
2025-12-09,17.15999984741211,158.52000427246094,191.8942108154297,77.54000091552734,39.029998779296875,116.8749771118164,286.29998779296875,285.3603820800781,616.2999877929688,368.20001220703125,2097.860595703125,294.79998779296875,83.2300033569336,234.25,55.07441329956055,8052.509765625
2025-12-10,17.094999313354492,158.75999450683594,190.460693359375,77.01000213623047,39.2400016784668,113.23326110839844,285.0,287.6512145996094,618.7999877929688,370.79998779296875,2107.760986328125,294.0,82.68000030517578,233.5,54.401947021484375,8022.68994140625
2025-12-11,17.280000686645508,158.4600067138672,189.7733917236328,78.66999816894531,39.90999984741211,116.34086608886719,284.8999938964844,290.6891174316406,625.2000122070312,371.95001220703125,2109.740966796875,291.29998779296875,83.63999938964844,239.14999389648438,54.42144012451172,8085.759765625
2025-12-12,17.114999771118164,158.60000610351562,190.49996948242188,78.08999633789062,40.380001068115234,115.85530090332031,282.1000061035156,295.0218200683594,624.5,370.04998779296875,2112.7109375,291.29998779296875,83.31999969482422,235.39999389648438,54.17778778076172,8068.6201171875
2025-12-15,17.155000686645508,159.5800018310547,192.56185913085938,79.08000183105469,40.7400016784668,116.68075561523438,282.5,302.840576171875,626.0999755859375,373.20001220703125,2130.531494140625,293.0,80.5999984741211,242.6999969482422,54.0900764465332,8124.8798828125
2025-12-16,17.239999771118164,159.39999389648438,189.45919799804688,78.86000061035156,40.54999923706055,116.97209167480469,278.20001220703125,308.66729736328125,636.5,373.70001220703125,2137.461669921875,293.70001220703125,80.94000244140625,239.25,53.115478515625,8106.16015625
2025-12-17,17.395000457763672,159.33999633789062,186.9456329345703,80.08000183105469,40.9900016784668,116.29230499267578,273.70001220703125,311.7549743652344,631.7000122070312,375.70001220703125,2094.890625,293.70001220703125,82.12000274658203,231.0,53.72947311401367,8086.0498046875
2025-12-18,17.44499969482422,159.6999969482422,190.51959228515625,80.23999786376953,40.83000183105469,116.77787017822266,276.29998779296875,309.0657043457031,637.4000244140625,375.8999938964844,2122.611328125,301.3999938964844,82.0999984741211,234.14999389648438,54.0218505859375,8150.64013671875
2025-12-19,17.600000381469727,159.5,192.2869415283203,80.5999984741211,41.20000076293945,116.34086608886719,274.79998779296875,301.3465270996094,631.7000122070312,371.0,2081.0302734375,306.29998779296875,82.37999725341797,235.85000610351562,54.3922004699707,8151.3798828125
2025-12-22,17.55500030517578,160.0,192.16912841796875,80.25,41.099998474121094,116.43797302246094,272.6000061035156,303.9361877441406,627.7000122070312,366.45001220703125,2085.98046875,302.20001220703125,81.58000183105469,236.5500030517578,54.518898010253906,8121.06982421875
2025-12-23,17.575000762939453,159.83999633789062,193.15098571777344,80.61000061035156,41.11000061035156,116.34086608886719,270.1000061035156,298.2588806152344,627.2999877929688,362.54998779296875,2061.229736328125,300.3999938964844,82.22000122070312,235.9499969482422,54.431182861328125,8103.85009765625
2025-12-24,17.540000915527344,160.02000427246094,192.40476989746094,80.5199966430664,41.13999938964844,116.1951904296875,270.1000061035156,302.3923645019531,632.0999755859375,363.79998779296875,2074.10009765625,299.29998779296875,81.61000061035156,235.25,54.19728088378906,8103.580078125
2025-12-29,17.440000534057617,160.4600067138672,192.4440460205078,80.22000122070312,40.86000061035156,116.43797302246094,271.20001220703125,297.8106689453125,633.2000122070312,365.29998779296875,2080.040283203125,294.29998779296875,82.23999786376953,236.3000030517578,54.52864456176758,8112.02001953125
2025-12-30,17.614999771118164,160.6199951171875,195.33070373535156,81.0999984741211,41.13999938964844,116.97209167480469,270.79998779296875,299.3046875,639.2999877929688,366.95001220703125,2100.830810546875,297.3999938964844,83.0,235.9499969482422,54.96721267700195,8168.14990234375
