Date,ACA.PA,AI.PA,AIR.PA,BNP.PA,CS.PA,DG.PA,EL.PA,KER.PA,MC.PA,OR.PA,RMS.PA,SAF.PA,SAN.PA,SU.PA,TTE.PA,^FCHI
2020-01-03,-0.006067609379569183,-0.0031570750778268097,0.003894608460775384,-0.011944868782703066,0.00039275402394522985,-0.006209856427015548,-0.0032919720519052342,0.004849872200115124,-0.0001193835537472987,-0.0011356644990951903,0.006557270728149156,0.0029069110116286545,0.006207103600947006,-0.0025788345801828205,0.01134193877843126,0.0004403138707274046
2020-01-06,-0.009919855524318066,-0.0067299600952474,-0.004327064668103953,-0.004911245088652927,-0.013152723430617796,-0.005039310128837848,-0.0011009274764024468,-0.016808348402509887,-0.009424798852432081,-0.0034103628488411086,-0.00829134492228134,-0.011231817747307304,0.006279029295093386,-0.001292937787101045,0.0144810997969822,-0.005057826349685435
2020-01-07,-0.0023121667312059335,-0.004384345510238474,-0.01093960260140292,-0.0003797472114906997,0.006166721106518169,-0.006888239317690559,0.006980162841060844,0.009309527099553794,0.0020473726262761893,-0.012927716204876094,0.012541240127071474,0.009160817593255821,-0.003503115756560704,-0.004099011524286933,-0.00654232645881847,-0.00020615740779839076
2020-01-08,0.0046350504719103736,0.0008007469331616779,0.018030232078899644,0.002278938927347207,-0.0003954997305428698,0.019175947362899848,0.013498659987990269,0.0016768991852682547,0.006730682504391572,0.006163391581303079,0.008846898558749317,-0.0014524576900654118,0.00340541136384509,0.0025995986423181794,0.0025942149716691176,0.0031019321963670077
2020-01-09,0.0007689083540429742,0.003999952005209861,0.0040185774036725075,-0.00719968573522578,-0.00118665168983767,-0.010008204686485556,0.01619885305940927,-0.0023435861665718205,0.013610413611618855,0.006125445834474386,0.004092587140171577,0.014181801556837126,0.007225869524680073,-0.00821098303937251,-0.005573125433176895,0.0019150729045762649
2020-01-10,-0.010756769646593334,0.002390343743166712,-0.003705897965118554,-0.004580183489526379,0.004158321042312618,0.005054787439050523,-0.001062769198768354,-0.006377100119430379,-0.0020025153323897094,0.0041856962990924895,0.0029110661490769907,-0.006812338365908555,0.007826034569919038,0.003703775719904323,-0.0035028235038054856,-0.0009002724978832699
2020-01-13,-0.0015534531175913635,0.003577294331476466,0.005207308358388563,-0.004409543319469633,-0.0007887610815506818,0.003218605032502264,-0.015602918770697638,0.0028712374753210312,0.007317599747215464,-0.005305015879434771,0.0008706724785219055,-0.007581499746866949,-0.007010308635301388,-0.0030389625753851623,-0.004519477311340725,-0.00016062761560764471
2020-01-14,0.005056386783955924,0.005940440581993833,-0.00014777036006008437,0.00462153348616523,-0.025656235830915475,0.006617320926492143,0.007564788415978407,0.003049174698210644,0.009958996957614819,0.004952281568307626,0.014501206093094465,0.0010915269169198272,-0.00868904100396084,0.008273648536474276,-0.008070862751998531,0.0007869267267512914
2020-01-15,-0.011996868512379355,-0.00157476813402313,-0.006217675072971218,-0.02319335422310287,-0.02045764845887621,0.0014939676695790993,0.01608881532641071,0.004222226588619371,0.0010441299293328932,0.021228235213704094,0.012864700346490121,0.011991397287759886,0.00493035363279315,-0.0030233065726980035,-0.011798217971625835,-0.001370704192610539
2020-01-16,0.000783364921101315,0.004337504016547422,-0.00640547912352063,-0.007260588649667277,0.0008270899346534133,-0.0009946830035468812,0.0,0.017659124282084493,0.0010428068710754967,0.0014847655472647325,0.004798069145518724,0.012567167565084247,-0.0011993220236383717,0.003032474673309471,0.004322466670273251,0.0010642030597860508
2020-01-17,0.007436416110693678,0.016097437952993898,0.02533738261669516,0.0031626307780041607,0.007231497650844743,0.019412583181920295,0.01829702077028439,0.008428263452623597,0.016554786242369834,0.02038555179542123,0.01910117454168203,0.010992842605664022,0.006331252938247767,0.017274741160481666,-0.005841040164796474,0.010215288197308325
2020-01-20,-0.00466195205874087,-0.004250431493976192,0.008188206047944568,-0.005123072627088443,0.004102475433742425,-0.002929671441790349,-0.012439642793378614,-0.018354621916905067,-0.021182096218374524,-0.0036325140459325667,-0.011852288600891603,-0.0028059698101836617,-0.003145605625014092,-0.0025471766133191576,0.0013399694836515597,-0.0036356651346316493
2020-01-21,-0.003512922885904546,0.006596771527571432,-0.010877322880695761,-0.005545672355456555,0.003064203576606417,0.0009795827187515371,-0.0003498386547222676,-0.020701385762169178,-0.011169207885020183,-0.013124119904664444,-0.010878618360356529,-0.0010551018215694263,-0.005875991223457944,-0.004043459327667365,-0.009367583666568313,-0.0053548721367837615
2020-01-22,-0.010575811137719104,-0.0011563896589734668,0.011583328191717701,-0.0025890850434202584,-0.0065171070115389584,-0.012720147121254688,-0.01820101643100369,0.009546773468470215,-0.003529852055842886,-0.006280148204689251,0.0028200327478864473,-0.012324013335512585,-0.027254928213450325,-0.006623924186284547,-0.006547181216362885,-0.0057906567078451765
2020-01-23,-0.011084667995969189,-0.007719014675685143,-0.015799086058972955,-0.0024960210000678495,-0.010045272384962112,0.004459598970802059,-0.00748651796560329,-0.03174600339759415,-0.027157771651027174,-0.0074349904426082025,-0.009842495022646669,0.013190757833310585,0.003825826984070968,-0.004947484293375215,-0.010041744979393696,-0.006519725824006839
2020-01-24,0.006805264295436153,0.015947007402487667,0.023563868102791874,-0.0009008505848723258,0.006833716007713431,0.010360223824106507,-0.0014367335333680398,-0.00017449039030159597,0.01055940374270059,0.01310871188114704,0.009656189588644448,0.03448261994135682,-0.0011209101608982142,0.018374578491142213,0.0013736448305790017,0.008786264456601245
2020-01-27,-0.019880587049702192,-0.02297086749950661,-0.04388493616059963,-0.02083750519545502,-0.018099445600587627,-0.026757672063657645,-0.022302299214188248,-0.036106751164763695,-0.03675244281769563,-0.046210682922851465,-0.043037867318767686,-0.023469385771609952,-0.02704528749470636,-0.027595072399152154,-0.026907307406809022,-0.026765071953536834
2020-01-28,0.010953365605944843,0.014106592855628541,0.010082890991494509,0.011254392649622913,0.0123587963737386,0.014950867123605605,0.015452555644131394,0.016648365193123738,0.027431508294900597,0.013953406207081409,0.009112280502306502,0.006617989142052361,0.011188068550600727,0.005894046937878095,0.00791583279938246,0.010711170092938094
2020-01-29,-0.0020064072608115824,0.012751054674235762,0.01728247164743557,0.001720088188370994,0.0026895999409359828,0.008897720947411702,0.004710249935041766,0.011036074436977517,-0.010679579217129809,0.002675860763931892,0.004951809267181639,0.038408383870054186,0.011406438595067625,0.01670996197678587,-0.00634748143766628,0.004905703069335576
2020-01-30,-0.012464892315371845,-0.001144556155945553,-0.015084937916481467,-0.012423172072537403,0.00020634581729206403,-0.008819249724398404,-0.012982386192933126,-0.01197176000097322,-0.021344442364853777,-0.010293497013282749,-0.018260714311113424,-0.016327877447872452,-0.009134947675595417,-0.019637130885969856,-0.027284421755819688,-0.01395829566610618
2020-01-31,-0.00407152027836466,-0.0011458676658367972,-0.009367963856232064,-0.017283703143863183,-0.006395621081326519,-0.009392017759121574,-0.018998891019435193,-0.011047808609015997,-0.009024798095883302,-0.029661041656107612,-0.0011812527665505668,-0.011178971088537826,-0.010357516890427854,-0.014587433479529954,-0.01725308583531937,-0.01114317753651961
2020-02-03,0.008994078441378228,0.008795274378353257,0.003302185141814462,0.006140036963327988,-0.0004152623556356039,0.002993995109658476,0.01154553900704891,-0.0016214615806157129,0.0036679417532177183,0.012306457373820745,0.00325154730727939,0.00650916258853762,0.007475623905412121,0.01414057756382614,-0.00872121029197559,0.00450712885901261
2020-02-04,0.018233496175450226,0.008339819388999858,0.032316090810677434,0.019652601126514346,0.013709905514087906,0.016915454806983643,0.0033137898591095727,0.026890396366089142,0.034908730295380774,0.02549027166970541,0.01944643455716699,0.009530238794666968,0.01095890471252492,0.02440080178782522,0.023765929878024172,0.01758077451783091
2020-02-05,0.038201368427893456,0.01466161852384884,-0.008115938116393662,0.006492196215263313,0.012705072352722224,0.01810183063737414,0.011743163919076816,0.008084351511140397,0.010715992753723036,0.006118482335480735,0.011849563042814149,-0.005394455726231651,0.015469745675287028,0.016376091258744063,0.014174309209636249,0.008483517293567333
2020-02-06,0.02069751268460074,0.0022229577064707406,0.0008766191238451793,0.0161258530788726,0.00141636216069152,-0.005285997288454136,-0.004352473108675148,-0.002789336416602173,0.007349463945493406,0.017863853505198257,-0.010282701204773925,0.0006780314787413477,0.04136553524104536,0.004185009266527873,0.010234241020891544,0.00881816992993767
2020-02-07,0.009388057592422339,-0.002587800284866826,-0.0016057780329639115,0.028168888937419867,0.002626774492106021,0.0014492209720891047,-0.0018216961323003211,-0.011014068282526823,-0.00980740184065576,0.010829128165273927,0.003463240005392665,0.017953831315100643,-0.000747560470262143,-0.0037508382442317245,-0.013943652702245735,-0.0013961451191971674
2020-02-10,-0.003348254482373303,-0.00185312596540943,-0.0011697002937109957,-0.0036657729650936277,0.004030653723332778,0.007236080364012798,0.004379602330318422,-0.00565639214128999,-0.0009664155162368848,0.00036923975384262064,0.0008625665076844591,-0.010981699948979573,-0.0011753812881895032,-0.002300733372921915,-0.015134381036057909,-0.0023351014760147892
2020-02-11,0.007092109436439786,0.02413666934535219,0.01010094369781811,0.021107544401253175,0.01003618193425071,0.005746909977448311,0.005450569432552621,0.0003553044433863839,-0.0029017256479428877,0.008124268887667485,0.0005747961356927789,0.006392870255916616,0.004921352411815461,0.006918207689376121,0.009309964363809264,0.006498003424000309
2020-02-12,0.003706528865931258,0.006526435329715863,-0.0101450431672937,0.0161200128297736,0.004173089369523764,0.0061906088294581,0.004336866659383487,0.06273316208257618,0.029950351648281748,-0.006959922804007812,0.01866726870004376,-0.014710627827537959,-0.010646354666406732,0.005829808453145624,0.011002589960520393,0.00825304665718507
2020-02-13,0.00812400203807262,0.008645564066921407,-0.02781831610511909,-0.00018663385348771655,0.00019799842933254652,-0.006152520978763509,0.003958233227453256,-0.0026755830759583876,-0.007416934470037773,0.001475700457656659,0.0022555729225306465,-0.0145912236975142,-0.005918427782453994,0.00786559628934258,-0.001978767852011787,-0.001898502273987579
2020-02-14,-0.011721616842222837,-0.008571458969255707,-0.022138668367272962,0.002053355614033414,0.007518857387335709,0.007619217875954654,-0.0010753397022352784,-0.028504158563329995,-0.015656616778579657,-0.012154827872977503,-0.00843868177301943,-0.0013773247822141954,-0.0015153624129603527,-0.0039021057561153816,-0.0031944048891856536,-0.0039043971628249796
2020-02-17,0.010748798500955115,0.007204673983621124,0.008624669410619568,0.009314409552731107,0.0015711209980313612,-0.00047257201433237306,0.007176363524040497,0.0010354312564793133,-0.0013253758340266986,-0.002609949762095054,0.006240849553424299,-0.0010344730564600946,0.0007588833609233347,0.012164969782315183,-0.0009943351250349952,0.002735070046900212
2020-02-18,-0.020902136056362153,-0.0003578122753731261,-0.005497020352117743,-0.009413118623323058,-0.002549001268478235,0.0037826349633769407,-0.0021375933524869772,-0.01775869567397681,-0.013392830678698342,0.002990685006466931,-0.013250375966743944,-0.010355442991362929,0.015166366716319102,-0.01201876190689688,-0.011281764814286444,-0.004786495150122416
2020-02-19,-0.0011235039871779762,0.003935789527520939,0.01182256814147764,0.0014905672652165691,-0.002752085301308438,0.0056520751239024225,0.018207827389772113,0.03036692720603562,0.024947954961050955,0.01490865140351394,0.018285784703434338,0.018137290729531408,0.003094480080750195,0.004123744309450839,0.007942494320422044,0.008984980853920188
2020-02-20,-0.01349847461933873,-0.012829879754988949,-0.00015174500126402535,-0.009116337087705983,-0.0346934832314868,-0.014520168977609438,-0.008415223644026915,-0.03492327752042457,-0.022073722283074804,-0.024237932331417245,-0.01823795292450292,-0.0027408202534641157,-0.0053190600283370415,0.056468155039041124,-0.006659102968478714,-0.008008264740144821
2020-02-21,-0.0011401580628106478,0.005415247923342026,-0.0071331605765091455,-0.000750818300755296,-0.014498735605189883,0.002376792177238851,0.004596809897997378,-0.008649625597151434,-0.012932956790317585,0.0011290028139303576,-0.007430849586606003,-0.012022994593382519,-0.0018182399247838044,-0.01214769736639898,-0.010167545920383714,-0.0053741304279538715
2020-02-24,-0.033485552849201405,-0.0394972089821547,-0.04937326151382815,-0.03795566377085313,-0.032532097329542875,-0.045993448767415956,-0.05878200222776375,-0.04718678496822215,-0.04660088576765253,-0.03759390503233573,-0.03484032782935387,-0.04728803620190836,-0.018857715383257645,-0.03020165493728244,-0.04808671159194888,-0.03944629090263907
2020-02-25,-0.036220541685208496,-0.019439359595130323,-0.0067534946376209826,-0.048828196228514975,-0.022917150509278894,-0.02326034563988233,-0.019446444419464748,-0.019809234646471108,-0.014521100114649466,-0.012890700484111672,-0.009248013119923959,-0.030656935067776225,-0.012340345575150624,-0.02028816411250245,-0.024309398707956786,-0.019370244694079664
2020-02-26,-0.011437856426422144,0.003812540972590872,-0.024121732203503665,-0.009958941749410366,-0.010960161939451596,-0.006513496248145567,-0.006483658840191198,0.010486066972740682,0.013682539269331384,0.005144336921155901,0.002709837157995665,-0.00376506460659376,0.005086338688787606,0.005384189635587511,-0.0023091298172357444,0.0008573773092039882
2020-02-27,-0.06157020044946826,-0.029244360343406273,-0.04611802739618687,-0.058695622975517,-0.03124991490931972,-0.021307037578021326,-0.03147801698188102,-0.034528174548217994,-0.03997409563580989,-0.029133720536924534,-0.037537272750980843,-0.020030305624610834,-0.027062745677314592,-0.03460358082056014,-0.033256152062823174,-0.03323916818803163
2020-02-28,-0.04799654070970927,-0.03834107667948261,-0.06000011425466523,-0.03525374819960736,-0.04118053645238773,-0.04772869400468549,-0.024177518339619675,-0.01153021719695424,0.0027039396285746253,-0.02270893930043516,-0.017160758084743155,-0.04280752604148175,-0.05099499220553194,-0.03456365987281451,-0.032762184718230336,-0.03379070383809346
2020-03-02,-0.03145230729773585,0.01749390781831006,-0.004440254388211717,-0.007536770868459941,-0.010975881063438164,-0.0017587516428160255,-0.011372833085651735,-0.002372546791914565,0.014156630988422458,0.026971036551276528,0.00761902595025421,-0.006446396349954364,0.01977819998201502,0.019226572975964418,0.018759924724688348,0.004448316846250577
2020-03-03,-0.023400115890321205,0.014394252588904033,0.041813769872310225,-0.014843079435868267,0.013751617387245618,0.027526896264466583,0.048890599831322046,0.014665068957284921,0.003323443708277418,0.015757528427028822,0.015000978983636948,0.031224705171819078,0.00584181905451997,0.026019006110133525,0.005626679943722346,0.011183965209713875
2020-03-04,-0.009779953951987719,0.015372531994748417,-0.010346127361554047,-0.013080977413193917,0.006901395908701424,0.020360420210022934,0.007442293342746709,0.0031249285610606137,0.02080313350787888,0.03221964817741174,0.01586774931509427,-0.001573034521487604,0.040539124324370235,0.015426826287085582,0.015894995161077174,0.013298341398970015
2020-03-05,-0.045926060702390914,-0.010093143135514238,-0.02919962571980894,-0.04106501837771326,-0.02339885626661231,-0.02226435678352423,-0.02838250992574398,-0.023559069278964007,-0.027648127040803328,-0.007707112297528629,-0.009800783332700402,-0.03899173929579414,-0.0012279728602072604,0.0031218410666140617,-0.022405770581576556,-0.018992154730637978
2020-03-06,-0.037473998428885325,-0.03294125148929061,-0.07630899098116517,-0.04936451954752763,-0.03194573727940375,-0.05993550420468152,-0.03881560542987772,-0.03589236178968669,-0.03791192633943197,-0.014757287900282523,-0.019486456600352642,-0.05614755834172658,-0.04929027328623625,-0.0634856344976995,-0.048655568763095514,-0.04140758992208504
2020-03-09,-0.16863842376128257,-0.07583127361047248,-0.09557797487312869,-0.12280925940054266,-0.09989989798835819,-0.07769634105361933,-0.052872593439713955,-0.054705282858150794,-0.062023139751255285,-0.06661414886076988,-0.04479515504862441,-0.06643508530070652,-0.06031037879671275,-0.09016370627851067,-0.16608337417483754,-0.0839055242060801
2020-03-10,-0.0028460643132484087,-0.01623521449276999,-0.004111428006669415,0.02501110541575291,-0.015220522546967374,-0.061447240681209214,-0.057582419457973155,-0.015534353977257886,-0.009467688792753393,-0.01013502905632091,-0.016182144373982466,-0.017209191023452752,-0.01951710862116529,-0.015096159638006146,0.01726924272908459,-0.015144786243232566
2020-03-11,0.024390106272067724,0.007136603069948899,-0.043740309052493265,0.02974307468864157,-0.0029332520198308565,0.014255502017242128,0.014925430040526821,-0.02544730825255781,-0.013888538493106894,-0.020051390567675687,-0.0020141718558890354,-0.02602944701962351,0.016077628189619775,0.015821848973152752,-0.017452124816438874,-0.0056851587816352245
2020-03-12,-0.1648935243939148,-0.11160334560651852,-0.16732792007009123,-0.13067860792437536,-0.15218380668863252,-0.17074443597444722,-0.07169127947910348,-0.12314698840165061,-0.08677878222860336,-0.07270347819808809,-0.05819043988356842,-0.1685130277351795,-0.07773454780223665,-0.1401798608029935,-0.14807034354993998,-0.12276774366560927
2020-03-13,0.040642959231288245,0.05034899437108509,0.04161999887426271,0.023548275178343347,0.022954791358234194,0.05743886859731595,-0.008910804360825919,0.05331589762407285,0.044444384917392776,0.014084633531745272,0.022857171120686193,-0.014960312243929907,-0.0004083901167096782,0.018397706677206305,-0.013456992160916115,0.018322227882652697
2020-03-16,-0.1142523683132759,-0.058187001236531866,-0.07170716742748473,-0.13520336162209323,-0.123026835816886,-0.12377553513176498,-0.04195816866410562,-0.06765443619272038,-0.0549380019389355,-0.038888940655963156,-0.04294680533795392,-0.11556718918813036,0.043454494579644454,-0.021400643036792344,-0.06493777528567168,-0.057522875661235484
2020-03-17,0.0730502793089749,0.06581336481411615,-0.08637689047484864,0.06414002053017165,0.014430209651952186,0.08536592183636849,0.010427624966348192,0.03561984017376374,0.04586697435370901,0.0722544181638527,0.018971279699796506,-0.07566402523912452,0.02415150757458595,0.042317445254863584,0.03349076662565942,0.02842231260134631
2020-03-18,-0.0429316340785052,-0.05626476912409306,-0.22168465587582342,-0.09589038311021658,-0.06892497580935597,-0.11048697624111226,0.03302377398893053,-0.08553883591295208,-0.07485970751351889,0.008086130505099431,-0.060150535905934,-0.22873729503489582,-0.02995546891870604,-0.07166223007556627,-0.13339950648789423,-0.05935696347676389
2020-03-19,-0.0035244117691684007,0.05210418743872025,0.09507787918055532,0.02973489149727615,-0.016065567598418373,0.09894729880938025,0.04395593365123451,0.06347863532838405,0.024309874706258894,0.014260322887766685,0.06666657669074327,0.04441086546075579,-0.0028909172872254585,-0.012621055447278207,0.03234682326149407,0.0268080423541881
2020-03-20,0.09774916154389612,0.0009524090046981737,0.18704643969940116,0.00938002485379541,0.09812720407680331,0.11398455992612622,0.05550241448939741,0.10360242060534786,0.054415993486724545,-0.0026363588327521503,0.08250024759356878,0.19279288362597558,-0.026752728680003113,0.03626641015053789,0.11111113902103376,0.05013618177360257
2020-03-23,-0.041007733611398534,-0.005708918291519094,-0.13766065483911172,-0.07343277981454799,-0.019825128050992902,-0.06477479537758579,-0.10389845596325875,-0.032761656410720374,0.001286218932921912,-0.028193686819502295,-0.0046187862305404614,-0.13836855818168325,-0.024373762966822587,-0.02811233924214529,0.060000092688850426,-0.033217246742847095
2020-03-24,0.07697023369369216,0.04114845029507763,0.01781817373585004,0.09262538983178192,0.17563951116684318,0.05884150098116425,0.10329831250269761,0.10444645924629059,0.08911361331635415,0.08023564966528585,0.06264481667203459,0.20932665789725968,0.03733522664409472,0.1201297246063131,0.1500000213273911,0.08389476863177436
2020-03-25,0.054736193914409315,-0.004595628168531984,0.07198996434427607,0.07991360439402673,0.040354253309310195,0.08046288851817018,0.027510333446164825,0.05297206407129451,0.07179707759267773,0.06504413258272446,0.023393681645533126,0.188460667055514,0.02756200566225009,0.03689059895821134,0.07793278978777773,0.04468842969024234
2020-03-26,0.0024199968818654494,0.014773733598111738,0.2046325454561957,0.03266650932670978,-0.005593310046548394,0.016072968466652737,-0.02141905270843658,0.04289347394782572,0.0005503646107687388,0.0031520551013888287,0.02316372334677763,0.12124885692335319,0.011718830649718681,0.039135933653487553,0.004565966900998086,0.025106666593223803
2020-03-27,-0.06035405405888572,-0.02729750031506417,-0.05699264547199334,-0.035668136410225704,-0.052946999766900094,-0.055628864205951034,-0.06475145408411676,-0.02609942200505244,-0.06062690399361581,-0.05734487402257771,-0.039320901212958725,-0.053524704074899176,-0.00900887042414733,-0.028124224871314718,-0.022727352521400013,-0.042277200015647054
2020-03-30,-0.04396227422094123,0.05332088089276721,-0.10620509119547727,-0.05439326349194262,-0.009296371421044003,0.01898400694168778,-0.03052179283492429,0.0041712288218214155,0.024439979918498,0.026249915877427643,-0.008062108032327542,-0.02413788667635619,0.04558434374205467,-0.003271077046053006,0.06335141137155187,0.0062092593099616344
2020-03-31,-0.001194533404568876,0.035968075247789555,-0.026095508763640196,-0.026194659497985162,0.028802244832090373,0.032876591863709725,-0.011466388917842463,-0.011630383633159158,-0.03299971338624674,-0.030044585385896716,-0.01719289357579845,-0.05606603511902031,-0.0045957399835184765,-0.008078853618973314,0.054215184645470815,0.004021996639303138
2020-04-01,-0.05171882969584707,-0.02271757714173428,-0.12032350856363505,-0.05961462691828556,-0.06675946050555259,-0.11061008846096798,-0.045787443278393236,-0.043916859694511645,-0.04077430503597557,-0.023440733853071882,-0.05852425253015203,-0.16446220960463587,-0.014973676704185257,-0.06413844002563118,-0.005368832164686421,-0.04296513238435795
2020-04-02,-0.013871423054959808,-0.006140440656349777,-0.03697316240598891,0.006764589248541952,-0.006787148638056739,-0.029227647806184143,0.0272978684921239,0.001318835160404097,0.0021561146856898805,0.020145648373398384,0.01114872860078342,0.02449234520123289,0.006840500775868508,0.0008159538117120668,0.030681750310422418,0.0032609800720204696
2020-04-03,-0.03804348069864438,0.016769767456510154,-0.0152178575561287,-0.05029780065745104,-0.04578377614314133,-0.019354748162467628,0.01473935058012299,-0.006365264947508331,-0.0009218837706567173,-0.007142870122505363,0.010357447120804997,-0.08163271091306756,0.023653781841786792,0.012228269027569683,-0.07579916237978568,-0.015726252659775675
2020-04-06,0.03755393662304729,0.011284604607850968,0.08130483914020181,0.03679016342868846,0.05743354027787051,0.10181712896964723,0.07661624434960235,0.034680653489551405,0.0452238218494152,-0.003808695717058219,0.0,0.06920640936084221,0.04264997557635475,0.09073807446587145,0.008499694659788615,0.046108163759405185
2020-04-07,0.07303011761353795,0.03047202458197229,0.06557083790004148,0.04308816735192611,0.04104007166296708,0.022462354019283204,0.027553534269431967,0.018360360546152643,0.013980950788645918,0.01954125010325547,0.020502966287357705,0.06888353348159937,-0.009784239269630124,0.008860583211362627,0.013307749635346422,0.021198093000760032
2020-04-08,0.002388144466824782,-0.01582660346192355,0.048562314665843376,0.007663633323767183,-0.004163369851103771,0.03114550645801817,-0.019879897844433114,-0.003458950388895432,-0.0037737415651752926,0.010000033960914978,0.030459990122821745,0.04138902286100121,-0.023809581185326723,0.002927376210121624,-0.011235687460072752,0.0010093979070753267
2020-04-09,0.03841551712629654,0.002539219845626217,0.01989633010576597,0.053793414804077955,0.014502254740240916,0.03155372981396809,0.006603673398762222,-0.003471252917309098,0.012237849833022674,0.009901023390759489,0.00911942239168062,0.061616332700652254,0.0015852851309166027,-0.02383828475218175,-0.007526721318127816,0.01442802265629406
2020-04-14,-0.026957123283247952,0.05276476870533853,-0.01639350408227236,-0.020946971039109807,-0.0023180853739543927,0.0070586453538927785,0.010309293982187162,0.02121599712782607,0.013241249549450052,0.023284289327134333,0.04830170030198966,0.002010144353672194,0.006331456011890335,0.025417345341711695,-0.028699126500750904,0.0037853618878120887
2020-04-15,-0.08134393317550737,-0.03368074746087746,-0.08666656733660172,-0.07155702650809692,-0.03691757968370002,-0.08411209034187739,-0.02504629770421063,-0.01808800312442127,-0.028409227248483826,-0.018363312897188733,0.0041616717765258215,-0.07221674008179291,0.0019359910058056595,-0.03742402843894299,-0.06047159325325424,-0.037620097554573295
2020-04-16,-0.006095708291864788,-0.005394263390032905,-0.029197142875786675,-0.035631358329145324,-0.01407312890164536,0.007369554865435557,0.013796429684567624,0.004736894254858681,0.002339066894144759,-0.005693345513049786,-0.010361060109880471,0.01405401486050617,0.024393145400662508,0.0035343685705566674,-0.021834669362073345,-0.0008177049553189653
2020-04-17,0.053905850533124466,0.007926635554711403,0.06766922464585656,0.022891531666645815,0.01441007283643092,0.0756894082556705,0.04270294582053813,0.05479306034102893,0.044340916120952256,0.012678990641669552,0.02422964806386818,0.0727612319190094,0.020511597982951546,0.04251569757803497,0.033483372873125195,0.03421704121884872
2020-04-20,-0.002143919571860664,0.006208534738022076,-0.0207746387625668,0.008834101572886999,-0.0009381125772676135,-0.008631803279796069,-0.0076508348556596495,0.010925731804406924,0.006843639760563791,0.032714062578727665,0.014602675500092532,0.004968930258680171,0.02113906810482824,0.033542546250106,-0.004835487482380718,0.006510330181163981
2020-04-21,-0.03990179398031635,-0.047717032300273354,-0.06580363822957913,-0.03989113192262961,-0.015291692979948923,-0.07651735986801322,-0.039909277682320665,-0.039103745351563135,-0.028991820505023802,-0.03871727722636065,-0.03684499438504696,-0.08627943695788742,-0.0035068348441186226,-0.05136596920327974,-0.03790101754307673,-0.03772714950833289
2020-04-22,0.03516614089063297,0.01468690071293377,0.030215455892607768,0.03506282398281679,0.0035417079565776,0.026857080143245504,-0.010864449987973646,-0.04918215271130477,0.00985755171474545,0.009357220936781818,0.00508068522400662,0.014610511454876018,0.0007945255754402414,0.015998186381697144,0.04764305588633633,0.012470531969801302
2020-04-23,0.043545320710935975,0.0012770006372673226,0.013450396420063182,0.06246325324248536,0.0017646495824656938,-0.0236504430182245,0.0133715792842386,-0.016991097727549365,-0.01358070614683049,-0.009270475053517191,0.042224109094503026,0.034666622359044386,0.008280407012952518,0.007509576018727149,0.041941358805358764,0.00888530691507139
2020-04-24,-0.03196201132211074,-0.01955769747683922,-0.035207359779507175,-0.030593455530916636,-0.013550204644569352,-0.0034196086600095654,-0.010367512100460052,-0.012471311455810041,-0.022371878342276275,-0.01017084818830738,-0.03794579416425936,-0.01829899524960321,0.023062247954055648,-0.036066390409769444,-0.017273472485988872,-0.012958925136205335
2020-04-27,0.04524620682037739,0.02081524904376786,-0.02426441527593237,0.05665412904756839,0.04203299369149205,0.054332154556711254,0.030476223995806295,0.02991036240974765,0.02963188135597572,0.011919332411824968,0.016607385957105203,0.014964646937189574,0.02705084426701454,0.03517091579986764,0.01224116122588037,0.025479579426284094
2020-04-28,0.061421282613388195,0.016142683726662277,0.03544161780247079,0.06513128235890031,0.05325603260600764,0.018172078082991927,0.0027726683462274693,0.004517620212897588,0.017238772188028495,0.03330621144412205,-0.008424442477056315,0.06440760298770787,-0.012955038904333804,0.026747133706228388,0.016899104080633,0.014323319141298807
2020-04-29,0.06723622501682058,0.004598797829586054,0.1041981354096504,0.03716212305034139,0.03817262699347701,0.009855871631494706,0.026267282733452912,0.020344809596400948,0.007843036339543197,0.007075626987251393,0.006501490872509841,0.06075322120206783,-0.016162254489062056,0.013142313890767143,0.03125496353711288,0.022171658512244452
2020-04-30,-0.05990174732109166,-0.03370782163992525,-0.008734368592134834,-0.06596092901498818,-0.023749212259555508,-0.014771793447383774,0.011674774903329022,-0.034106361329820256,-0.02042793013342059,0.035518994412900184,-0.019671164131466967,-0.03528050218125023,-0.01664828464843937,-0.03335650293791659,-0.028681211009003227,-0.02117905388560193
2020-05-04,-0.05218367333569429,-0.027562452229415668,-0.04975809880154991,-0.054577241138287436,-0.04803651010252996,-0.059169990635169145,-0.05015535362460921,-0.020100070585967855,-0.03943815113938287,-0.05691665341115393,-0.032345178097835214,-0.07385424350539838,0.02786703202940055,-0.0349867984629717,-0.07184198182919033,-0.042419630866659674
2020-05-05,0.038249923692255994,0.03321520071916684,0.026181806305739075,0.04057539655879605,0.02737053113769483,0.03215728469349832,0.030841085424000436,0.001884888432742482,0.01166740519810805,-0.007993521414938587,0.0303311058223521,0.02564115871168693,0.025786067900385623,0.04321061371000656,0.07937072898105235,0.023959431736502612
2020-05-06,-0.023164983336386058,-0.002571960128011863,-0.048547108236100756,-0.007443957022948977,0.007197027306011128,-0.0013786957447250447,-0.010879442511077753,-0.040504574291484796,-0.01781028005226215,-0.02095089302079922,-0.02373083720111313,-0.02050018905591,0.018963610192331837,-0.022861384159739595,-0.02157407117101673,-0.01109715785632992
2020-05-07,0.025428571600375482,0.030941239036426982,0.038175028819523726,0.017678484766835423,0.02131124543104468,0.020430847050782575,0.014665579610548596,0.021107185701253917,0.02719970710085362,0.024691372391230537,0.034153895817017776,0.03471179824737769,-0.01806969311971318,-0.0022641094430736475,0.011490604176813024,0.015351731724503992
2020-05-08,0.01142390701372853,-0.0004168526075923884,0.0057399077453028635,0.011230053218562741,-0.004173408987196203,0.03896111375931555,0.0,0.010956788181504917,0.019389356986206474,0.01807218251347842,0.011306069924348572,0.0004932895393250369,-0.01300287592562488,0.013867774985706127,0.012741773712316107,0.010707728180294751
2020-05-11,-0.032507070409567795,-0.0029864752819522833,-0.028000849249909754,-0.024813449415287736,-0.006902367238396545,-0.02031276851264574,0.026648534016794567,-0.018435717792049888,-0.009510280273834937,0.009467488235685773,-0.027066687960920155,-0.032297812113049384,-0.007256872808451109,-0.0019893677802340637,-0.018190035450676434,-0.013060356443455823
2020-05-12,-0.00825719740688402,-0.004278975126099205,-0.06018339157843422,-0.009964543964945505,-0.013652893663295806,0.010100988266206423,-0.0008799024555002921,-0.007512838964638613,-0.005875539034748023,-0.010160145172045998,0.013607473677841986,-0.015541584382763762,0.023504431003821713,0.01370535529934247,-0.0021617844715915435,-0.003946402179824227
2020-05-13,-0.025552782052839174,-0.014181247203459368,-0.031628176189875234,-0.04744772024508026,-0.02290161317425643,-0.03605244179215106,-0.0427124022979799,-0.03131104318684541,-0.03402045492295058,-0.031188429308448784,0.004773347995540078,-0.023032885047153284,-0.016701524289773784,-0.014503507560783335,-0.037907880942196104,-0.02851868187534934
2020-05-14,-0.013553293107829933,-0.022667887834715628,0.005645074620209467,-0.010188722087392854,-0.023180939728318473,-0.0062791359442987416,-0.01103965873316537,-0.016457419007928298,-0.012087784279171232,-0.016299884470860948,-0.009798087183830795,-0.024371000087888173,-0.014638500977939728,-0.03392351637201463,-0.009005985394068716,-0.016529605466475195
2020-05-15,0.016726367523292707,0.00133812228864727,-0.011427421059015175,0.011818650999676716,-0.0032960839955198384,0.0027473469778789283,0.0013954408680645347,-0.009630423787027942,-0.0022658264730922584,0.00538528260709592,-0.002698664656617056,-0.008960088962976842,-0.010886836301881031,0.008778682885598021,0.0016227851460837162,0.0010530922586977631
2020-05-18,0.061104481856795845,0.04498895425640792,0.1222876012095393,0.07818375173344982,0.026455254499465397,0.08849307817250729,0.04133764889793379,0.04485216901370803,0.05995449904059158,0.031314394746779994,0.05231514004481452,0.08876720336044586,0.00389823571044845,0.06373173560515011,0.07404410438559039,0.05159632015483906
2020-05-19,-0.027685505706949054,-0.01278776280478644,-0.02005789045174211,-0.009260825623208402,0.011468827316063912,-0.018122513348280522,0.003568275165546142,0.023848427475165357,0.021282715537147556,-0.007990460651182918,-0.01428579804475516,-0.012581795703107246,-0.008222969612620257,0.00048131283729380137,-0.005732310298069643,-0.008932114712459027
2020-05-20,0.005979611591917067,0.005181380627558019,0.015120776058247465,0.01657831649134356,-0.007516825705124575,0.009741256067093973,0.003999884952027966,-0.009089868321888961,0.011888212995329717,0.020137022485801293,0.005217418620379499,-0.006371057191550511,0.010363880804290293,0.012505893699802595,0.012592579161940787,0.00870758852490483
2020-05-21,-0.030285857366584068,-0.0030069138954392782,-0.007266043432055502,-0.018563300947985528,-0.008472283816407966,-0.01396295829419869,-0.013280183850009175,-0.00642119553199727,-0.005252314248058165,-0.01973952718305705,-0.003748567497837696,-0.008463710183476358,-0.00854792414141159,-0.021140208628779855,-0.017980091956736666,-0.011458753514592801
2020-05-22,0.005837611265482989,0.011202096977909859,-0.01116193452025216,0.0031817527486295294,-0.007638558055867772,-0.010813583609908028,-0.009421275115811145,-0.023889369710577202,-0.012644263328653205,-0.0008053683541954237,0.009840727714747421,-0.021210750303268133,-0.0014945055226917026,0.022810168819275,-0.003051535057451926,-0.00020023544964886675
2020-05-25,0.020023315900526084,0.014486456512413426,0.08512209245691915,0.01867859649256265,-0.009002010338635902,0.0543986936628893,0.014945712221516416,0.021399903697765676,0.018716634519624575,0.0120919385578937,0.003439460405585404,0.06183942352397165,0.009325420206900192,0.012574062852597212,0.018212416236382367,0.0214532139062642
2020-05-26,0.07994303910523093,-0.018899554913417993,0.07111183877728644,0.07247877989198082,0.04173248321645029,0.016045411439321144,-0.005354801173824919,0.03854623860782724,0.009531632494628628,-0.01035443025228966,0.013995972445283389,0.07765065782280267,-0.013003383639000443,0.007029055355432856,0.0033068307322621227,0.01461043849814625
2020-05-27,0.05295050495231379,-0.005565082982392111,-0.026747256403512498,0.08822571444039928,0.062176189849364016,0.024781600314629504,0.04890099512796198,0.04235395024940369,0.023125525687921922,0.011669846299275033,0.002816936264784742,0.012471142604386198,-0.0040447120863573716,0.019776743314354528,0.019924949071163045,0.017910485732881787
2020-05-28,0.0002501087534290125,0.03702111668429864,-0.01652222602826381,-0.001185773469836282,0.007376666625622086,-0.004741632085414227,0.023524446608295113,0.028550035789987716,0.03463937206157941,0.03500414226909543,0.04859552881793405,0.013686002454145418,0.02703635401569504,0.009810557102842843,0.008225665337100452,0.01762731527283412
2020-05-29,-0.0215107300972206,0.013698530096877048,-0.05688627310053218,-0.04273628089003434,-0.03271530674109313,-0.010957597282262421,-0.03259521889724781,-0.02359912386301899,-0.03050653787961244,0.006533318749357253,0.001607237447258214,-0.03397837378577706,-0.011072285862508191,0.008133700215103401,-0.02025045772432721,-0.01591783382541223
2020-06-01,0.024539941660847386,0.0020475776321084993,0.04832457060556128,0.03813377585591171,0.007325979851843245,0.011078996463804502,0.017710597580206322,0.01448047088725879,0.01039989425387744,-0.01183656613954287,-0.0024069875703292,0.02841850973014015,0.01325264810796023,0.00515465953089711,0.027360527732548157,0.014341540854600376
2020-06-02,0.022954030240312617,0.007764598277754775,0.07166894969726467,0.029714567704813843,0.04581817310677505,0.024058923664077803,0.017826842922225472,0.023824290786295554,0.015967314542552513,0.009273665989398161,0.011527999572938263,0.05911641165518833,0.0014657543063281153,0.013377836634085316,0.028947561872678884,0.020196279069481404
2020-06-03,0.034634178267273,0.021897911972596384,0.07394044213336981,0.048433977478399726,0.1037320626445799,0.047918062669870976,0.013761379931777284,0.033726540272130734,0.022080714558144976,0.035221998137026755,0.024648923276332058,0.047904405068516454,-0.00022504179235427468,0.04972502777968035,0.02475743063014857,0.03363051443895393
2020-06-04,0.008250869701798003,-0.005158823458607964,0.052185263691228556,-0.0035961452523515236,0.005880524595800463,-0.018424006785590086,-0.0065815739327921285,0.006346611687451098,-0.008641510073009284,-0.014423155888280248,0.0010346573297861372,0.00612222914258842,0.0005630452013902776,-0.011318438234029893,-0.008510468633590729,-0.0020707120103240495
2020-06-05,0.06336203626665315,0.011168800308380744,0.12503478961999037,0.0859244081789936,0.04603824440515747,0.02125746449570931,0.037681079090945424,0.056562783699801944,0.036405794820799864,0.012007629007580345,0.01576223650032671,0.03397580177743431,0.0034889576854013615,0.04282400479497506,0.0614703422017413,0.03707318451347286
2020-06-08,0.02022869704170649,0.005522678134747938,0.011484157180486454,0.008564631146574131,0.002744311748696715,-0.007971633158909364,-0.023942417776790736,-0.027606767084762285,-0.020160947276747554,-0.01853913759344561,-0.02060538908670262,0.0004904059422967677,0.0058322149351541785,-0.032933683334120833,0.013434082699620653,-0.004284516951220785
2020-06-09,-0.06336190115488383,-0.009807811136864797,-0.07618114738944337,-0.03269971870128596,-0.034287068061504944,-0.025223315366025623,-0.007767924069306376,0.007097533071471762,-0.002019593248890228,0.004911121347152436,-0.006493669814991554,-0.047254948345467174,0.008697647985971058,0.0002103400709476677,-0.029601137278371437,-0.015536633216865159
2020-06-10,-0.013115568609802342,-0.000396339289505665,-0.009382678114114196,-0.0212264354400743,-0.011955067443632506,-0.01763226195564571,-0.02678193077319102,-0.00571414718973795,0.007841973828873527,0.0022558344092227234,0.0026144117393356314,-0.0069971833213026136,0.002542602988267584,-0.003993240201227932,-0.01816964434760382,-0.008182343958212823
2020-06-11,-0.06085337435123728,-0.01743943130212322,-0.10538970450784868,-0.06961177281497277,-0.05236254475931945,-0.04195792421425548,-0.04445389601297467,-0.06704981709775204,-0.058483825622935304,-0.007126877461083203,-0.02920450561680421,-0.07813476222891125,-0.01620914397505424,-0.042203005379484404,-0.06186680784499299,-0.04706116410181693
2020-06-12,0.00868930957072811,-0.007260917213568918,-0.0016403834935853068,0.006331068896565206,0.006384077083997131,0.009489091193926935,0.009304320393378696,0.0007187033051883063,0.010797153079824318,-0.004911309869058855,-0.008326737661644157,0.009891969747353624,-0.0022417872944615613,0.0037453006971521763,0.010655234718440543,0.004913129721935361
2020-06-15,-0.00812219140748971,0.003657052951220985,0.015683403016368835,-0.01930241671988764,0.0007657076321589962,0.006266634922080794,-0.016681303257935487,-0.014055648652548935,-0.020308522397367024,-0.009491184623540816,-0.009479900372288186,0.02292983490133671,0.0019098110104829313,0.004609344346181876,-0.011540245667786886,-0.0048642874987741
2020-06-16,0.034243170692837,0.020242922271701103,0.026911815979521858,0.050007293512173145,0.028415243444088523,0.02850277070327878,0.025446586633674606,0.03048917655473149,0.014402920481985326,0.042928255285795025,0.020508515725700116,0.029815039948924982,0.021078575464008154,0.034738882291824646,0.03286245444464453,0.028394453995119973
2020-06-17,-0.004798634501508858,0.011111021950818367,-0.0011455198431927771,-0.0015272546619594651,0.004463249555899607,0.0004658824646051052,0.009577574266403488,0.023932101397634797,0.00623676003558038,0.015068091775453984,0.01071824676866151,0.030219673080643883,0.028988753240036802,0.009712786924513273,0.0032098444597776776,0.008785584184311857
2020-06-18,-0.0072323203862288965,-0.006671843744829209,-0.02767035527637629,-0.003893769765750177,-0.00729973362524261,-0.003258767834783405,-0.0030184967470544555,0.005917084878536372,-0.004879296110391063,0.0014480299439389999,-0.007158213354693466,-0.01887174302120309,-0.014832882545796955,-0.007946485691114447,-0.007372604224931134,-0.007450047386824532
2020-06-19,-0.020641054459876074,0.012248062473819266,0.015334702944082679,-0.014379374211948681,-0.01524045872877744,-0.010509160045843013,0.018166108571487483,-0.0001961128321390504,0.007288428605053188,0.009400088630042935,-0.013083830489667547,-0.013380685924441749,0.01949738450825289,0.0092748409393697,0.00028027346937542497,0.004174478510209134
2020-06-22,0.001983618427203737,-0.005854858793235662,-0.02323554057080568,-0.005665862047958048,0.003463166362346337,0.008260590602817475,-0.010620245364064917,-0.011570921624177055,-0.003025836355140865,-0.008954193819904699,0.004869981150251057,-0.008900207506113533,-0.011581145508698265,0.0004177811806225229,-0.007144544623931104,-0.006175380572928879
2020-06-23,0.03934670441740207,0.01334908608802099,-0.0074338974373017175,0.03447308572458252,0.01488346489954906,-0.012946944658566495,0.013310409079186236,-0.0038035891371072106,0.031010881060758555,0.01409464367471136,0.011039378127406518,0.01689110068270394,0.0027948489715261537,0.018789061401762508,0.02116521612187161,0.013939009789699641
2020-06-24,-0.043333201099903795,-0.02208443114865566,-0.05677050005524498,-0.04957330174361485,-0.021891571723599346,-0.02406742855081412,-0.04661009152034523,-0.046221999712813044,-0.023806560112976993,-0.005702184840633118,-0.03222368808679055,-0.05634988556374165,-0.023903916353333776,-0.01639344826032818,-0.034682698258927336,-0.029160948361404482
2020-06-25,0.03011441466207554,0.005150568070291461,0.015086543173265854,0.01926994467225973,0.008800634042036348,0.011343932038468063,0.02355554243605007,0.0006320987799741662,0.006555646043647112,0.007168622682333314,0.012658224497466897,-0.009581056798107723,0.008785341986154993,0.005833352853300555,0.008015760514433978,0.00969343595403016
2020-06-26,-0.023435679932433118,-0.005912473583251643,-0.03191475106041419,-0.01961620155045296,-0.002369571795774683,-0.008534381078068476,0.00043414624154403114,0.004421969957708605,0.010030105219231311,0.01459084474009531,0.0024454905327095933,-0.0123733964743864,-0.008273339720147432,0.007663787775078923,-0.001845899196854961,-0.0018175858203487438
2020-06-29,0.037357681150063105,0.011102291241709361,0.023755508949380166,0.02508320786069662,0.005074051731078777,0.01746180133144981,0.019531281183097216,0.008909824187780746,0.004642711137073263,0.0007012965584776154,0.004879570903711494,0.01571751770563279,0.004829765240977446,0.013360656048716502,0.0024660915365384284,0.007295814605811302
2020-06-30,0.005008525309654122,0.007058829500251829,0.0026835689195645607,0.0005658383402988854,-0.00042973955502290107,-0.008943439303529699,-0.027245595330221528,0.006233861390077866,0.0025674412303742233,0.0014021932050825026,0.0032369337225646166,0.0004486632975533311,-0.009722482047669678,0.0028397232780295045,-0.01664260112044158,-0.0019148323183886262
2020-07-01,-0.005932648997322931,0.0003893909280181518,0.01054785410884529,-0.018377019555812057,-0.005050534402662343,-0.0024391200083603293,0.0113785847300647,-0.006711421017873032,0.002816892669564197,0.003500166979588437,-0.005915418082740986,0.007621453515360921,0.004964195621141254,-0.017799374857599193,0.005445346164499432,-0.0018335313764850092
2020-07-02,0.04464054844513865,0.0326975232333393,0.03458474583846738,0.05429139107433678,0.030888993149609023,0.029339853864289278,0.012115929550542415,0.023700591261738957,0.026174610491189965,0.034879469385647566,0.03245862858326354,0.018464887234216132,0.009440120942620034,0.011944007814245428,0.02005275133897433,0.02485111303615839
2020-07-03,-0.0038846439574681257,-0.01733885999968121,-0.01174515207013227,-0.008878649585468135,-0.009743494392065899,-0.002850445917493949,0.011543354052715227,0.004874131877304899,-0.012815749236050222,-0.011097800488062859,-0.016766949656561447,-0.009392787292941462,-0.010439334416482149,-0.004273539664067516,-0.005883316022822327,-0.008365333382328588
2020-07-06,0.027988015516772213,0.009589609455590509,0.03184517862430747,0.030457595020638495,0.016822059005950685,0.006669903390093435,0.004226581324081602,0.010408251806876434,0.018401890585558744,0.0024171306738167697,0.026645164217183215,0.023594268955623665,0.016373577761953806,0.004291881188560165,0.01284650981613833,0.014852715697105667
2020-07-07,-0.008480315819845763,0.0034194557482150056,-0.00620194420380793,-0.003878499893793741,-0.0007571142373394846,-0.01206811109528505,-0.0004209509276437151,-0.002300184529129279,0.003114086204863087,-0.006889370339964396,-0.0051906585455587795,-0.015510428529866171,-0.008973880486370933,0.0016280191756052886,-0.01140067702924541,-0.007434755987643649
2020-07-08,-0.01417948054177054,0.001135883260449777,-0.021842609055498396,-0.023899018082418233,-0.013421323762373039,-0.027545089198417805,-0.01010528420166179,-0.013833205647628466,-0.007078151205937244,-0.01005915973629945,0.001304477342004784,-0.014879694736302795,-0.012000898241673719,-0.006907728862308726,-0.011676842914795094,-0.012411468872969289
2020-07-09,-0.02328777479314781,0.0,-0.03964749890428454,-0.023108671528824343,-0.017224365369622685,-0.019950644092732284,-0.002977411355134074,0.013213948091044259,0.002876415010947486,0.00455541239114976,-0.0015633501860138344,-0.019546990086165783,-0.015238567276142256,-0.019026122488356,-0.032672046364660035,-0.012069574293765317
2020-07-10,0.03459560377479942,0.02118001498414257,0.03527363134015604,0.03294832439654871,0.020316982093210756,0.011560722401218637,-0.002133052675263203,0.00270868448214312,-0.0006234162342390048,0.006627013618809574,0.004697310555836998,0.007249730853753356,-0.002915505690693432,0.010010359285209214,0.004825150568651404,0.010052858498537542
2020-07-13,0.010619049906015698,0.022222142334592077,0.03666919683277747,0.028762332533288415,0.010284411362960988,0.018633688030968987,0.032920059677528535,0.024312236058590564,0.019091474062523428,-0.002772071527273323,0.006493503248708787,0.040260955281067545,0.02316693426979266,0.01589913591501979,0.011704648861755151,0.017251855019424722
2020-07-14,0.007154054204532967,-0.01485507883476933,-0.024907874355647674,-0.006095255774282493,0.006605986346441162,-0.01268317111813344,-0.01862585620270585,-0.010548931298814512,-0.009060849495886258,-0.006949443171729963,-0.0278709472850307,-0.029837883979544677,0.00560569574166192,-0.015650309516898497,0.009937387361831584,-0.009645530310060879
2020-07-15,0.013318540664668754,0.011401344305976613,0.046251679682735025,0.02732976631651196,0.001291186635347552,0.03582017392381709,0.016026995374714526,0.03395848752479691,0.01828739835594706,0.01854461391152218,0.013273069679849314,0.06663701318636428,0.023827921133025898,0.039644927152060916,0.00837170617657157,0.020273755621251777
2020-07-16,0.00941952319873307,0.009090949868262088,-0.032071816533733144,0.0007786718836773066,0.005264649397678012,-0.004054401328848933,-0.017019453298249276,-0.012793464895630602,-0.009464882967567978,-0.013740985851466658,-0.02148280387812418,-0.01776027096186039,-0.008006974565742175,-0.0004966910593275919,0.0027671374572253438,-0.004638928984475155
2020-07-17,-0.011067644205173477,0.0003603444732849237,-0.01641790331552284,-0.015171132889744587,-0.018276907959932975,-0.01269152990500988,-0.002956179785785662,-0.0030948512364199487,0.0051452684337576216,0.011145876329986981,0.005087060441904656,-0.00957234282812125,0.0032285814452166495,0.002980710290215516,-0.017429193899782147,-0.0031187788973862096
2020-07-20,0.0017554491393518834,0.00936594569099114,-0.002883218119652975,0.000921644447889669,0.007838849879615362,-0.002910479601491378,-0.006776779444685244,0.0007760808729417867,0.006215575989259037,-0.0010333829287764162,0.011188067200491814,0.0008591041859231652,0.011478139008030297,0.001981179295396318,-0.018329675268592416,0.004686976867653403
2020-07-21,0.008981314706923982,-0.0010706166780934945,0.03561100458949573,0.013943763235862994,-0.0007562839955692624,0.0017026782153730657,0.005543760749133986,0.011050779516298403,-0.006903951335481495,-0.001379344703699048,-0.0010537368634490063,0.004077305980284329,-0.016650705229944718,-0.004448756513243279,0.016563798380555772,0.00217930821057144
2020-07-22,-0.023013365303913846,-0.003215509116858306,-0.013813306353874122,-0.01920094656990934,-0.010810775901759051,-0.005342243788176493,-0.021204459033442702,-0.02972190444286249,-0.01451395050504567,-0.008632528560420516,-0.012394701185759471,-0.022654392815978808,-0.013050071094972915,0.004468636388481828,-0.03140289478584457,-0.013157520903156028
2020-07-23,-0.0015556107255060292,0.007885320142403174,-0.02726871351989546,-0.006216976350748582,-0.007322315180936068,-0.01562510788595095,0.011265120142096796,-0.0053360697864597295,-0.0009901341621858517,0.014628955534869537,0.004005561758118281,-0.027334385792957994,-0.004480283552167896,-0.005437470458448557,-0.005046610810415686,-0.0006671176156856085
2020-07-24,-0.008680009068561367,-0.010668525247318539,-0.0206800754606129,-0.011313761209302609,-0.014202314776606606,-0.015376982387326321,-0.01628099333957045,-0.016491110905931694,-0.011149635161967986,-0.021970574841173596,-0.0138298206189309,-0.0047212322688351405,-0.025137393743276726,-0.014115261639241816,0.00368905310995582,-0.015362193160632254
2020-07-27,-0.020655690840339247,0.003954033829747461,-0.03144062388375235,-0.022213190806157246,-0.007817687019196273,-0.007052842294732353,-0.0004356182162735811,0.0035353542483402833,0.00576300382929662,0.002457121676564089,0.008090541566992737,-0.01784497018547082,0.003490739010573396,0.014821404248803072,-0.007963334959334545,-0.0033915657030516577
2020-07-28,0.002521707601091938,0.01002498263465812,0.031169235994627176,-0.0039929264296674205,0.005740544315961049,-0.004566174555644897,0.010893420626536532,-0.02727725569740347,-0.04073259073713864,0.0038518091672414823,-0.02193674177148086,0.039098371070064086,0.004263903874494268,-0.010630852681551395,0.0004628211638419977,-0.002162145170655605
2020-07-29,-0.010976515563512534,-0.0028357489886174925,-0.026155104099184534,-0.01022923784602392,-0.00022394017526283783,0.014271160579716335,0.011206777520555988,0.03973510747854303,0.005453857899601733,0.00871984518108726,0.00656452666605456,0.0037626505784915665,0.004692671855239361,0.029323115104802344,0.0013892443272662813,0.006045984191937137
2020-07-30,-0.04693614085035214,-0.006754487973782197,0.01865550875815214,-0.03966493036843666,-0.03649381419947728,-0.024623100758962124,-0.016624120382247254,-0.01950640007460891,-0.034353451745208874,-0.016251847316928303,-0.03396728582440611,0.03902977282856712,-0.015235779692540419,-0.024780397686761324,-0.016024828083877396,-0.021336123282950092
2020-07-31,-0.014313434978467043,-0.0007157157396234792,-0.020997847081612675,-0.007707927243319812,-0.020332201535956718,-0.0623391194038414,-0.02730807534507429,-0.022026116128314732,-0.018991800442464735,-0.005272481161630926,-0.03488076654888217,-0.05093373302696014,0.0,-0.017206920373399992,-0.019730676918501944,-0.014269700601308721
2020-08-03,0.03027305743730313,0.021489965017144508,0.02773758650771363,0.03942532668502596,0.02644676602194984,0.0395605232339844,-0.015151577244834846,0.016502518574907032,0.015132871873456244,-0.017314397433442985,0.006412148850671873,0.002012539010803005,0.01931108033511464,0.03471093862100538,0.03514391340278178,0.019282235158385674
2020-08-04,0.019589130527139398,-0.0031556828596511766,0.030597820640497986,0.020445786197367033,0.011323014544537546,0.0013212182113981896,0.0,-0.006432524808975715,-0.0017457417291905086,0.012585418554607264,-0.004343731434118481,0.02968081479893203,-0.02271206607865628,-0.014264637078893916,0.024691325980830126,0.0027871284575609057
2020-08-05,-0.00023431008009200394,-0.0024622926321486993,0.034866001601540075,-0.0066326268478885675,0.007997135608520667,0.035893287553220965,-0.0018099713485418834,0.01068749718588502,0.011973652297264437,0.0031959271984389748,0.006398997827332664,0.05028187299708131,-0.00827567555717812,0.015968067883715964,0.019277100361182686,0.008961988915826336
2020-08-06,-0.010780378709498106,-0.01692507264180887,0.005296513224123611,-0.0030603328006827413,-0.034908623960666296,-0.001528650854835778,-0.013145931918237208,-0.017692063272816805,-0.005583553231821026,-0.012389398840424781,-0.008092547472336897,0.016714625801230953,-0.01234584039124953,0.0009823185140169777,-0.023493049084487794,-0.009772276482954423
2020-08-07,0.0014214313285791924,0.004662707313536796,0.01419580751924765,-0.009906586713807064,0.0,0.0010207810797440153,0.004134089146660802,0.004761752176086542,0.0,-0.005018046347931571,0.009323881052992533,-0.00832133089743159,0.01134268691900786,0.011776254135740905,-0.0075656327403682555,0.000898673489561963
2020-08-10,0.018689293197518886,-0.008568352073106467,0.03982694071000914,0.009442096120241938,0.018437909999553304,0.021412200126917913,-0.004574451658661549,-0.006696352565097041,-0.0065509005365037565,-0.005763596722819342,-0.01356805720871479,0.03100694283969352,-0.007553125954235074,-0.006304560220159683,0.013569403667383684,0.004088283924372993
2020-08-11,0.04853685696527443,0.010443046500840492,0.057174428346885575,0.046768130905110894,0.028021350573944614,0.029698093711312934,0.021139663010093734,0.026031861484612007,0.0300094531779731,0.004347934713165413,0.01141354897263791,0.05607937619886316,0.01049346696399689,0.018057593504596348,0.028579832240702707,0.024132851222655072
2020-08-12,0.006423262872104818,0.01746245734538565,-0.016539766996857996,0.008935719291467414,0.006505735714033456,0.004120352636473923,0.014401418206525074,0.01829582664266849,0.02221061230195298,0.018037492910377262,0.019386478933871798,-0.02725565711635125,0.006504712978160576,0.005752638013475142,0.006727262225009412,0.00901350681011892
2020-08-13,-0.02002649892863373,-0.0073555467303160205,-0.021623055001734892,-0.02207535564923402,-0.015379348823784222,-0.010620467005649004,-0.008873195582714155,0.005955946720976213,0.0,0.001063044125058088,0.005677050322023591,0.002415461901009941,-0.013718849388321575,-0.001429933612910217,-0.012492621056057751,-0.006096646060269273
2020-08-14,-0.01324949175084189,-0.012349991048714704,-0.016234701473021973,-0.008921481306410461,-0.006678063841336623,-0.019517033850592225,-0.015666957134309434,-0.019932917033339326,-0.013164705134262378,-0.014159296355605866,-0.009314128834513546,-0.021686697030021462,-0.017588226750601454,-0.02100239168183682,-0.014416077356523616,-0.015756390608740678
2020-08-17,-0.010923895472525036,0.003929946288976138,-0.0092914143332129,-0.009956273946726601,-0.011622526410740464,0.0009954993764054176,0.01000463972292076,0.0051348155565471565,0.004403731605432837,0.0014364194283420506,-0.001139688273881112,-0.00394095388194049,0.012286495461615976,0.011213962863075633,-0.006268769747560188,0.0018154125296718782
2020-08-18,-0.014266173193754228,-0.0042704184825888,-0.03093503958891186,-0.01115838674764913,0.0018444653671947364,-0.009197336758344776,-0.0013507552336589068,0.0013022580569517217,-0.004384423779861812,0.0010756221472201233,-0.008841838908609012,-0.01958457518431389,0.010056515037487834,-0.0043394420987782345,-0.014568864435642093,-0.006814218033960651
2020-08-19,0.015172783657093625,0.00571833498112273,0.014733551790136357,0.026330337202828957,0.013118627873543787,0.01781262017576357,0.004508530689204759,0.0,0.0029789516058069676,0.01361018249816981,-0.002014450117953981,0.002623096009221726,0.002975564135764941,0.010169576096733968,0.008382675374218662,0.007932248982438495
2020-08-20,-0.027132669207768467,-0.012437766077125212,-0.015373659110801907,-0.023890311711749046,-0.010790582973546292,-0.009366800999280334,-0.021095116786325807,-0.011304577792296877,-0.009943146983698803,-0.014134280128327847,-0.004901965769728123,-0.01750848516756931,-0.007644965867202647,-0.011984662528072954,-0.01692850221515707,-0.013258327694862793
2020-08-21,-0.015362763181664185,-0.005757503896051119,-0.0013010213405251214,-0.01654850274289943,-0.012171222150194727,0.0,-0.0004585094616379459,0.0027319807914274463,0.005478042954785378,-0.018279496366427006,0.012750066292874562,-0.0040967514897019,-0.007243883320083411,0.0038815303933654732,-0.004919860200493287,-0.003035924845549265
2020-08-24,0.029044582125977048,0.020991629095532982,0.04371734519403181,0.02615947258913698,0.02080651917291787,0.025628479351246014,0.02614671549365921,0.020383401179988603,0.020754831546441865,0.01715967442941646,0.009441955113511646,0.028897585824832372,0.012624496286431475,0.01739979675836989,0.03909140270309708,0.022784423601700965
2020-08-25,0.002565906192400602,-0.006026181647499906,-0.0074897096653310236,0.002067011753619674,0.001822075174735982,-0.0033963827111872513,-0.0022350808032832736,0.008900417585860687,0.00914989968277502,0.0007177749965141533,0.0045350396087755485,-0.006896582363116521,0.00274513656990627,0.0047505152390541205,-0.010855038933614947,7.585685830346911e-05
2020-08-26,0.00814344834880587,0.013908738041499058,-0.0184460528201148,0.014851474127190789,0.0007956669807329675,0.001704036090545813,0.022401486199186804,0.02176041935014772,0.014985672413841078,0.009325677690134926,0.020033674450754546,0.0050322124224086995,-0.0020531100253189383,0.014657373742599011,0.003156879754894648,0.008018768176113467
2020-08-27,-0.005769635842332699,-0.015124912379781197,0.026623056574764714,-0.0111110095496606,-0.012606525891544873,-0.011664892333851262,-0.009202537772629693,-0.00019186113276237204,-0.004963037932423808,-0.002842998876056213,-0.004425898856871169,0.010915301356490215,-0.015316145210097054,-0.016309415411871697,-0.0025475580623793848,-0.006429713754033783
2020-08-28,0.032497442938153265,-0.00285708920811667,-0.0092914143332129,0.036037217837397106,0.005406073154653912,0.001967036720375459,0.00353836524317086,-0.009211369826172766,-0.011595881829814081,-0.012116843329674443,0.0,0.012877725179744504,-0.013000579393470324,-0.005210880891663994,0.0006009995520013245,-0.002597757338937079
2020-08-31,-0.03462219291106061,-0.003939799156213564,-0.036394047816798336,-0.0327998764377706,-0.023223927663450827,-0.0358281766057128,-0.01189954821751471,-0.0032925944641454263,-0.008956753382940219,-0.0010823372324482161,-0.0005554852228012441,-0.05114926280780896,-0.0018816730511618251,-0.011904764758732034,-0.006006304220298575,-0.011137396653783993
2020-09-01,-0.008616734848584051,0.0007191340259318224,0.010604294701603623,-0.013127469199598174,0.0009368851056710259,-0.009671417386824754,-0.02140942311466898,0.02020981192265725,0.009928814808698894,0.0021669013263598824,-0.0038922513853844043,0.010101167111443932,-0.011311432059876614,0.007228917416543412,-0.004531477174192777,-0.0018434831665944396
2020-09-02,-0.009161294617887727,0.021559461907545874,0.03607875233398272,-0.005680792563695802,0.010882288234445703,0.029297964916871422,0.03053771967525387,0.05333334753113905,0.026594293947951986,0.013333369620728952,0.03181702089807503,0.024999898759274775,0.015135206403531276,0.014353990149752915,0.010318576541613833,0.018962786267373133
2020-09-03,0.00023700442374985364,-0.011959239660991994,-0.008046611158952,0.0075249642052444,0.0013890094045327928,0.012984142497203699,0.0008845724804862343,0.004159302748463434,0.002823713545368811,-0.00924596785070253,0.0010819542861086884,-0.027575961368194735,-0.009039591803323366,-0.014150868719542298,-0.0024031948287674965,-0.0044160099307093414
2020-09-04,0.027494645384887884,-0.011747939348577985,-0.024056049172127225,0.029737185592937143,-0.007051096709389193,-0.0187332534448148,-0.01811748365882715,-0.0005403636141241286,-0.01358940721786217,-0.01687018750427982,-0.0027019189975305835,-0.0045044517966614794,-0.009951398915372112,-0.013397132413710211,-0.0073772533938238904,-0.008873144560595958
2020-09-07,0.008535239216334922,0.016930890866609705,0.05717974679682447,0.0047011402454164575,0.007450531751932665,0.024365607487878194,0.004500414448323831,0.010810911878776253,0.014769666994665753,0.01715967442941646,0.0016255261111859376,0.03763887167949087,0.023453361269470063,0.023278294813694034,0.018504700999697477,0.01785481247264209
2020-09-08,-0.026075065006542775,-0.013106762143731299,-0.04053142169303803,-0.026069541575876154,-0.020568556436345253,-0.027954550997434824,-0.004928284235899527,-0.010695286083410194,-0.010763183384528197,-0.009691494649158305,-0.009737762034583985,-0.02656091711771713,0.001987630732427581,-0.011848265469099006,-0.03648566388201269,-0.015869536084909597
2020-09-09,0.01667451044873336,0.02117739981836886,-0.019638250241032607,0.010020655119070021,0.028669241908314325,0.011352138538232026,0.005402944256886588,-0.0043243647515105454,-0.000865386475630836,0.024284111838092537,0.004916803040169393,-0.007941475258003816,0.028237991344065128,0.027817672034121,0.012055776267011264,0.013965955835048005
2020-09-10,0.0032340369812813297,-0.005975416416562629,0.0007205646206547289,0.005843960533023829,-0.003899600536272585,-0.027937213651805015,0.003134748661842046,0.012305412006430982,0.0007424259437982528,-0.0038924666014745757,-0.0035336646817600847,-0.003694449162224278,-0.01622780091379561,-0.006999457249192265,-0.00015279018576597192,-0.003777489651213939
2020-09-11,-0.01865071743593283,0.004243309081766844,-0.008928687444263672,-0.02418575864305983,-0.006332703339440804,-0.006415261690872032,-0.0040178180770108485,0.020021432395295857,0.030295413000460902,0.0024867990502128734,0.013638925115663447,0.0010299323001634608,0.009805170626913107,0.0018796208331226527,-0.006720729288503868,0.0020322656924491866
2020-09-14,0.013843345611809,-0.0063379624319097605,0.036326698674387314,0.012738725472870138,0.0006951917073005909,0.00439040079313302,-0.009412829251700394,0.01121641051717126,0.008761352872882933,-0.002834823119394536,-0.004574729936653754,0.0030871896250563857,-0.005483479257127888,0.004221468408568185,-0.015069713192047973,0.00352388801502701
2020-09-15,-0.012034352553245142,0.0007086142818057972,-0.025799147481184392,-0.020098566699643272,-0.003242296486967944,-0.00591401062010577,0.0036199426970837667,0.0211438526923744,0.008923459028393976,0.0071071471246084705,0.01459852812426865,-0.005539643373142389,0.019297196669667116,0.008874359863479508,0.009055022963894599,0.0031770931496919452
2020-09-16,-0.010541073664513179,-0.0014165114306571303,0.018854338676238758,-0.0034883058137401557,-0.005576121350728047,0.0005173265374127656,0.006311973677471716,0.018329813052511135,0.005070658658080873,-0.00846845997169876,0.010658099861141412,0.005570501967451458,-0.005521846268539576,-0.007407486825286136,-0.0038680616324415773,0.0012805515996971994
2020-09-17,-0.010416786903585828,-0.005673652880320734,0.004661732198327995,-0.007980833486722294,-0.015770926478709146,-0.004653592372239612,0.0026881203560091826,-0.005833102050518679,-0.014431620155922475,-0.003558690583223778,-0.0023728042431004903,0.005334453301996556,-0.002492817991523788,-0.0023320902823805723,-0.02034798148775363,-0.006881559353112632
2020-09-18,-0.03157889613582743,-0.0032097753481782343,-0.035433112758097796,-0.023429642102716697,-0.011513417847406338,-0.014285786870051331,0.0013405710115692582,-0.014752664716904729,-0.014642782312530911,-0.012142924490465057,-0.01691351038699329,-0.028571590556589088,0.004657503315887546,-0.01309007627862424,-0.013476890467145841,-0.012167838916311124
2020-09-21,-0.05360663087484219,-0.028264672765642707,-0.06574353356377716,-0.06373761710179537,-0.03938529536966129,-0.040843210746980496,-0.03212850306922288,-0.01854686388062987,-0.04421887776136224,-0.01988427097397194,-0.0217742243417417,-0.06806704528798535,-0.028946143492610266,-0.04263382961111106,-0.0443588301893898,-0.03739120123138939
2020-09-22,-0.00574273786888857,0.0011044423987947027,-0.026837186519740652,-0.005248534166705232,-0.02249990987092798,-0.017032965289768165,-0.021207966048410465,-0.014736606562523069,-0.011376630534010501,0.01032830697619791,-0.007969128317830476,0.0029304925913271607,-0.013041667126745593,0.006432294177173281,0.007063609163749041,-0.004006685076916927
2020-09-23,-0.007613449140640327,0.006987927900886426,-0.009299338912936661,-0.023743061673640042,0.008567669549361723,0.006148836638843358,0.007536573865434937,0.01654047701857264,0.023142917994519507,0.01314345032744435,0.013573469400806282,-0.03573842465375232,0.027135463322494058,0.013274423168090577,-0.008015905504933474,0.006164028720453629
2020-09-24,-0.01825405854535067,-0.009861073916806351,-0.03463335455513916,-0.009378501529413885,0.0006340380453777605,-0.01305564939128978,-0.0028051541652475143,-0.014021203813863292,0.004248921536888606,-0.012252202447695315,-0.005192547058470942,-0.03403267992055692,0.0009191124451370936,0.0038815303933654732,-0.02272754466870508,-0.008254374059738279
2020-09-25,-0.034761431932992304,-0.008115250475385638,0.006202777224771694,-0.029204083069415132,-0.013558107500528216,-0.0005631655502413846,0.015940057139157027,-0.006320222952958754,-0.003981972489748298,-0.012404121086197262,0.004120753401977817,0.028233634735227664,-0.006082421608445299,-0.0057997429996689,-0.010752298239142255,-0.006920552159630167
2020-09-28,0.05778893685026909,0.02045377806220494,0.03815400210158559,0.05190090364438804,0.03391137532849542,0.01971300734863979,0.042916394095551924,0.014841190996688125,0.01424279827208319,0.029183592432985295,0.003283249436160318,0.005632558432379975,0.008197881831009113,0.03743307960629694,0.02637187529052354,0.02402072443431691
2020-09-29,-0.023225208238135453,0.002186566254556599,0.004493591898655502,-0.02592702013910686,-0.02149338852815541,0.0002761646657367667,0.021238982598975387,0.003829885724487614,0.009977810613113203,0.010408916061930507,0.0062722866499616,-0.004667524114445265,-0.013055397656646539,0.02061856156523545,-0.01631945879554353,-0.0023125275417916757
2020-09-30,0.009456955319482763,-0.014545402136528773,-0.008308033116008695,-0.0006452551417353014,0.0015236534930420653,-0.012700262521501249,0.0064991929135775894,-0.015608675884558165,-0.02573490341744744,-0.013854406716632073,-0.002439297365572801,-0.010082012602306345,-0.009863195759570176,-0.026170804947398763,0.0307094569840487,-0.005924972910988258
2020-10-01,-0.017933598085730917,-0.0033210359913086185,0.045593733212994536,-0.010331096682900553,-0.004436970684038921,-0.01789708670959711,-0.00774852476428356,0.0264270931305588,0.02578867969196086,0.018371922911686767,0.017115005365778924,-0.003079030389304238,-0.0003515869077185263,0.002828696745542869,-0.024315089200873663,0.004288613557686949
2020-10-02,-0.01171984793805858,0.0007404338418244283,-0.004314327803190299,-0.005382310113766331,-0.0028015999981678696,0.044134327146272856,0.02819952481145327,-0.008238885828298459,-0.005003553623149193,-0.005305936036993919,-0.003205202043087163,0.002613416348141717,0.009144256698358832,0.003291179308087866,-0.009828001368626715,0.00017409551811331525
2020-10-05,0.01820184439758754,-0.012208642766278865,0.01826065655383724,0.03164957384542144,0.01672837342611677,0.013090005468790578,-0.005907226479274885,0.009518857270294667,0.012020049573590263,-0.004267414689364979,0.008306572512566834,0.004739229078255969,0.005111535104326936,0.007966341060903215,0.02286418413742708,0.00973915113252688
2020-10-06,0.0522753369477873,-0.008239715862151664,0.02993906820816905,0.05023047151313076,0.01959314421877556,0.02422617354746781,0.004668972914145364,-0.003257504008685075,-0.0032724874405661852,-0.002857096618486654,-0.005314803748737051,0.028301903569798226,-0.01907077570176008,-0.003719356985169009,0.023046396167368366,0.0048420510363724745
2020-10-07,-0.01338492595936902,0.0030211676467020165,-0.01578862989671992,0.002119013183328411,-0.014042894544607498,-0.0015770458532539111,0.010139365005772394,0.0027521642885108832,-0.0010941937640956967,-0.00393986704418825,0.010953760753499964,-0.018348573748377506,-0.011311432059876614,0.0055997067532500555,-0.011856424662283094,-0.002749478301304009
2020-10-08,0.014609935762953885,0.003011991549886961,0.0032982870464137726,0.018577369489993556,0.012493791425108425,0.003948376856983904,0.011710545659261884,-0.011149366547861028,-0.008642586105961247,0.0014382492111235656,-0.0013213693229799928,0.017990627341310184,0.016327032583266954,-0.0027843012599167993,0.011141741035521235,0.006132720484688603
2020-10-09,-0.013885269832765834,0.0026276637574143002,-0.0020919872953509833,-0.008896896252889919,-0.0007405517431500197,-0.014944824258306233,0.00454723442397964,0.009193348628509845,0.011542155499653761,0.014003527203777288,0.007673810857133256,0.017443237882928564,0.01207782791400902,0.010702655739504685,0.015426181220642654,0.007099052024955643
2020-10-12,0.005215126005687187,0.014601310941285028,-0.011829946296516902,0.003590688479980342,0.006544894449289185,-0.002927970483297293,-0.00658428288574231,0.01306331229071267,0.015416382428756092,0.017705359955266564,0.017594707147260857,-0.018723227034212697,0.0022014699373542612,0.016114185458887764,-0.009015108711787345,0.006565843459529042
2020-10-13,-0.037872871458838664,0.0007379748343865344,-0.035005227590309884,-0.04069767628952903,-0.021224345887055462,-0.026428174298609997,-0.010356138514913349,-0.0003395584530788698,-0.003586418996125662,-0.0010436960757027602,0.006193525453155546,-0.0197701967796019,0.011791942056493587,0.0067966345154766294,-0.01583568481764519,-0.00636238811812917
2020-10-14,0.009705991611108855,-0.005162312657016277,-0.02402637092788551,0.01165491176253286,-0.003133546621801764,0.012064746408263938,0.0004185889716488145,-0.015614379634563691,-0.010917923230281179,0.011145876329986981,-0.006155401815337802,0.009849926141841658,-0.004913134231645633,0.0036002853281440483,-0.0013691986040456072,-0.0012025416707581726
2020-10-15,-0.03230967867624712,-0.020014769681484967,-0.00579250184082758,-0.027188928593603445,-0.045140238101449404,-0.02682191821932589,-0.030962480777867674,-0.02293100169283857,-0.022319083895535052,-0.019290417929646253,-0.0038710154675954955,0.01672080915953278,-0.02778750980230149,-0.02690583769535393,-0.03273932163098958,-0.021094173026682372
2020-10-16,0.013245116441631843,0.019667145845143175,0.04126879706141806,0.01705360259996569,-0.00250196598750696,0.0077949732353097545,0.005181321242431869,0.04005665850929474,0.07344899568193042,0.02353361270780918,0.023316018490467938,0.036318014920008634,0.016062335291778806,0.0013825662402966454,0.008506403292515063,0.020349678753564637
2020-10-19,0.005991306682781028,0.0,0.021448610862662143,0.012265150589077178,-0.00805284682317653,0.016850958597776744,-0.0060135085212827954,-0.005768581192231892,-0.0006935832190886337,-0.009951922199287089,0.010379810809338696,0.009257236857815876,-0.006858029114690467,-0.00782328759252493,-0.008610182591846094,0.0013696203080117986
2020-10-20,0.0064969674456552,-0.025593470057357792,0.018563658211956602,0.015797545885322783,0.0035932523485906476,0.008693157379090044,0.010803679154787416,0.005119232113990346,-0.004857601515650289,0.007278925942707515,0.009521267694155844,0.017471015474390006,-0.009597270662923374,0.0,0.0007088671451591644,-0.0026990405321380972
2020-10-21,-0.015061923789501552,-0.00494862362171844,-0.04302364396271652,-0.01449495836746062,-0.009415073112027827,-0.03178036636285486,-0.02693461413873377,-0.018845483385035222,-0.005578998704031446,-0.013076381225676559,-0.006701212081854702,-0.023395536471722433,-0.014890107861818769,-0.01623377002445836,-0.016117440401034466,-0.015282068197993826
2020-10-22,0.0073730906473004065,-0.003442925042773437,0.006087974786123551,-0.0015320733731685188,-0.0176707703094805,-0.0011125824480235913,0.0030755244284317307,-0.006575643540627341,-0.0014023401722588202,-0.005230198816707832,0.01649165262163743,0.004615393740230012,-0.007437807854715928,0.021216491510903435,-0.005580690893503326,-0.0005295300521381829
2020-10-23,0.01870425367924544,0.023800343618950448,0.05554697862244784,0.02808046013846588,0.020169098396036533,0.014202128671965797,0.01357882379918407,-0.03152759534895666,0.0018726474509311863,0.0115670038213318,0.014012004772398612,0.05644285297663809,0.00241724668939014,0.017543707415214493,0.016654619037851592,0.012009006780247189
2020-10-26,-0.02155394253962084,-0.014998146926020306,-0.032044794698097845,-0.016417973441792966,-0.02177418040066359,-0.02992831740688806,-0.022039955883584872,-0.011870457890054253,-0.014602736890209966,-0.011434738161323788,0.001454345558878689,-0.03106236758712899,-0.0014466488546298617,-0.029491842012932867,-0.036502662179583756,-0.019048243237181905
2020-10-27,-0.044601724966220724,-0.012181120794587663,-0.028094081365517054,-0.047799763861198774,-0.030588461292181623,-0.02066249615259874,-0.015466186802831405,-0.006916499529799336,-0.0068761968258523876,0.006309306200749987,-0.000968207418375111,-0.025646519241017574,-0.021975546231523868,-0.001869954858262024,-0.03215696857294981,-0.01774456592818674
2020-10-28,-0.04355236991107625,-0.036223545511083755,-0.03484373641746252,-0.051792792023431566,-0.030004192119412743,-0.031213971029284693,-0.04488325647863389,-0.04398848238304487,-0.03987113643595064,-0.028909763269789446,-0.03295375254183219,-0.02719895901414149,-0.024197386898452633,-0.03419204553332511,-0.03494351520585559,-0.03372468826612296
2020-10-29,-0.008928678619662733,0.005197934345031019,-0.0043710521442590355,-0.014958020585508769,-0.009003933921462814,-0.008651274077360327,-0.005169220092157922,-0.0026839292343511234,0.004102968121226125,0.001076125801072969,0.01428210239321559,-0.012852387651785868,-0.010248050650849438,-0.006789445007123307,-0.005540003753694234,-0.0003172516309617457
2020-10-30,0.01831844190541876,-0.001591100199013873,0.017723570046047632,0.01876820283367331,0.011137311764059854,0.020463203178586298,0.0033066766632530165,-0.003267909104385125,-0.0037146769109600575,-0.005016365129450362,-0.013092936681656786,0.03380539083777867,-0.010993162548568414,0.017578045940562337,0.0274569327837475,0.0053768243483807154
2020-11-02,0.02948973141586486,0.028685203307601714,0.007988493380777673,0.042538901888998115,0.04028975542192903,0.03774696409344269,0.00047073387900842256,0.016393318896896325,0.008327124384940099,0.022326336722263918,0.0030038241652863285,0.011268263644119036,0.025979007185736425,0.03454895268393998,0.049186890696802044,0.021091605445167305
2020-11-03,0.043540469478586585,0.02246339287336596,0.05056273413478851,0.06120489920075278,0.03886878141869898,0.027848740144148953,-0.0009411850693298307,0.030929577980245204,0.0081351338876543,0.022190944925831735,0.010731241093274724,0.058990662127662796,0.028722651584029535,0.029684608044723726,0.024547644433527527,0.024401259230462102
2020-11-04,0.012352510498926161,0.02121194968172868,0.0347011893781235,0.002724752679720055,0.03888975650918369,0.018523888111902753,0.024493704628103963,0.0182221350457088,0.031421946716855054,0.03342509426248852,0.028888881499651964,0.012378838675531467,0.06306630927448209,0.009008935460391054,0.005224516571986415,0.024396536071479735
2020-11-05,0.023047683994325663,0.017062388377345306,0.026246588352160094,0.02294690644358033,0.016135244222603484,0.008143194423253064,0.02436772422061506,0.021511288901285175,0.03544336808662907,-0.0036678168261685684,0.014398949082243595,0.01752589359427925,-0.013132097731114234,0.014285718566669381,-0.014157936851143305,0.012419662493452499
2020-11-06,-0.014842362822424238,0.005835120726076282,-0.0053991417191399105,-0.019185455768761628,-0.000762213780198473,-0.009962291123895128,0.00807899228110176,0.004247137382042965,-0.0028621125034439254,-0.006024026874652644,-0.013011675789269872,-0.007210074503546715,-0.02743083879827113,-0.0030809129642087596,0.004544484993869391,-0.004636917504995508
2020-11-09,0.13666940649007864,0.03081946938432245,0.18571445712582468,0.17980742707952446,0.10361046864336854,0.1884687448082354,0.07301876324412904,0.06026428852838839,0.07657879539746437,0.04713789302491689,0.005033480836489357,0.13980233674807963,0.01932308233384661,0.04900655931941689,0.1507419492077542,0.07568011124538643
2020-11-10,0.047100604920844225,-0.007034796651742781,0.0592769785452103,0.07639342608238153,0.04066346621220318,0.007551483514338209,-0.004149486082322351,0.015456132734715133,0.010984248731370272,0.01414794724423385,-0.006677772198841803,0.050884946272736986,-0.0028258328079024952,0.0021043776988936003,0.03962930314821822,0.015488275318487066
2020-11-11,-0.010397802919925647,0.003896463634760927,-0.010464054275743262,-0.026303349702712087,0.007859166400207895,-0.03020660663335417,-0.0045831627363727145,0.020294769318253136,0.028269846087671135,0.011414154338447835,0.02232902356577826,-0.015578979479858868,0.030464090138420774,-0.002940012510241674,-0.01694176306041506,0.0048422015721498735
2020-11-12,-0.02421194697479845,-0.011644305815866618,-0.02747120607118081,-0.037600387806984936,-0.012850010289518154,-0.02107734128134009,-0.014650542722130067,-0.023580567808746844,-0.02985221038230257,-0.005329131953247468,-0.02184132803732497,-0.02651830234141417,-0.010885837619642125,-0.009266921713894205,-0.008924358175249725,-0.015176666705524422
2020-11-13,0.010065571670673457,-0.007497353185256128,0.011227933126388256,0.009356486609085168,0.020805611587656703,0.02559817175086243,-0.0012745104706347599,0.0004929586923805296,-0.006555870132735175,-0.00976991825941298,0.002400990142837678,-0.002636318477985511,-0.006024099629580282,-0.0012756531755945266,0.013662415380101711,0.0032802056864242868
2020-11-16,0.01900349945523483,-0.008273308163071591,0.051893485154531405,0.017161264250493913,0.02147127225726142,0.013062756536848408,0.002977556230756351,0.01658446513198042,0.01607220184538849,0.010502864384307031,0.009341263908772657,0.05947144049981756,-0.003146840265512596,0.0004258561022161267,0.04870592158193632,0.016973439742804963
2020-11-17,0.003183942311228538,0.0032644206388661168,0.0009998609379251455,0.008005066927102122,0.01643203106944302,0.004144568343863675,0.005937144528584071,0.0016151031616244982,-0.004818733926170493,-0.0028346644642144314,0.0002374745671662737,0.029521838194607852,-0.008301178991332314,0.003404184638472918,0.01168382702948989,0.0021054668156279543
2020-11-18,0.011561937017084745,0.003976832794128526,-0.0009988622146144266,0.005009216034449482,-0.0006298705221944312,0.00022935747589181155,-0.01854977392718804,0.005483104485618062,0.023473710795379965,-0.0063171729217316175,0.004982054425741955,-0.011712478880954724,0.014972826301404396,-0.004665042809507303,0.0038978275178218613,0.0051888008959510845
2020-11-19,-0.005826954627532577,0.0,-0.0074444872051341315,-0.007901781136663177,-0.005672407582075656,-0.00504362682089099,-0.019329855616980085,-0.018444126570012487,0.005142422447404371,-0.01207892282398404,0.001416463295600634,-0.01716384316622155,-0.005227138746279336,0.011930270829603407,-0.018981989084570938,-0.006675201219053073
2020-11-20,0.008566263767449733,0.004681250168391493,-0.0077241190299291995,0.0035536283113744016,-0.00697228985041487,-0.009677344730276705,0.010512430837945841,0.002777836772173803,0.00798111474641705,0.004182911740583384,0.010372578966885815,0.010395022745486093,0.002452199798756549,0.015157897949934718,0.011433557606993272,0.0038778627097999507
2020-11-23,0.04067951498876399,-0.020430005978767762,0.016922280915642407,0.013186734695491031,0.008829855990286628,0.0069798266734135694,0.009969675738797257,-0.006028998128264074,-0.00010141433628085839,-0.018583828812672842,-0.024964964124745026,0.006172781437415953,-0.020500918421912706,-0.006636321507417109,0.046956502895870056,-0.0006805511540362019
2020-11-24,0.05476810118590891,-0.0047567638438299475,0.037275427957369045,0.05410928070597376,0.03817358277796745,0.028188651569900136,0.012875581966306004,-0.009180373992155544,0.004771573624737346,-0.033953628882260944,-0.01005040470928864,0.005317031915436532,0.0014270858416236543,-0.012526169612370408,0.05661691573692074,0.012066316599073534
2020-11-25,0.00529413928453204,-0.0007352617561589003,-0.021390364819120267,0.00045729245110859296,0.009141724326041434,-0.008539365736698001,0.004237399129861652,-0.0006620314445281439,-0.0013134071649369972,0.028725915256325063,0.0,0.008950325005181226,0.00011879114771895516,0.0016914034810113776,-0.01021875125468985,0.0023154272919989616
2020-11-26,-0.004658580917914268,0.012509242173744495,-0.01857922652978128,-0.008913311895059728,-0.004126914484551714,-0.002719727183276288,0.01772139200952183,-0.0021521598535763076,0.003136324083123254,0.004599110425142827,-0.0016920218044573776,-0.016129051874115063,0.013654723098270427,-0.009286692295110699,-0.010853697452788857,-0.0008077123912861861
2020-11-27,0.003662990589549109,0.0036337811663251784,0.002227170460959549,0.010607715445419608,-0.0028298510199131766,-0.0002273245136706903,0.002902182525421182,0.0058072017371284534,0.00050420317688471,0.0114455144291159,-0.003147707559148616,0.008196796503331605,-0.0018741788896671219,0.0008521519876492079,0.008965800458400563,0.00563882174439545
2020-11-30,-0.019262075949064594,-0.0032586573254118623,-0.025222256769574125,-0.019623439543434817,-0.0010137152350850887,-0.028188005616042178,0.0033071115817686625,-0.0019797360059961022,-0.026411286625962482,-0.008082703354542198,-0.007286871489518565,-0.00569108933329876,-0.005867888177790603,-0.006811340102928276,-0.049734715648225514,-0.014224331585154348
2020-12-01,0.054889422955247236,-0.007991224446503575,0.019035716922932266,0.028860683431805922,0.005275951358248099,0.03064319528617121,0.03625866794637056,0.004793756323835829,0.03295902347326818,-0.001629820186780706,0.006116953380795653,0.004088312322815035,-0.007201074311522282,0.0012859702857281885,0.014096152296402265,0.011432411460282621
2020-12-02,0.016658542264295972,-0.008787972801970079,0.02147640705818543,0.016853213818145862,0.0076705414410600525,0.0031773531108052477,0.0023857757305807414,-0.004606388409631568,0.0022143496641509053,0.00032643184585468,0.0058366324616763166,0.0077361267709232795,-0.0007135685924580804,-0.01583911634736257,0.010459566052353653,0.0002453810838216608
2020-12-03,0.024096361102054153,-0.006649507851260172,0.04029802115135683,-0.001668434308205402,-0.005608876306195443,-0.004298769033463712,0.0015867540857450457,-0.00016525869568506657,0.000301362572146191,-0.004569197525843172,0.015231954730829056,0.002020204482125365,-0.012017863126432049,-0.014353998182592864,-0.006674006321154002,-0.0015493260278726106
2020-12-04,0.040000066026648406,0.0011156824982385682,0.013052537186543534,0.019275641578364366,0.007252069974999165,0.005226312717867998,0.004356340417754012,-0.005123866329703408,-0.011546144025428196,0.004262347711583958,-0.01595595126880789,0.003225861583039169,0.006864860446602172,0.0057369086826120075,0.033593803561085434,0.0062410823692358175
2020-12-07,-0.028959349617239116,0.01188715049270117,-0.010702449220655441,-0.02700024953529212,-0.012099923239732968,-0.01830934443119714,0.005914880915006915,-0.020767275577390887,0.0029457036517552826,-0.00750889727784787,0.0065343216786515335,-0.017283029312591958,-0.009329982318205587,0.003949101645830844,-0.014061801333393076,-0.006377083899345215
2020-12-08,-0.026561038745028465,-0.008076447574578816,-0.005041485257193057,-0.004943368165582052,-0.0052637331620065675,-0.010821874186677127,-0.0015680268850386536,-0.007635263477322796,0.0015189392271215407,0.0026314282967652147,-0.002404530746831557,-0.0020449922977605617,-0.005312849599737435,0.006118882914039281,-0.005651606678481302,-0.0022804763365755765
2020-12-09,0.0014360440542664499,-0.0018504745330367722,-0.012034109929808579,0.005870908856051571,0.012720032029022166,-0.0048881746791432645,0.013741715865373427,-0.018122698536997772,0.007179810067020398,-0.009186150383541092,0.000482003465138936,-0.01639339782780236,-0.010439480636261544,-0.005212787005086983,-0.0014884111639520414,-0.002490724652036147
2020-12-10,-0.009082104867808583,0.008527993622674312,0.0013889921836311991,-0.024357253037576743,0.0050742827961436365,0.003040966493687458,-0.004647536376339634,-0.0017411550552146604,0.006024031539264341,-0.0009933477449940442,-0.0026498577396006917,-0.01291672173150027,0.003312171383058171,0.001746651993861592,0.020870111064676955,0.0005102163428210016
2020-12-11,-0.006271089986831568,-0.0036763831247539347,-0.01632526119503963,-0.007938270999402364,-0.01734547636339212,-0.013759712610605712,-0.002334651544708799,0.00034885058182299034,-0.001197538808192844,0.00265148868431897,0.008454055489168555,0.01477418472907388,-0.039980512891511166,-0.0004358467651141007,-0.017124616326270825,-0.007586081716338566
2020-12-14,0.017961017917699884,0.005166047695559728,-0.0015186022689099854,0.024005687080878912,0.0010174006354832787,0.004492920779697318,0.010530384198751408,-0.016390625138030912,0.017585981465432,0.0006612820448248513,0.011496963826189477,-0.007487450754401048,-0.008532860645157347,0.013083299863348774,-0.011345316643664893,0.003684040958691126
2020-12-15,0.018121301478217777,-0.01835536695961182,-0.007387105828819296,0.024575286126584883,0.012806101437667694,0.0058850212190095785,-0.0027016185457638953,0.00992730751909221,-0.003927752681640695,-0.0006608450398655208,0.010655988077624023,-0.007963154020820706,-0.020809045057802678,-0.00043055016364534904,-0.0010928125788399745,0.0004468680196194619
2020-12-16,-0.01826706677162171,0.00860126957186047,-0.007223646246662829,-0.02343340556196649,0.015303675265799788,-0.007020774631534832,0.0061919408743496,-0.023521177621578904,-0.004337518878543389,0.022809888576363235,0.00984060100035511,-0.005492244408732749,0.018496603384608568,-0.003445306766870826,-0.002051473709506202,0.0031408939107324674
2020-12-17,0.0009542323266198416,0.00037076603186325663,-0.003637920142326445,-0.002942733694969779,-0.004447752620235335,0.004477984676936053,-0.0073076933405845645,0.02840188372791208,-0.00415841702969022,-0.01519059294190439,0.0,-0.008071270110148743,0.004636745741507298,0.006482283643585163,-0.002740896986350272,0.00032081610688727835
2020-12-18,-0.018112461307840944,-0.0037064360539722507,-0.015268859173447225,-0.01089795682071093,-0.012956082653840517,-0.015250882474629468,0.00581168782752961,-0.024646105882168978,-0.00666145427770648,0.0022973448306184974,-0.002552176369031045,-0.014561139845436832,0.012948474281002431,0.0077285690744688385,-0.010855792702164191,-0.003895895697902718
2020-12-21,-0.03378644651695628,-0.01674101173233966,-0.027640252230978657,-0.042465354312956616,-0.0371152405615891,-0.04693853530646763,-0.02619412128639398,-0.022042829198974823,-0.018716874447532672,-0.03208910788254593,-0.007908899124411617,-0.01086471718571913,-0.022908348368192666,-0.01406043629495346,-0.037232761701146866,-0.024331385098298575
2020-12-22,0.01989549891643727,0.007188789836675369,0.016177288661896938,0.018458556637974244,0.007207780395634522,0.01524994211097841,0.015822793977020577,0.020524075595443003,0.004284035398191666,0.0209742560601911,0.0035171178984410023,0.013181034409403214,0.02279779686507344,0.009939501586830657,0.006926641425878843,0.013631631171257874
2020-12-23,0.03054177985655815,0.010518475528650706,0.045599302265038055,0.03177599403703524,0.01628280510731739,0.02093082019718695,0.006879163486504858,-0.005027796019435149,0.0077189633966738835,0.006295553628568484,-0.005140130588923708,0.03295730531996921,-0.008231874775187942,-0.001711596554948791,0.02794482672470444,0.011108750176065385
2020-12-24,0.005736274496653371,0.0,0.0009789280846002058,-0.0009124984526489577,0.002755483681289528,-0.006753445903650013,0.004293582822928688,-0.0025265066598330055,0.0007054583522851932,-0.00460981907898117,-0.00023479469056764124,-0.003778235887129666,0.00038310446393263753,0.0025718686411349,0.0006970511484010178,-0.0010094956902978458
2020-12-28,-0.006653961271239295,0.014126372086977979,-0.0006519804810632968,-0.003767432337875243,0.0038674072878006616,0.017969864946721703,-0.0027205392416619345,0.033833927918602624,0.015207802203668797,0.022494228691017026,0.020906756858643183,0.010956581608617899,0.004084843120829129,0.031209853740445714,-0.0009752657161414824,0.012019195909550806
2020-12-29,0.00047831799627662264,-0.004032228473921151,0.011850261287814412,0.0003436709837356666,0.0004053729333304279,-0.008587608153285853,0.006625085152187626,0.010675443264113627,0.017460435641816652,0.010029207281615271,0.01541625034242311,0.004585223026470908,0.007119187021580764,0.00041459381355624103,-0.0023704871831764507,0.004189077468051083
2020-12-30,-0.008608224625887506,-0.004048627591309972,-0.019554988705439924,-0.007790187530308912,-0.003040073998589299,-0.0012032405949263802,-0.002322872253066488,0.018181699377882055,0.0005850236035274126,0.003203049281038872,0.0015864166579415695,-0.012448148359174627,-0.0045443274065671835,0.0016576184414798245,-0.005032319230724225,-0.0022060488233390796
2020-12-31,-0.004341586313546086,-0.007760563632885464,-0.016109626533493904,-0.004618269515053508,-0.008335144105232284,-0.019995198953853377,-0.010089259376032444,0.010884495544923656,-0.004287772861665262,-0.0076630256496226234,-0.004977465604279252,-0.025630124502478036,-0.0020288949536985124,-0.02110040632100585,-0.008148718849087633,-0.008572331488598484
2021-01-04,-0.009689926432830398,0.016387292879677773,0.0012251703169214867,-0.002204010950633384,-0.0037924445155820274,0.016716050652999526,0.009407976237661542,-0.023048523324562642,0.0023488624854119955,0.002895983878589803,0.005457078735371601,0.0017247738476202645,0.003812059669897172,0.029163008899005805,-0.0015873477211504339,0.006764011959236038
2021-01-05,0.0034246761055136687,-0.01062658001753014,-0.0006674822007058934,-0.002092566404870655,-0.0004116191058678442,-0.016924659639484085,-0.010485368511823578,-0.01584299555901536,-0.011521083397312282,-0.010266536375538426,-0.016282381965728177,0.0021525285017489626,-0.0001266253290669317,-0.009445519553195836,0.02631186016533449,-0.004358568222264325
2021-01-06,0.040468028970342296,0.0022222741491815245,0.0037849255077411215,0.05521902439030524,0.0427174477569654,0.03836687925439186,0.008634281296099111,0.006474185152671508,-0.007704466834516532,0.000972524920352269,-0.0022988792116174217,-0.0008591211161660395,-0.0060769023804575495,0.02777778550826593,0.0439499526200291,0.011860690587235379
2021-01-07,0.007497660186415844,0.0077604889042994785,-0.006099541019613963,0.022521650323049425,0.006169875275318981,0.0016579134048941846,0.0011672782325655717,0.0038248633307029767,0.02588086669138323,-0.003885894799478873,0.008525555499816928,-0.004299299199556961,-0.010062225259988344,0.0205728171882118,0.010929679164020323,0.0069708378004571525
2021-01-08,-0.0074418636218257506,0.005867217416729131,0.005355944848243643,-0.022133505582261348,-0.0009811165317883397,0.012769213004347302,0.017489349478754024,0.01541386060199268,0.019406156729594226,-0.004226319624028196,0.013708040982153502,0.004749546468451271,0.013767327882384217,0.010671939590346735,0.0006673944808353038,0.006530998971481905
2021-01-11,-0.01358942690264564,-0.0069266388749885666,-0.003551607683951241,-0.006735075242720434,-0.005647023467222123,-0.037123384518672586,-0.011841176521014463,-0.005457967878643943,-0.005520487935730234,-0.003917718163139572,0.0009015066253330595,0.001289201501416981,0.005711321674856995,-0.008212685842551082,-0.015206029055673254,-0.007788793166143226
2021-01-12,0.012826691131341939,-0.01615282091437331,0.0020048999402559886,0.008003550361454836,-0.00296290873222238,0.0072743182869714484,-0.006571241127317884,-0.01303370697645323,-0.012634063358660352,-0.01507707669807612,-0.0040533785940514155,-0.0017166312929975946,-0.0006309744883569168,-0.007886436896825333,0.0036570666172039967,-0.0020238591173300513
2021-01-13,-0.005159689911869436,0.009701593949166698,-0.009448593253923332,-0.006947516763106232,-0.006191266293743669,0.011314250440837004,0.0011672782325655717,-0.008166892182367214,-0.0071734325880343786,0.0033278701117707143,0.0031655149815721373,-0.015477340621883773,-0.0020204401389725124,0.0031795841762078947,0.010391329506678204,0.0020703890812443504
2021-01-14,-0.01744452728041279,-0.007021497919556086,0.046459314993080536,0.0023319409327129392,-0.0009966996289733077,0.02975487209522809,-0.016712005708259592,-0.0021023934022088575,-0.008006143537504173,-0.011608749074543345,0.010818079503995826,0.021397434340375998,0.024547639169126168,-0.01347075152760746,0.009749910196001021,0.003261750216518644
2021-01-15,-0.023512334022949832,-0.014514291304806082,-0.007506521041008685,-0.015399892893706024,-0.006435501423446066,-0.020804277333705268,-0.019367576911589857,-0.013693734609891428,-0.0276575318663409,0.001342315453387366,-0.017837240090291084,-0.01881143963678167,0.006915968695464958,-0.0012046848931841492,-0.018650624787981296,-0.012224693220226124
2021-01-18,0.010319188910607124,0.003776345010289006,-0.014694930715246413,0.008326698697117774,-0.009138551054157729,-0.0007083766146697146,0.008061214711058806,0.006585781210487918,0.011539633406493888,-0.0050267701562963785,0.0074912588271560665,-0.009150379059266744,0.0012266177768012199,-0.012866910525822117,-0.003100152493418884,0.000994366792047341
2021-01-19,-0.022373449180028482,-0.004138420137932641,0.0012063177197203512,-0.015511658721466648,-0.004256522536185359,0.0021261908879346425,-0.015593742396970312,-0.02682032486152075,-0.017211943103327743,0.0006736442839663237,-0.0283908870858961,-0.00395774661849102,0.019600587672543357,-0.0008146641181810965,0.004597260131732117,-0.003321926164332245
2021-01-20,0.015422839140131206,-0.010200083407238214,0.012157761801576239,0.0070279578622267636,0.0033588283935837016,-0.014851647424243608,0.011372850939801005,0.01606130008795703,0.03390700959087978,-0.011780562569110975,0.006725187444680758,0.014569609852002952,-0.010573023113876201,0.004484305853069692,0.005249045526227958,0.005328122311333283
2021-01-21,-0.014208710133857716,0.001144910435495028,-0.033005114689045656,-0.0018010835902029232,-0.010042492656654245,-0.024647026286130913,-0.015261036610630163,-0.011675961634412202,-0.00019707604728536054,0.00340607949681071,0.008523517525003799,-0.025674625008764496,-0.011293377645084424,0.015827857205757967,-0.023296705409521667,-0.006689225209062677
2021-01-22,-0.013717692603100073,0.006862454713503441,-0.005931109124758249,-0.02830387432054504,-0.01567798780024643,-0.013002671354064299,-0.0008155661020419203,-0.011268599574848714,0.007683217145965315,0.005770512560439256,0.0,-0.01250558427445625,0.0004915611903477668,0.0015980827298116562,-0.006990616912153413,-0.005584222377448711
2021-01-25,-0.04253170173967069,-0.004922467066467817,-0.044579515160910854,-0.0430545592643683,-0.023006405933061136,-0.021625715799505563,-0.01591848288743991,-0.02022063689842779,-0.018768398428178124,0.009112446573382282,-0.00685238207468053,-0.039800958590047064,0.0004908631659292784,-0.005185548980538357,-0.024020160547160718,-0.015686458430217654
2021-01-26,0.01831570023711815,0.02701678481554981,0.004948742957558094,0.018433348311441833,0.00458183461331263,-0.00940045252323285,0.001244397673382247,0.023827311220276703,0.012153863759621464,0.009364451456810308,0.00045979551009489583,0.017428128979385615,-0.005276157864724018,0.007217391286794772,0.017821768188225562,0.009348828938184006
2021-01-27,-0.025428873245922357,0.011485753917523711,-0.010903921139042039,-0.03488941243784993,-0.009652074819999634,-0.01461920045629772,-0.01946977233107361,-0.007513261274274319,-0.0031497164337592753,-0.013916412525609045,-0.018160836188197638,-0.0189814757993626,-0.024669948867934166,-0.019904530722284486,-0.004307835359549039,-0.01156869208725575
2021-01-28,0.015061457066666062,-0.000732568444966053,0.009364573881181393,0.0167798348217012,0.006533112251559947,0.023945737790315835,-0.0038023748856335082,0.026403348034937046,0.020932187353251752,-0.0006721700312131151,0.00866291347822079,0.003303464112435206,0.00025290892292306744,0.0056865720545078435,-0.00027928658616149793,0.00932297508823221
2021-01-29,-0.019853607555328612,-0.010263995810402049,-0.02290089978877441,-0.03458315974511894,-0.02638871440872337,-0.026690068570806247,-0.007633418441701734,-0.025724144494936207,-0.036170265795654855,-0.024545960728450278,-0.02205182610823675,-0.020696198202756255,-0.024529018927403556,-0.02302107407234477,-0.025687452308807535,-0.020199556157899368
2021-02-01,0.01449884849107197,0.008148238687462062,-0.0010815805168777892,0.010055213084766423,0.00841549561502819,0.017497840775804185,0.02991444609180749,0.0025850159251317173,0.018864322558292734,0.022061453510536122,0.013766899438343305,-0.011046992779596754,0.013739444498269249,0.02025630987892546,-0.009743451228357625,0.01157025107297427
2021-02-02,0.02942406534313613,-0.0018368778751826076,0.06593658063422558,0.03546538560152879,0.019616136974974108,0.02874745264250067,0.02116171613834128,0.011418081434836136,0.033877995564116636,0.006407865435822613,0.035823030082813956,0.047595962175249085,0.004986726352217641,0.020259392792779884,0.009115743311280733,0.018571151044282974
2021-02-03,0.0077584010314744045,0.0047846266767628265,0.013771395362655925,0.0070905772111193865,0.0091413356303367,-0.0014969943683657005,-0.012596451016727017,-0.010924984928631032,-0.0007619656582611434,-0.008377950260493927,0.0065552200736935795,0.009272074413867237,-0.011068682606768188,-0.0031771919828902373,0.007742933185792111,-1.0795866920876307e-05
2021-02-04,0.008306330611102641,-0.0010989267390815183,0.036632922693748515,0.013961722355544381,0.00874215970471326,0.01574206545368373,0.0353909393578824,-0.002025201770932461,0.0011438835210562104,0.007435018493221479,-0.0006738986016981974,0.03720718223724928,0.014151460177033393,-0.002390372028348353,-0.005833652292172697,0.008177211416778851
2021-02-05,0.018183618561659953,-0.0007333743696706918,0.0034371628043246005,0.026127093560267323,0.0026106303488813154,0.05781053817015014,0.023449850428767904,0.012728483634893761,0.006855966555778137,0.025159251454825338,0.011910087893586718,-0.006200212766735325,0.014968824384026691,-0.004792400250031248,0.0038644121110229523,0.009043302928970043
2021-02-08,0.008386694724298094,0.004036593520538645,0.004816909031348349,0.01204247388244184,0.0023951808992417334,0.010000087695066773,0.01747583262335861,-0.0036432838596505146,-0.001513103878870048,0.008507850590363075,-0.0004441111692071731,0.0004457465409191119,0.009498791968113096,0.0012039199925870658,0.003136658895985578,0.0047303040750761305
2021-02-09,-0.008316943061799531,0.005117029677870422,-0.01491405997516626,-0.004533081477126166,0.0022857481500622168,-0.011052290783791996,0.01679394170434234,0.015539621232861345,0.017238096241259493,0.014925319068395115,0.01710755100749828,-0.005345302481513325,-0.0023523534757268205,-0.012825721150450664,-0.017481570110486788,0.0009690863598068589
2021-02-10,0.008386694724298094,-0.020000001470658613,-0.008435343095621772,0.027663806517758127,0.00031101842186553874,-0.003958005305801371,-0.008633676907683907,-0.008100905955636839,-0.013966545915226614,-0.004795463740302153,-0.010048192663071887,-0.007165228869665974,-0.013899115519221406,-0.0008119499519420037,0.005207628904263517,-0.0036440461162803306
2021-02-11,0.0494128503984701,0.001484239716757152,-0.005125920494857161,0.012407507443523924,-0.0014508348957078532,0.012856429503887767,0.0011357696452656274,-0.005626087794797785,0.003777044636285476,-0.007388187254467216,0.013901220066721676,-0.012629752223170532,-0.020765209919564653,0.01584721982045001,-0.003022463884226001,-0.00017281168485971943
2021-02-12,0.013986053324109404,-0.000370566195327382,0.010852741446284675,0.017178908611810595,-0.008094643669692592,-0.01153925942702827,0.03555241528136399,0.0,-0.0041391467990085085,0.030096932519379394,0.005875912637964165,-0.005025103034083767,0.00449811386762522,0.03199993931866518,0.009671360592665934,0.005970224576036465
2021-02-15,0.02022995837505448,-0.004818321900059042,0.01583350889445545,0.023020757635164646,0.023749704970104535,0.004903011691246739,-0.001460935731030566,0.033035059332066075,0.01246936616409089,-0.01036747605426458,0.006490776637199991,0.018365495934570708,0.0048619301059633635,-0.0019379850003407029,0.04474627103250728,0.014478411138113767
2021-02-16,0.005407780106456039,-0.008193684096367448,0.0013878948016046166,0.0012619232395665314,-0.001839398578372009,0.0004645708846788832,0.024140368124150102,-0.0012367885976498627,0.00727754123226565,-0.004444450930597088,0.007093644544431843,-0.01397654403232973,-0.006366217922995077,0.006213659023041496,-0.003968277135356191,4.835345106934952e-05
2021-02-17,0.002689346657872127,0.0030041502409234866,0.0010660976084393425,0.0008401462978984142,0.00870266921491436,-0.010218221747431255,-0.021785689232609484,-0.07146634481665426,-0.008892430849019806,0.010841792795103888,-0.007043679187987317,0.015089094534561198,0.009482207340073767,-0.0192975722559523,0.015661364390965993,-0.003575535281840958
2021-02-18,-0.0134107300768187,-0.004118277704875495,-0.027795470567188674,-0.012067361406437493,-0.013398232024862344,-0.002580762036487272,0.0036510369411897337,0.015050453473226089,-0.001869076750022125,-0.0006308269924344412,0.004514049714373858,-0.029279173951439752,-0.006854386273809188,-0.01062580604598573,-0.010550562087172088,-0.0065055163933592786
2021-02-19,0.026279805223640373,-0.0063909997354472114,0.00525787538072886,0.026553644596082115,0.021399149487346447,0.0,-0.007275449340713225,-0.009008894902058584,0.014606809390368847,-0.0022097027499444755,0.03102928975024799,0.03990713648154198,-0.01572080053128888,0.023070876412012886,0.010252937369430448,0.007894050438046918
2021-02-22,0.011479190138864448,-0.007945472341647886,0.04391406994270319,0.020175738838484225,0.0037267411078889534,0.0061160485788873675,0.0036643537991654096,-0.010795543036310473,0.0020303520360520633,-0.016450381937104352,-0.013075967617078077,0.02454264515435267,-0.009219820440942605,-0.021772943608621587,0.014073126976661632,-0.0010582507275315178
2021-02-23,-0.008293279190040637,-0.005720879919903332,0.032881207685378167,0.0030424389251786366,0.007777309295803336,0.02431625111888991,-0.0036509753338302975,0.0011487921232382625,-0.006447065343325509,0.002573238655950716,-0.008201913591027843,0.0335365703995707,0.004194058390879718,-0.016693233790713857,0.022417983765188776,0.0021499837830520896
2021-02-24,0.026408398734621974,-0.008055191273657836,0.03809990365369642,0.014560261951356068,0.01095341751334078,0.0031954845758692674,0.0036643537991654096,0.006502130433770237,-0.01223576113367586,-0.014437053414727341,-0.005725221201573705,0.019806190043146765,0.0001306193072081463,-0.0008084754875035127,0.017358330459167792,0.0031385189225210386
2021-02-25,0.012006926286073805,-0.019334965758635914,-0.03689644298917938,0.0027905760001427637,0.04161536815067146,0.0002275831410440965,-0.014968924939872896,0.0019000797824650917,-0.003378317151982335,-0.000976640265562323,-0.0025589667742556,-0.03842978432263899,-0.012788768667689632,0.010517870808490981,0.01231541396825131,-0.0024301297688960055
2021-02-26,-0.015678016283177776,-0.016561502876309087,-0.030526539387712548,-0.020572394581334197,-0.016548393137650996,-0.02138312259876407,0.0007411412975564247,-0.004551464019955875,-0.011299438570903209,-0.013359359736780152,-0.013042790606541677,-0.02664372509241275,0.0019826299593168617,-0.01641320209399999,-0.02737282407510888,-0.013947346849289333
2021-03-01,0.014205759094789716,0.021651984416590775,0.049734058672267656,-0.002841261917627791,0.02427873434028771,0.025104516781632613,0.01148149481422811,0.04248423339316476,0.023047732058897097,0.009577354941862293,0.006065975322239625,0.03532006029664436,0.008179689597021866,0.013431018017713958,0.011987121955214342,0.015705131635216807
2021-03-02,0.016553561817159057,-0.0039246326410679044,-0.015693361774708814,0.026762962501670762,0.01337718346141048,-0.0027210674947228952,-0.0018307117167527531,0.019554099155175253,0.004095927691573298,0.01046760950914205,-0.0018333240354145852,-0.000852893043123637,-0.0010470808014992894,0.01244987078701465,0.002059979424991809,0.0029243147588673413
2021-03-03,0.02463467847640244,-0.005516150434034417,0.013723590913282901,0.02517347108615553,0.02339041191259783,-0.0015915666900203629,-0.014306719116754518,-0.006990446690884,0.008344091003188225,-0.004208321312544672,0.0025930044148239073,0.012377268678102071,-0.012968207936562282,-0.004760017134144534,0.01015023494892886,0.0034993154920015535
2021-03-04,-0.013040053250190753,0.009904957085276056,-0.0015925902625095745,-0.0013533159423015917,-0.004299628797395871,0.011842312753721496,-0.0026050535476601633,-0.01335761030784366,-0.01820522993953011,0.010402952691288547,-0.01982764175724494,0.026559885125026828,0.018579928542010737,-0.015942610881440444,0.03179835772745432,0.00010117284283039929
2021-03-05,0.008670393655684006,0.0,-0.048654096593829355,-0.0011618555711133682,0.0,-0.02633351499597336,-0.004477659022062652,-0.013903998010368901,-0.02004104824572084,-0.0064349562612511235,-0.021547932012164983,-0.02176599287307779,0.008208597659945305,-0.007290402954114872,0.010232001523453826,-0.008232358451277566
2021-03-08,0.02865345475400627,0.026677062243596117,0.05344789119298299,0.032176691987689576,0.025681782375049478,0.02288475954707514,0.028110941019291014,0.026901669998281807,0.02236220009423784,0.0,0.010786610227309756,0.05415633604753434,0.012793970725280435,0.019583780225332914,-0.0013423773278353757,0.020810585815073335
2021-03-09,-0.015121291254224012,-0.002292677857164138,-0.002586466140532373,-0.012394274102575542,0.007977094760238446,0.01062165433547202,0.0,0.016440852455220867,0.010843381218703652,0.007448319481290877,0.01067142973658175,-0.018717676790825366,0.01378072691175447,0.0024010283425430767,-0.0062316297918937336,0.0037235332595932924
2021-03-10,0.004848429739378934,0.02910757805706421,-0.01266710079758493,0.0032326055814830834,0.00043954544381374916,-0.00044722370313032833,0.004739309670086511,0.026306539410221763,0.022748170763999376,0.023786521769647795,0.017597921247533233,-0.017451242302471526,0.018124689325141663,0.009980042594466942,0.015861236460058548,0.011068340846584146
2021-03-11,-0.01930048206354429,-0.005582489200620211,0.0014141996091421305,-0.008149985342525645,-0.0021972133025632834,-0.0002237646257652326,0.025399122685636932,0.016972572516561035,0.020795706854375373,0.008163159264288788,0.031344437270643066,-0.0033044758875419022,-0.00877734977135447,0.015019766830858483,0.010409288033944364,0.007213020898964695
2021-03-12,0.010250265857785656,-0.004490896174485504,0.00877639291408916,0.014332101702986932,0.010129845116292113,0.019691264381175966,-0.0109695800632994,0.015667548782556828,-0.0019488242526223276,0.004671507587390655,0.0,-0.0016576500381502157,-0.0032426475754814277,-0.014797511656106765,0.010780720466079474,0.0021197461548545515
2021-03-15,-0.012987017424100356,0.0033833854836602395,0.0,-0.02354949430045916,-0.007848291459571999,0.0006584778610867481,-0.002504513939011188,0.011401740275444272,-0.009229602526409586,-0.0034098295512727805,0.009222353136943306,0.012453248670844408,0.021396229242056197,-0.007509817086007953,-0.02133190392617934,-0.0017496903499494287
2021-03-16,-0.0037008178283558513,0.01536164007811025,0.01779990943870713,-0.012347970950360554,-0.00637202020094807,0.0037277820807832818,-0.017933861023062825,-0.0008289223905120213,0.003762213235031009,0.005909792199764841,0.012461034336057386,0.0258302765555658,0.013475468088014253,0.011947433697657495,-0.012714805667039308,0.003223998834461339
2021-03-17,0.0045398434379400054,0.0,-0.007663503920933734,0.009572030698559164,-0.007297791105374651,-0.0002184305543254661,-0.017165948617217097,0.0026547060603898665,0.014099633033018533,0.008039678741821099,0.006974463433989664,-0.011990485423587938,-0.010999671862919613,-0.005509642964886319,-0.0038023716353363657,-0.00010079408807994739
2021-03-18,0.021774967750801677,0.008856071104061947,0.0009900986022937097,0.023413468074926058,0.014034349458941886,-0.005244817733390361,-0.00668900305749498,0.0034752059151030856,-0.0033438156463053703,-0.012269941740011614,-0.004481581264429102,-0.0004044413543017322,0.005499931426976801,0.01028874932844781,-0.0043092579989175706,0.0013163421992954394
2021-03-19,-0.0257339384740507,-0.006949587972863935,-0.037190967058420954,-0.03289845839142458,0.003514949202233275,-0.02570284251800381,-0.015712566183167298,-0.02110840736138886,-0.01571613242195935,-0.004968965761279587,-0.030898316669114245,-0.03480373863236963,0.01738182969590274,-0.012534211791481287,-0.005070050243057178,-0.01069310955967473
2021-03-22,-0.00577787727343948,0.010313068428705385,-0.002773738953463112,-0.00860233091674667,-0.015980784090897537,-0.01871488839427582,-0.014443169771493292,-0.028638809475003413,-0.0014353150094715827,0.001248265571882401,-0.00971283152950242,-0.018867947133565988,-0.011230518700481418,0.009123299607558755,-0.012428510762484413,-0.004915001210535341
2021-03-23,-0.010377681682524065,0.01020786846360111,-0.019161422508916504,-0.0069018837444169145,-0.0017797607771957713,-0.010569879968663987,0.01619746301785363,-0.001387375982571326,-0.0043117753737194064,0.002805710174468734,0.002558657457702118,-0.012820596315829658,-0.003504289173560715,-0.0070754740317595655,-0.007299314044942662,-0.0038837653568588593
2021-03-24,0.012164301405455547,-0.017683097209637122,0.007982351657222386,0.015091318928551756,0.003565753420735396,0.02090123651801945,0.014041749789183822,-0.007988630873661418,-0.0014437828299730393,-0.010879614744317978,-0.002126818252933038,0.009956846654954221,-0.006911476398903216,-0.01068883965504841,0.015846840697576692,0.0003347576136414343
2021-03-25,-0.0016576301749628986,0.00698015078355918,0.005418357791330708,-0.005672837215636273,-0.0006661105284719859,-0.004549662150244216,0.01571844446396553,-0.009453941692004642,0.003975466592669452,0.01414183170991179,0.002983850813190525,-0.0008573479791049721,0.015018316140986476,-0.0008003203967676953,-0.016749070296928403,0.0008609160060919496
2021-03-26,0.015774215939881486,-0.0025538473592058297,0.01233292254618168,0.016525518561096186,0.0013333374443429413,-0.0031992439267037875,0.0014738550670427841,-0.0015904903554927463,-0.0012598198317407272,0.0027889868750028413,0.0021249425109790554,-0.010724887960493867,0.005292926012436583,0.0020024707623542692,0.010711122939349504,0.006115153591277789
2021-03-29,-0.006947328079088266,0.014996346954555317,-0.002866416511117631,-0.01935339133192082,0.005548061052506492,0.00733602728749716,0.011037676155321696,0.016285792085176665,0.0,0.009270733045749768,0.00021205724649631108,-0.00043369313801078224,0.010889108266324277,0.009592261640866573,0.014938387238306206,0.00445826579404307
2021-03-30,0.02716047671920374,0.002162212580649303,0.0030799951777422674,0.03848412554716529,0.0218494373219551,0.005917221334651002,0.004366735268984678,0.028392341554437595,0.03351950446584495,0.003674210301160663,0.004239974292492121,0.011279743252456953,-0.007339200570664062,0.015439435057292172,0.01270634844251095,0.012057211485544617
2021-03-31,-0.010817214184820734,0.0017977623515812446,-0.011873075806724809,-0.014062975770100627,-0.011447010089178034,-0.011764720937799233,0.0061593478760477716,-0.0030489112579934474,-0.009415987241140455,-0.00305061655430805,-0.0035887889221070113,-0.004290009665699479,0.004650749767246332,0.015594612435990474,-0.011801255226268959,-0.003418186881200991
2021-04-01,0.007533368710225918,0.002010034421648932,0.04019057726200659,0.005204235370285026,0.005243513561639546,0.02930401744553457,-0.00295290380926172,0.018348940491705212,0.006337267394399992,-0.009026926646977018,0.013347538985399643,0.031107410773722366,-0.0005934530148637984,0.008829112519455506,-0.016970613162562653,0.00588901040240275
2021-04-06,0.00032160652102053433,0.005158539953693753,0.0027882880308991442,-0.0038350307604443357,0.008693902072224757,-0.006672546097653442,-0.002889125555926353,-0.005672684458580934,0.008920647541353022,0.022541303992068773,0.008153780758892504,0.0,0.0017815266452234635,0.009741289521167928,-0.007160856132871873,0.004650183352692405
2021-04-07,0.004661626138215302,-0.004134032146793087,-0.0015887946169765854,0.006544755111599798,0.010127159171411382,-0.0020152631858362247,-0.012460104104762615,-0.005033384694401621,0.0006934044948452289,-0.0013588602866735355,-0.013479723884906147,-0.001504274393234084,-0.0027267795543115536,-0.0054265538584632456,0.0024472737087466445,-0.00011085464471405349
2021-04-08,0.0020800176539408355,0.004580604646470698,0.0025859514120043503,-0.0055460091294792235,0.0,0.01750063639543087,0.00014656041944016707,0.020235977887485213,0.015419347670761141,0.026912633605984837,0.03069142431107963,0.010378309906929895,0.007013744339503081,0.016974832245383986,-0.016831814342912255,0.005718806409128252
2021-04-09,0.0004789646477940668,0.0034196267065988994,0.002976189248511174,-0.010384659131949636,0.002559625203610194,-0.004961502234988591,0.005574296821930558,0.011405257374946354,0.003753550909607828,-0.003386396843011452,0.009177970624486997,-0.013253904497879998,0.004131722568443852,0.009388924013276956,-0.010846901629479544,0.0005984607276481313
2021-04-12,-0.000319194219886465,-0.002982047912196917,-0.011869431320163715,-0.0007773954013595707,0.007659708089866157,0.004653546833117694,0.01487974630767952,0.007353888368474726,0.00237981450034197,-0.00398875042955249,-0.004244079160529046,-0.011249113120276322,-0.004349820528096959,-0.014764448575016353,-0.004624322633550282,-0.0012529529198053169
2021-04-13,-0.0007982963406377719,0.007691233173604983,-0.015015008765518645,0.0042786338555509396,0.0010557464507170433,0.0023163077401671117,-0.011355558459426818,0.01687229621309272,0.008648467600176346,0.008751111056995775,0.013192716025535178,-0.011207270860428498,-0.007320892536345158,0.0020981079871760233,0.005442272979668816,0.0036386052562615845
2021-04-14,0.0063908005111474875,-0.010600739537292236,0.018496011655928735,0.006584043984335652,-0.004007605497445388,-0.0031910222339417427,0.004652503298858246,0.009731932325776516,0.02858100578924261,-0.0026466871991166485,0.006610601664404969,0.008243013857308634,-0.000832591034579222,-0.006879045037022413,0.011088893616270967,0.003958535612647696
2021-04-15,-0.011906574353999777,0.006857129651228533,0.026142390536715743,-0.004232434105900462,-0.008471121508101476,-0.008499898380847304,0.011866985682095654,-0.004582181146806086,0.008009191925195003,0.010762104596228061,0.004477634379996154,0.01890655701845101,0.007261940521017252,0.016714251916597256,-0.00770291887494412,0.004116892795472893
2021-04-16,0.001124662237825369,0.0017026074130308544,0.008168105565715233,0.022024695559372365,0.012601602235855491,0.009240816018086129,-0.00543477932966574,0.007936603467214587,0.021566227279441907,-0.018232301979949073,0.016839984032892108,0.0272484529813406,0.004727423760622518,0.018216841825460905,-0.0013161628187742247,0.00849029478632457
2021-04-19,0.010913113355982107,-0.0008498209311008642,-0.00945223615334767,0.008128620751145288,0.0018982310563304683,0.01577480918332741,0.00316343736858693,0.008188986523078201,-0.0080951358152892,0.0068342717159382005,-0.006332277111798068,-0.0040683530326033335,0.014116087946103084,0.00014547899018535482,0.00237156804438321,0.0015301432076422206
2021-04-20,-0.029687027538435884,-0.00992351198024688,-0.04634848838188521,-0.04687789820186894,-0.024421021064489734,-0.023211866420556948,-0.002580121430071469,-0.022024586712308336,-0.025124809354563404,-0.003688967015588074,-0.00980390187636837,-0.04248367136238962,-0.0017399901499410841,-0.010034942826653181,-0.03101976480470281,-0.020896705943823868
2021-04-21,-0.008671600353888476,0.00644330493899381,-0.002144211262165463,-0.00924657403353324,0.0,-0.006026157300167534,0.014515727609796691,0.04168698271850335,0.031884941020270396,0.014810503521326845,0.016336695610369212,-0.0013651839226058726,0.00906350350754348,-0.006023175979578799,0.0012208836634897136,0.0073704998635766295
2021-04-22,0.0019805951233315966,0.005406224148577943,0.02025989024201591,0.006354363628667592,-0.0004315939166992244,-0.005261805925945606,0.01019961293678473,-0.010426351511934606,0.011847669730528088,0.014886102853620242,0.02045763667629963,0.03417639057243993,-0.00333954050646168,0.013301806102570257,-0.00027101516707395135,0.009134453833045786
2021-04-23,0.002305895697479521,0.0,-0.012536391381146483,-0.0033546466552083487,0.0008635605408746638,0.005864620478818416,-0.01205991106407911,0.005268048950567206,-0.006171066821711091,-0.006471091535130036,0.002386844319941961,0.0016522433091556987,-0.013980281885002332,0.0008751093351235806,-0.003252370135782723,-0.00149025479477094
2021-04-26,0.020542528994303533,0.0015566763682632878,0.028234719784591356,0.027717385555804386,0.0030197432215117725,0.020921688708744224,-0.003974431851694216,-0.0036991166384651164,-0.0036616453838818064,-0.007815944195373237,-0.0038095159117228494,0.022104954013698164,0.00046876390672601076,-0.005246248546198706,0.0023112503252684657,0.002809243663187022
2021-04-27,0.013526483493865094,0.0024016308090986094,-0.01432235643595925,-0.0009631904276854453,-0.006451523068457976,0.006606766937240494,-0.005130571666162598,0.003248757997180718,0.011025835570600329,-0.007527645355406842,0.004780043566007697,-0.015009722391425173,0.00023421769113407542,0.007324935696308321,-0.001899214068289412,-0.0002804953056912973
2021-04-28,0.013028185379956314,-0.0021140718091838817,-0.004910268145541519,0.031237977778746595,0.014285758777161428,0.002670033093396862,0.011316520794542706,0.003854988742068244,0.0007901905932181652,0.008328300971773395,-0.00047594964838926224,-0.008684181298102556,0.024238739417902222,-0.007126335371817394,0.017803820803403703,0.005295104703525455
2021-04-29,0.007057692191317466,0.0007061121219509303,0.007049342466143527,0.006544500504540807,0.0006400971693163449,0.006767870559604594,0.00042490379612791784,0.00860210388355176,0.003948251406559411,0.012094512925365786,0.00523580599433604,-0.0038016914919647427,-0.007202369754383486,-0.015819434502857277,-0.009213512121587386,-0.0006992500790643508
2021-04-30,0.0023362224278664634,-0.011150326152873147,-0.0005999165904710946,-0.00817385233430934,0.003412361852606516,0.007273505274652647,-0.020246300110902227,0.015077684495046872,-0.014944122303303997,-0.004226259885329764,-0.011363492369236616,0.030197460586076863,0.0049517140169703655,-0.010120568290343024,-0.007412262150324422,-0.005250214543097376
2021-05-03,0.0020199051840308346,0.0031401716696450865,-0.00030030477314846316,0.0013111873533291352,0.0163655093730799,0.010284525667340283,0.006936489339256502,0.013203334058443206,0.007026194913299477,0.011561568307767,0.010536375851965207,0.004670642462137442,-0.006646064544816421,0.012629657384068738,0.011269652114213269,0.006128087496042545
2021-05-04,-0.011474727186413958,-0.005122357969316149,-0.031828550624587004,-0.0076694667380688974,-0.008992081556518428,0.01440326629905031,-0.00990248446629649,0.005673226364699024,-0.018553363729051586,-0.012297467262062933,-0.006161336757680491,-0.015549892214422933,0.0018455340842016277,-0.022271720471407574,0.011412158609340528,-0.008901520825161935
2021-05-05,0.019451010427808724,0.009868492641596616,-0.0016540879183836177,0.03487282559192617,0.003376250330050734,0.007579881236947417,0.0076821398091599935,0.01840875485596083,0.020843440756938003,0.013622344356368332,0.021936179121454957,-0.002279720459586354,0.011448657930881456,0.021564090014769333,0.035842417840335816,0.014031305609429445
2021-05-06,0.006924225787662275,0.014162176527789061,0.00186401812935455,0.0001821464976856646,0.016193531297979957,0.007416786169371248,0.0015823864015622746,0.006268121791515702,-0.010288261721631997,0.004768706659259436,4.6785954318728784e-05,0.006202071684058952,-0.0034281482168221356,-0.002675797494298582,0.0032039855731131883,0.00277935352783798
2021-05-07,-0.016656586059689005,0.00041898807355900125,0.016744090738043615,-0.002367571523215317,0.0,0.00641562304850285,0.010340298093673095,0.006953407074501872,0.009755343948040451,0.006472199172681048,0.004211435135324848,0.015409511157952194,0.013523049738218607,0.00581312638092335,-0.002299658934261317,0.004470586789478981
2021-05-10,0.03931627174221264,0.0001395806765021046,-0.00010169923099168088,0.018985127712409122,0.013858173359411419,-0.009300729097395322,-0.0059699729376258,0.013379641942170117,-0.010136229091394555,0.007144840650409323,-0.012581498489325438,0.0044728312572375195,0.010884890473166875,-0.01087939913437308,0.007426283785745058,7.524360115884754e-05
2021-05-11,-0.012709308719255241,-0.015212875980897045,-0.025010071615208074,-0.0003582888719017019,-0.020611637963226404,-0.021730049055681988,-0.014014160691373956,-0.015332385194217979,-0.02031987292655546,-0.017026190739308222,-0.009910276228605519,-0.02592236884200938,-0.014125286092600886,-0.014512677866572732,-0.023385758843520343,-0.018571919671571124
2021-05-12,0.015296035174612532,-0.004109868168686748,0.00688207862985557,0.014336884978515041,0.005538160926581881,0.015419533861426027,0.0004350107412780524,-0.00014405735552081023,-0.00342967539113348,-0.0002886475778898223,-0.005719690088359819,-0.008816269998446868,0.009982350628777947,-0.00899082624981451,0.022904634637552324,0.0019082840985804594
2021-05-13,-0.013573891666081583,0.006119200268719149,-0.005799500402408175,-0.009540485948659305,-0.005948407653013521,-0.007752057122708433,0.0013048928620398303,0.003604838318091108,0.009505108271899099,0.011117405526371638,0.01198470676104324,-0.012024426301254887,0.00697675169078571,0.000156393964505952,-0.01246818028020158,0.001430081191380328
2021-05-14,0.007560814206930111,0.004950491509663646,0.03718761383072855,0.017481088666696287,0.01396281639771324,0.021083155564495915,0.012595713970995126,0.01566089479694943,0.01964262179322418,0.006283257551091159,0.011842653609912102,0.038179371002167395,0.001385765474932521,0.02783853451782936,0.02422087499183312,0.015395193539620378
2021-05-17,0.0012005976139664032,0.0015070111237769357,-0.026815500055581976,-0.0010518768878294837,-0.0026229450682112576,-0.01813237415743929,0.002144808954937849,0.0,-0.006527418306667809,0.008797984021751137,-0.002340821283414951,-0.02135855738679504,0.010608811471411572,-0.008216692852968,0.0015092571785948472,-0.002786162665435632
2021-05-18,-0.00781361323429497,-0.007595402191710621,0.0024767793355244816,0.0015795714567139463,-0.007451310132455258,-0.003522717141725251,-0.00028516987830862206,0.004244118725995172,-0.0016026273163022298,-0.009846630746416563,-0.004223352468021191,-0.0072201966226992376,-0.0046781641272855,-0.0023012994046959223,-0.0028886353434665057,-0.0021484880792538297
2021-05-19,-0.026197387733506106,-0.0070756655293524595,-0.02141238714986249,-0.01980040543768391,-0.015456006637148079,-0.016282680133080207,-0.019551930412669005,-0.007184354396656545,-0.006260215704704364,-0.005114553947492939,-0.004241264824284441,-0.031404969520214765,-0.0049297358187477824,-0.02952477973941081,-0.03300182545268893,-0.014341336315533693
2021-05-20,0.006271534898330877,0.013670765204517599,0.015253649974905858,0.004826717438541461,0.0035883856265508385,0.01099838982336232,0.026491903919420245,0.01206017978901408,0.015829716141556593,0.024846639783040247,0.009938355558861689,0.013310577107495059,0.014977062495687532,0.017746844208997414,0.0041685189232800735,0.012938862917600824
2021-05-21,0.007052646289086306,0.005595349942490335,0.014506348072907516,0.000533704459067641,0.007597838634383347,0.006247417140476275,0.010351693159411868,0.009112568179562297,0.004293084982145867,0.006827371961001472,0.014058151702627697,0.009767604843554434,0.0014755755211970367,0.007940119138300838,0.011804302656568844,0.00675172025851678
2021-05-24,-0.00390880087573986,0.006705606584231916,0.003574582093420986,0.008525216678392455,-0.0011089890840220162,0.0043888364861639495,0.001263141640606369,0.002639763119222982,0.009341452235972048,0.00941054480792003,0.013401318406606855,0.015176725786071099,-0.0005665913815808832,-0.001699127404176326,0.0010254991804732327,0.00345735359690158
2021-05-25,-0.00964672176973913,-0.00014164441294295393,-0.011398410767981981,-0.003597049403341379,-0.010213103691012915,-0.0056487150784420015,-0.010372853878027666,0.003879708665689874,0.003450825886798903,0.006854893715511068,0.016415684046029222,-0.018071217700629028,-0.002721667746379275,-0.0020114195407991975,-0.018186436932214556,-0.0028431368664677548
2021-05-26,-0.011391917183741995,-0.005669671040463897,0.005456083760683628,-0.013537869510311551,-0.0031405412545377764,0.003965872490959921,0.012747890673227236,0.015596581579510715,0.001406903134377968,-0.002042449543056102,0.010318665721263498,-0.011209721692141073,0.008187286312224318,0.00031002377678235327,0.0036524206573942397,0.0002081411459819993
2021-05-27,0.011857217793888264,-0.0037063986153054174,0.0922494185097058,0.03183898477353897,0.010126127290467801,0.0007473496593575213,-0.0032168466901915105,0.0010874880170936851,0.01217623657963074,-0.0015009208062357615,0.012433354069764757,0.036886633234762156,-0.02018930961394394,0.002789859395499361,-0.011047348849775207,0.006901223888744923
2021-05-28,0.015183991036715083,-0.00157394714221748,0.012373448495608397,0.0015960232725016343,0.016039171394560015,-0.0036271608301245983,0.008086360583706709,0.016562616923638807,0.011412586990132478,0.01544135600965224,0.0035087452060944546,0.012728522051904445,0.01254730888755251,0.009428149438865052,0.002628405285272306,0.007520522621050407
2021-05-31,-0.00812890544213174,-0.003439383171696342,-0.012407325630505395,-0.011154453951395915,-0.009866262373107504,-0.005139089204043712,-0.0049096388301136384,-0.0006677416022462523,-0.00579445685051172,-0.008747140005336718,0.007430250714597353,-0.01075272874144717,-0.011255163726831663,-0.009340089677612018,-0.006291783286135555,-0.00569699499008125
2021-06-01,0.020652466348566767,0.0038826332896986226,0.01968864336776832,0.01539837878899819,0.0093002990047093,0.011192392926822059,0.0005639812473579031,-0.00841920290159115,0.007822050433035077,0.00461584281603078,-0.002169360576510848,0.016999165775933633,-0.012762948621174774,0.008037164165578758,0.024139391638189345,0.006550157818155933
2021-06-02,-0.005941888193671696,0.007162284806917496,0.017837433415950565,0.005113753973956969,0.0026327278373976526,-0.0009579404868189645,0.011975162956973984,0.006469104265924175,0.0059352436850368395,0.004324310480264826,0.0043477097469062365,0.009964510892879419,-0.004076451185237362,0.008126320719531455,0.022410844724668477,0.004949628266228245
2021-06-03,-0.004200356112979864,-0.00042665569343858234,-0.008310671530565639,0.007719308405651715,-0.001969387533806488,-0.0044743480662158275,0.003341143748784914,-0.007498623934039772,-0.010136277836575669,0.00336380497983213,0.0,-0.01448122085952841,-0.0003508313110716088,-0.01064629456033217,0.0,-0.0020854183711035423
2021-06-04,0.0032447048605632745,0.0025611679174004642,0.0012752772487585329,-0.005745201924756138,0.0013153391182532115,0.0,-0.0027749953738460675,-0.00742037906727866,-0.00473763077808631,0.009521241423166682,0.0030303770648256734,-0.010818690520223884,0.007019193468791318,0.004150502735882133,0.0,0.0011893561180713608
2021-06-07,0.009864087004621602,0.0005675928343569225,0.012736454225736216,0.008054672026567511,0.006569114965387035,0.0049225765962663814,0.012800802909896047,-0.003669972593385973,0.00936724389898691,0.0062433977575395705,0.008200238263421422,0.008488354159117195,0.0011617979694587,-0.001071650544036018,-0.005038743548382851,0.004281976296290901
2021-06-08,-0.018414641911763896,-0.0009927767370426777,-0.0073660741799319585,-0.01545933822538903,-0.003915640824930566,0.0027687479950480043,0.009479375055924999,0.012278146114316213,0.0036512838683959714,0.00541250794186654,0.011986374935460953,0.002751777635164876,-0.00986314774724617,0.011187818669838645,0.003671671879994065,0.0011384792016184697
2021-06-09,-0.012887498231645589,0.007951162424343128,0.0009049769669251528,-0.007939379747273767,-0.018999818504342736,0.015609836129122368,-0.0038107180446904643,0.0035041523926859774,0.004244400777026813,0.003151378402072691,0.009306054671612829,0.006134002325435928,0.013711493047311674,-0.001515784563654643,0.009587418980228302,0.0018990094859541173
2021-06-10,0.02396297734495212,-0.004648606196796079,-0.0007233269792841224,-0.0024897987868146565,-0.006901151479849821,-0.016101966429891146,-0.0005463400307355037,-0.007252213191862533,-0.007245249250196983,0.0,-0.007543870520917206,-0.012353551610396973,0.019768822452563617,-0.00804484844843556,-0.004873002616595512,-0.00258400085820909
2021-06-11,0.00258231515377938,-0.004528662221519042,0.016648562878234463,0.00410057316351331,0.004483253744597349,0.009670659559612993,0.014352097561444399,0.00500532981416546,0.01581243864489701,0.00536637370951798,0.011402089236311364,0.004223493548252355,0.007822235104677722,-0.004284571450301922,0.012807580942623797,0.00827465098634983
2021-06-14,0.0027367093265215914,0.0012794915976717114,0.0003559244057713684,0.002308201111625996,0.0031244217705057586,0.01052509633629084,0.0005391298991694882,0.0014809585732862285,0.006735488617063856,0.001301920271135959,-0.0012527466809516552,-0.004367521531011054,-0.00011248437605104744,-0.0003072447994914018,0.013761205968531254,0.002377026090548462
2021-06-15,0.0,0.02612517757589039,0.006939647183859643,0.00035432613373109767,0.012013374700485802,-0.0029162516435300434,-0.003636461217657483,0.006988999386381423,0.007731223745786275,0.007541353132821005,0.005852985899304608,0.00032493691295543137,-0.000337591804173365,0.019830812253492924,0.0007339613976857784,0.0035019189633280767
2021-06-16,-0.016375123524612678,0.014252128860471558,0.007951930880912839,-0.012927245728959424,-0.0002199963036370045,0.000835555430585444,0.00027045958892402133,0.0008010279536374565,0.006639292227941684,0.004516692009750134,0.000831275399565623,0.017865853447034397,0.00123798597976843,0.0004521994875155144,0.0008556185849712961,0.0019775349383504004
2021-06-17,0.003754030190031843,-0.00777625887388711,0.004558056650153519,0.010226117247203126,0.006376406784648347,0.004488046532669987,0.00851344013032862,0.011869781656463019,0.007328250196981578,0.005652581768151643,0.0041527126732821,0.007180389765000683,-0.0008991670127258544,-0.0004519950955649277,-0.005616812122027026,0.0020457807762370717
2021-06-18,-0.040813052713616016,-0.005912256808542793,-0.016404808044320096,-0.04564030086534843,-0.036486748986998774,-0.021924166515964738,0.0014740109655646538,-0.011467058627610993,-0.009020988129609941,-0.0028104877559379515,0.0033084945415173816,-0.011565290394478178,-0.010237330462594452,-0.007536988907126729,-0.02910134230557959,-0.014565830433986404
2021-06-21,0.002881806686422017,0.02489624791995304,0.0017743072344666988,0.0022329677148933413,-0.010203977597687763,-0.0011690170238533026,0.006154515125691207,0.012266566613545749,-0.0014682712927024388,-0.002690193540275887,0.010305175250821419,0.0092964907737767,0.002727752919536197,0.020504324082157188,0.010750271997601812,0.005081301417311668
2021-06-22,0.003380723433347166,0.01862354473032024,-0.002479630501914798,0.002228090897858026,-0.0066438437867683,0.0028718902236115618,-0.0025264577256959297,0.0035565559195933627,0.0016176289744620487,-0.0044958892939892525,-0.002039929013512687,0.00476414154917415,-0.005554219422770346,0.00833453715036514,0.0061312512285873755,0.0013570475732809228
2021-06-23,-0.010781686730497508,-0.012983629168650812,-0.011896301548486865,-0.009262795437927518,-0.011992631240694052,-0.01633250711223755,0.019597329997858237,-0.029531541758446633,-0.017762947207406565,-0.015612839306001103,-0.014718054469768371,-0.020863016868561846,-0.006953055218607895,-0.007675161045988865,-0.004103915890280141,-0.009140161201126817
2021-06-24,0.011750600085959961,0.014228180988131944,0.005570452884529287,0.011593121697361264,0.014472556278464221,0.012506758475923974,0.01595184551754092,0.015553211446944104,0.006127837203854236,0.022807667419151967,0.019501914206666582,0.019854749960754425,0.005509462114548391,0.019634052570288274,0.022219085311275366,0.012223969561269366
2021-06-25,0.005722867827683498,-0.009793531900576635,-0.014295846046906924,0.006654522022190745,0.011504713517393128,-0.006921575502617183,0.0007723173366602776,0.011053272138340065,0.0005938466401371745,-0.012174823835790827,-0.0012207193648808845,-0.014878089865590582,0.007420091149206609,-0.003355353629315383,-0.007949113371730432,-0.0012486198137857674
2021-06-28,-0.01405854491328462,-0.0030740547434061627,-0.029187804057685618,-0.023136279498433332,-0.017060900743326113,-0.026699644273603718,-0.00591570473347891,-0.015147310764730415,-0.008907226111072752,0.0006487220579647346,-0.004482690334311479,-0.044505193935322485,0.00974511093453101,-0.00629378407971215,-0.028796907345187472,-0.009791841982217497
2021-06-29,0.015277594156734908,-0.0030834672307250566,-0.005788979562584395,0.006954934375938748,0.0027771288374749403,-0.002643741780199327,0.0063389571316245785,0.008960771120060773,0.009586700585061614,-0.006223239891747778,0.00818685599851321,-0.012947652301585788,-0.008753305923159371,-0.005302806383779779,-0.004641211547488977,0.001434908131108914
2021-06-30,-0.012372559451122811,-0.007127584081744409,0.018407282095770583,-0.013067241894174186,-0.012924117227072096,-0.0059650013878963515,0.00038560425144029686,-0.023064747840827016,-0.018842806030059167,-0.01943899469295962,-0.002436320059754027,-0.004088693508607744,0.00033973212851412526,-0.017621729699205946,-0.011656349858153003,-0.009075101837555555
2021-07-01,0.014728241920785035,0.0024381526095518247,0.013463582628631787,0.011537771139272568,0.014262368852706375,0.015001580612572951,-0.017090648123773478,0.0029850665217046046,0.003931665168007914,-0.0011975118144942343,-0.006918864827650473,0.016079400296636903,0.0011316167895092377,0.003919144920601525,0.015856544038865383,0.0070668326526128755
2021-07-02,-0.011344531389503754,0.0012159772701407778,0.021110090506732293,-0.01888544955951954,0.0027662457172006327,0.0026275462522824533,-0.003529858447761991,-0.006493327673838367,-0.0007531552390781515,-0.007193253107800612,-0.001639279579378261,0.005218920689783024,-0.006330457747797391,0.005105147126281295,-0.003741099938697867,-0.00014647350144603166
2021-07-05,0.016706051897251495,-0.00526316986695452,0.007663514682060946,0.022107844590258052,0.007126430598628719,0.0030573196346999065,-0.000393656852485047,0.004629505219574392,-0.004070023920254795,0.00013428803826243119,0.0016419712292843336,0.006364050753442152,-0.011376610393004416,0.008813810602092964,0.0024603774568583425,0.0022402700633825656
2021-07-06,-0.028049902004630867,-0.0024419200740800617,-0.019455317874644495,-0.031885151587337957,-0.015749822357771226,-0.0031566824808537675,-0.005118785266161496,-0.013418233455320672,-0.0074163100134756466,-0.0059030041129114474,0.0032787684774795434,-0.01930438071123075,-0.0014958487107680218,0.004442553218453549,-0.02079583143345376,-0.009144985525253557
2021-07-07,-0.0013661223724019678,0.009791927688886704,-0.00955988097492566,-0.014252692178019388,0.0025511737148156133,0.002511819676494609,0.023614768250825202,0.013600731242292774,0.00701436905436581,0.016194412838226757,0.011029366892913561,-0.01612081541425081,0.00034553045166374474,0.0070765011875857375,-0.011475993518011207,0.003110302979916657
2021-07-08,-0.016073755825464997,-0.017777821993298693,-0.007284569123101381,-0.028624506343935208,-0.015267307895760474,-0.014161329540617329,-0.015337040705566074,-0.033748864698427194,-0.03210184341257705,-0.030544466390045266,-0.026666696932602485,0.010693339990750506,-0.011750990878114598,-0.025325667525668893,-0.009874677984300972,-0.02006676604752977
2021-07-09,0.02485224136178288,0.014123081530863724,0.03430569257282845,0.024439399064697387,0.024900204638836243,0.013701540831280168,0.010078594098802185,0.025669698924050577,0.036295585957062615,0.01862994357189507,0.025736811720549868,0.023208240096515453,0.016787105582596995,0.028987663012384424,0.009433980181472013,0.02074340198998459
2021-07-12,-0.002204528044464027,0.011627931918218426,-0.004966371292174587,0.0021597520600897813,0.000458417631426844,0.006213300889199136,0.012828910683313266,0.0054705128992764696,0.005434557315720623,0.009548218854358526,0.013354932721522994,-0.027018095853521773,0.018115168123856717,0.008903767304631494,0.000534140472963962,0.004568564816158194
2021-07-13,-0.015635701722542028,0.0030740547434062737,-0.008556145927648418,-0.004114305472049273,-0.0025201970746707714,-0.009749932842073483,0.006780877725587331,0.011425404398082817,0.007057257321401611,0.000399706829781854,0.011581344000897387,-0.016626663591697288,-0.0007883781368023257,0.0013020957348119921,-0.007472698428091951,-0.00011888328029119322
2021-07-14,0.006042926938128135,-0.000532945342782476,-0.0023372129393562924,0.00609860488390046,0.0020671992431633424,-0.015096696001856369,0.0006353587574714492,0.009413569563738289,0.0013417766974199719,0.0026631289647900402,0.002368689941561586,0.004532024458675954,-0.0006761993761046359,-0.011848085119588347,-0.002285815204281061,-1.3773338643163768e-05
2021-07-15,-0.00789426865660836,-0.0023996650462031477,-0.005226164135648026,-0.00821272779370219,-0.0022921989663274855,-0.016105870170688652,-0.021844079551865292,-0.014388483917574413,-0.012507387813848525,-0.007702509366530719,-0.0003935637788560209,-0.019954855398514493,-0.017142278478149864,-0.005410112714441695,-0.0123970871267165,-0.009914036803761128
2021-07-16,-0.009687033682171386,-0.004677246536188173,0.0021738365710886054,-0.016561366136701117,-0.006661827247853025,0.006886506628469569,-0.011685301220639155,-0.010813560131464395,-0.013419953629621006,0.0026766726424320986,-0.014972681675336053,0.005134561761964029,0.008261606902830732,-0.013525388306422803,-0.009823882248834348,-0.005125202646543703
2021-07-19,-0.030917036784982033,-0.014097744486019193,-0.06381060314634202,-0.041900585734937934,-0.028677234668633922,-0.03935400558993074,-0.02404087796111709,-0.027330041659975768,-0.022008155168658172,-0.0038708750719491647,-0.014400046579282844,-0.050202620940353326,-0.01251832104730477,-0.018926943603027158,-0.03844549382279794,-0.025403688699921156
2021-07-20,0.01496035521913841,0.00599200364035557,0.02336365461041323,0.018937055951741,0.009999920574341958,0.0044352064781578715,0.007134228248424579,0.010396300487120813,0.008126301692078286,0.009513673764394381,0.006493665991383235,0.028189871584966886,0.0036879623752521518,0.012760114963851432,-0.0007168634573099242,0.008081341092202488
2021-07-21,0.03214355731684493,0.010423816877993097,0.04377356430067958,0.03152274567181057,0.02027354613652088,0.021031700082596805,0.015236516168245062,0.01070640616087526,0.021857181422606065,0.006503769046718233,0.01411283575468647,0.04545453248429743,-0.0006891384320188987,0.01364929649357971,0.02667433967542676,0.01853358453446674
2021-07-22,-0.006710307474346866,-0.00013410103686217756,-0.010122916620629585,-0.004977161548749387,0.005776169171862744,0.006145259426002525,0.008952071452574373,0.0012380705654655433,0.0018202794487789387,0.00013198585645746164,0.003578717934580755,-0.012249781341635013,0.005745169026841301,0.016572939423810995,-0.004330158998871569,0.002646750138130871
2021-07-23,0.010912930392314557,0.008709698612170413,0.0180788814639814,0.011804724684141954,0.0002297909468809145,0.019681168305764718,0.012004202503150374,0.027205104684429715,0.020593652410390906,0.020701329235408128,0.020602010736012533,0.016594018772626562,0.006169330473356771,0.020232863472311235,-0.00014029913724855625,0.013458114840892543
2021-07-26,0.017306301754744347,-0.009298641078275938,0.00448430292601798,0.022542947590455498,0.005971637497841797,-0.001553061309007342,-0.007865021911207304,-0.0004010480969737218,-0.0008903017483842257,-0.009171928828401232,-0.005822925680620927,-0.0015464832794903627,-0.005563679186545878,-0.0012839582356657386,0.023151405423311955,0.0014888935454495655
2021-07-27,-0.010948155132058157,-0.00026815197423413206,0.002857141584284628,-0.00908916064957943,-0.0043377887862546816,-0.011109862787628377,-0.006237779565889223,-0.021544323160415213,-0.005643110962415099,0.00013040413434395326,-0.008199823086521008,-0.008260209425972276,-0.005252267699442981,-0.012285700010874034,-0.0002741494654325827,-0.007095761269617307
2021-07-28,-0.0022139137284551413,0.0038895124987416985,0.026531401283798273,-0.0015612072317282566,0.0009171447873739247,0.013481634942492216,0.0028769781208872747,0.03637851442091855,0.027777950703823828,0.005996623472509732,0.020078625448127108,0.013534596381157726,0.005394885032431018,0.005640702944917475,0.00713287847850852,0.011847992266343477
2021-07-29,0.013824750451013834,-0.02725455950922795,0.006071043630388129,0.017787146938281095,0.004123646712097528,0.0033256001004711155,0.0037815555368279075,0.003035076712381235,-0.006102752762126573,-0.002462083634473644,-0.006561037986191343,-0.032699833557518376,-0.012216141963258154,-0.0018697274113068652,0.02165626036183288,0.0037008342354427626
2021-07-30,-0.010100970850935309,0.006592505574950724,-0.0025862774738214522,-0.011906848233428469,-0.001597085338560289,-0.014363065767936667,0.03377495348910298,-0.005130881601443704,-0.014766237594157738,0.0025980059442252124,0.0015538409048270196,-0.023893821415471694,0.004160829964101387,0.01801160648371347,-0.021463718961751033,-0.0031671664595533944
2021-08-02,-0.003061145180535685,-0.010369737232031606,0.009334554259958328,-0.009718180277760391,0.0422760606053576,0.006277290320233941,0.03040968056822191,0.024199855768129552,0.019439225945962146,0.017621216875228107,0.016291899487687278,0.010698060993476366,-0.0014963991414407296,0.00495383825498541,-0.00027269948975638947,0.009548227813592991
2021-08-03,0.005458895888694526,0.004274036482623478,-0.01712621292575478,0.008832267794243176,0.012716464125924976,-0.0024507679675405125,0.013170574680067215,0.003228009978311519,0.012954847239824652,0.0029285329534951554,0.012595238190386437,-0.01776102260033241,-0.0034581657913410613,0.013380513085601065,0.027255439393650605,0.007176583973822037
2021-08-04,0.01543943883195098,-0.0009609515673332236,-0.0029621872468946764,0.011867636181150942,0.002381401704850017,-0.0012281886117238017,0.0002408353580969358,0.0034747242804595846,-0.0017243775991407917,0.003935305064628025,0.004523388148921281,-0.00073058877841925,-0.02255628742130511,0.026546181698237303,-0.0026530287125343666,0.00333440737909374
2021-08-05,-0.003007550776040646,0.009481893004984254,0.019224039154110528,0.007690773401130668,0.009935167204790707,0.010286038212293347,0.0,-0.0012822918233872382,0.00388645623576922,0.007208017469763295,0.0022514617109212764,0.019009340720706147,0.007337176273080281,-0.0032493841322428496,0.0022611567795842724,0.005182147812736071
2021-08-06,0.029160398382174657,0.001089096282238966,0.0022290799792326066,0.03033774006627854,0.012831557198062615,0.0011067952884737942,-0.0018050243285887557,0.004879833609973572,0.0,0.0020087005663069757,0.003743528657474293,0.009865511825256412,0.013275403382507545,-0.00040753904762846904,0.00690122135988136,0.005274888307262415
2021-08-09,0.0004886144772711098,0.000679860384923181,-0.018306165702192567,0.003888682293627932,0.0038007186984294616,-0.010059795029523477,0.0012054582714531303,0.0021725981379518977,0.0,0.00012540393363358326,-0.004475766054283015,-0.022202584375032974,0.009275338069626216,0.004212469204055713,-0.003163470591524775,-0.0005544678533992986
2021-08-10,-0.002929933092508552,0.006386682630902918,0.003485460797279849,-0.0035046518070757093,0.0029448991251539436,-0.00033496988873937816,-0.017700131116189177,0.007268413366658066,0.006022341181813884,-0.0023805057275658736,-0.003372227408588002,-0.004722948063304755,-0.0055139963834452965,0.006765951699071016,-0.004892095140080488,0.0010317920522986412
2021-08-11,0.005876762700475213,0.003780754526948149,0.004862725263641066,0.013883708238339398,0.011115739317428375,0.015527359960589182,0.0003677926897098782,-0.002152070066893663,0.004561014066686742,0.005399994066119795,0.0030076887156902377,0.00018254994336208696,0.000693071139688417,0.02325252666469635,0.014084572974862875,0.0055394589981665465
2021-08-12,-0.00665376054873934,-0.003631938733857587,-0.003629305367064517,-0.008216154254493069,0.006637679758376036,0.004949888149664572,0.004166100750456092,0.004947785871075583,0.010215711224430102,0.008868417779900772,0.004122847730198886,0.0009124387858436833,0.008080333129923956,-0.00525412483605181,0.004323860850907524,0.0035695560407837945
2021-08-13,0.004247813200941142,0.00432024046848789,0.001214151026135868,0.0011044651028080388,0.007418075705555527,0.001094478729658066,0.006223326702637033,-0.004039725066619537,-0.003089935332532323,-0.0018570942285270897,0.005972524063440066,0.00036455627567111293,0.0013740792315981576,0.010167786073571161,-0.0027398032024690266,0.0019716502643896128
2021-08-16,-0.008947506872546973,0.001209899140861559,-0.007103326070516336,-0.009746236743238601,-0.0047044695427278516,-0.0031707903874625964,-0.010671860715034454,-0.04677402665196717,-0.020991763872509672,-0.01116345768179905,-0.01669761572685413,-0.01877162637863372,0.0068610710154275445,0.001307070443255176,-0.012297210234375244,-0.008304768998852241
2021-08-17,-0.019369774630015102,0.0026851864054924235,-0.009422290841076042,-0.018384254114555243,-0.006781661921977267,-0.007897337544168215,0.004657954850984414,-0.01010637209430787,-0.0063318487067218765,0.003763189604637507,0.003773387810734441,-0.009843953818310491,0.014082916053273609,0.008485673275634875,0.001986658682345821,-0.002768067317249434
2021-08-18,0.0023434645389406317,0.00977510507087831,0.0007045238944858312,0.00908046471643753,0.010552403397928067,0.014151639987089126,-0.009638907416846365,-0.035464706737899365,-0.05155692349560004,-0.017245724400157925,-0.037593852867581434,-0.00037523582993270743,0.004031850950753091,0.0038834612232305776,-0.0026436262600652016,-0.0072919572318586034
2021-08-19,-0.020540991068430436,0.0054369399249103445,-0.031508596583821546,-0.026809209302925296,-0.020270300368168237,-0.01220978189474764,-0.01416780420487751,-0.0947075752355443,-0.06382651763776614,-0.011190239687091541,-0.04687494856462249,-0.021204700891649386,0.005800254123109472,-0.009155388850417223,-0.03764071734938257,-0.0242565822237496
2021-08-20,0.0017049480712150178,-0.000659481547855223,0.003998695617509096,0.003660239447754954,0.0027168765114455873,-0.003752252831968117,0.003374352223867838,0.0038460852502009146,0.011254230103149965,0.009516524623836453,0.010655683573723707,0.0028757858121883917,0.006210604154355481,-0.007548022109993502,0.004407058613463688,0.003060863281711068
2021-08-23,0.01753198478474216,-0.0022436907810428064,0.01122374499133505,0.01170828974450644,0.006461019609976804,0.005206479751211468,0.013575680681739088,0.02957856000944159,0.026774143734214162,0.006624120380644527,0.03000822233866507,-0.004970411678040576,-0.01278530495579433,0.0002622152091942276,0.016865400047314072,0.00860085865627025
2021-08-24,0.006858450132136484,-0.005952344260981457,0.015574568361654384,0.0068299054172562546,0.0010355005593487565,0.0004408031089266906,-0.007618563626394348,-0.0037213821807114966,-0.019321204620093346,-0.004808883711604595,-0.01574821357440148,0.011911621132520311,-0.011052755357838784,0.00013107323520133995,0.0021573384356228242,-0.002811575285112
2021-08-25,0.013789673702786942,-0.0021289447025876207,0.021681640385790457,0.020350523378774854,-0.0014481811674640355,0.005397484254248797,0.0021050783109448634,0.008516403076479051,-0.0035241070287340692,-0.00038147887855777274,0.0012002337135945673,0.016138300788792748,-0.006096099832200053,-0.0058986012273750665,0.004709475992832779,0.0018261338034994967
2021-08-26,-0.006719078309019855,0.0036003250473408688,-0.007936432781185498,-0.008864436200052728,-0.003936091866114544,-0.0033964626812804655,-0.004818878783123481,-0.0038518692079864136,-0.0008036547785816861,0.0026713712216019925,-0.01078731746434991,-0.0001868817439812931,0.004657010912422432,0.0017141635065460736,-0.0006695131366255547,-0.001565225289833938
2021-08-27,-0.0006599036964943794,0.0013287774246435458,0.00017384064236569685,-0.0039127900340704125,0.0010399226945883022,-0.0007695144579635826,0.005959630555710138,-0.005651391964040631,0.002413116367879775,-0.0012686374877848294,0.0024234259489026577,0.0009345094671560084,-0.0030526306520352042,0.0017112301782233885,0.011793025343410202,0.0023837482325888004
2021-08-30,-0.002146293769944907,0.009421458157742313,-0.0013910618204789893,-0.0086045081863797,-0.0045710270054820645,-0.004730889518795189,0.002591827070173247,0.004487031821638343,0.0030492204603913553,0.009146353278122188,0.004431914931926517,-0.007468431233657147,-0.0013609353976504757,0.0035479970107332726,-0.0011919152150976497,0.000805140270371707
2021-08-31,0.010092573265755744,-0.002103327237677144,0.007313175336001176,0.013773514057679792,-0.007305289326551945,0.0047533772212702274,0.023390435679883304,0.003573611191595605,0.00287998699114822,-0.0022659047797085607,-0.0016045316957494782,-0.0005642187972646484,-0.004996625811091393,-0.009427767536541953,-0.009548035407954236,-0.0010646492776141825
2021-09-01,0.009664211168188164,0.006191489464528077,0.019878990263014096,0.019914366628505098,0.003364197819507808,0.031466678188352804,0.007458283252423481,0.021068003697563453,0.03190810169448577,0.008074665185225038,0.020490246633573683,0.01863352788929018,0.005820712967605335,0.011632350415296644,-0.006560388600447942,0.011752641928676422
2021-09-02,0.0022713361972355184,-0.006546204627959629,-0.010338908933045676,0.0,-0.00398165970603126,-0.008213241423063455,0.008358103861083599,0.010752815393508364,0.0003093496006485452,0.0016271149651361227,0.0011810305600077342,-0.01145602054553918,0.0007942701217298342,0.008754833061398015,0.01293793500136009,0.0006495543895059797
2021-09-03,-0.019261858610092886,-0.004085408966221893,-0.019695144864617986,-0.016970758140656517,-0.007363694749148775,-0.01978923878719352,-0.014446385142231843,-0.017682591481246623,-0.018701783896133195,-0.01324508145148473,-0.012976714036600168,-0.02392522231458505,-0.003968300288355486,-0.003367824891439719,-0.008382020812118474,-0.010807182955944405
2021-09-06,0.008252225828370818,0.004499192207934044,0.012229205012325162,0.004640854940950678,0.007418321000548067,-0.0017555750405920945,0.015859645875810013,0.016098302957519017,0.021735711712335126,0.0037989296817055873,0.017928214093897,-0.0021065721795391346,-0.0005691440755872801,0.004808750019118069,0.010733952723121165,0.00799848187371821
2021-09-07,0.002127916358378501,-0.008694495932794255,-0.015360783133982703,0.0038802554554455693,-0.005049431371898838,-0.0019782293449106536,0.00023664814342105878,0.009073917558232836,0.0066285777000232304,-0.008325998976997484,0.013307165439830015,-0.013049233081108946,-0.009681163073256172,-0.001422703131692571,-0.0013275616360743925,-0.0025847372701490734
2021-09-08,-0.012904231434864188,-0.002126313076558528,-0.0033303378222270252,-0.015277099034693653,-0.011630348684525282,0.011673611570788278,0.0033108052725798753,-0.0014273620739495563,-0.006584928986586469,0.002544135545874404,-0.007338723072838005,-0.011860741199625213,-0.024841829285281225,-0.024093245525786844,-0.009437615320904924,-0.00850120337646687
2021-09-09,0.0016546186088828296,0.0002663967531684186,0.01301434254860534,0.00448596947982427,-0.0008558306071877464,-0.020248086983782665,0.004007018300644205,-0.0051457300944725,0.01495288076454826,0.009262904337897337,0.003501931761069388,0.031286802263328806,-0.01745475270541963,0.006769340532147394,-0.008454074305406123,0.0023737200344386977
2021-09-10,-0.010903620082489685,-0.004393616734791661,-0.0072916640348290596,-0.01711935352218097,-0.005353264191921836,-0.02299981501818782,-0.00011733687741799503,0.000574638969385699,0.007746217513345588,0.0016343160010536817,0.009693817786248005,-0.0011447366713260854,-0.017284920668778847,0.00856957833864369,-0.00852601882491999,-0.00313404220957203
2021-09-13,0.012861233044185738,0.0005349359091224581,0.006295978088678433,0.022718705131656636,0.010979497215652723,0.011827556577651333,-0.005400292000646734,-0.027857452079734668,-0.009796521510373801,-0.002133739198103113,-0.017665265995463808,0.024832765295140335,-0.004763692883307025,0.003006552455681044,0.030575763708808656,0.0019748815177336176
2021-09-14,-0.025395844217535823,-0.0038759964720661566,-0.02015980776935089,-0.011662412847965542,-0.009582731152503632,-0.0016860783783475553,0.004367327889226669,-0.02762178488038103,-0.015525243652604659,0.0027672764961927943,-0.007427759713276028,-0.03392350236909947,0.004172745373755005,0.007819558161503037,0.0025164876605110464,-0.0035884695970624936
2021-09-15,0.0013537516394654947,-0.009928811566500606,-0.0035474291371511146,0.004495211650374253,0.000215067712546535,-0.0191397779601431,-0.0063462937646382445,-0.040862826809794695,-0.03957935819778491,-0.01404929004103428,-0.017329479164152173,-0.01254103014634611,-0.005744237599322521,-0.008146980427411354,0.02232801955100605,-0.010423930277264737
2021-09-16,0.002872554545440442,0.0014906254593747281,0.02242797434087751,0.009882534670693222,0.003009469154707789,0.011593317449506202,0.01230045561203652,-0.014095819089502304,0.010946540034421082,-0.02468182695379728,0.010020284166661453,0.022078906268774956,0.003933455567622923,0.025032763220220966,0.0007755646909668457,0.0059191942835163935
2021-09-17,-0.01769164476216467,-0.0270636189759087,-0.016016849753158424,-0.011447466725427735,-0.010072888981358163,-0.022353557452573503,-0.005140748242621562,0.02361464646369482,0.00477704808561441,-0.001826271693008863,0.013888615842470697,0.006308541279963942,-0.0014691980325045595,-0.027092458886536108,-0.00852304041561558,-0.007912297693205561
2021-09-20,-0.038593497414668665,-0.015716206680522093,-0.009731065068842248,-0.044639429819937515,-0.03139196551154244,0.007427971910955122,-0.008808036769451189,-0.013339848236119334,-0.019492884067069505,-0.027051724018010148,-0.015264160327255971,0.02260642134341162,0.005640852754136727,-0.03791333670283392,-0.014196361311819783,-0.01740891569841263
2021-09-21,-0.000892194375775146,0.021195383541116053,0.011970619852178288,0.004105456536054097,0.01139914267347164,0.015668456671779962,0.018246455252287186,-0.0028629035356046995,0.027961763562836417,0.03008729819348943,0.01907785866938627,0.013375425740022484,0.002682562199495697,0.00760963982387497,0.024472137668807514,0.015012821163470136
2021-09-22,0.032678669465639576,0.0006919448211220036,0.02259893683153713,0.035046631507422044,0.018563388245188994,0.011229440367262145,0.0006980720508549254,0.025362726426772397,0.011478213501845635,0.0026079148107114314,0.002340051107632579,0.011548997216643597,0.006080421163610739,0.024949430055332567,0.025594396362293104,0.012860291784100308
2021-09-23,0.02645696868225933,0.0034569205212642284,0.007251450401352999,0.022573402292498157,0.01453675475320737,0.002243427845245227,0.010000114868881083,0.01633484034173649,0.016788355778114772,0.007283066292634199,0.025291950197309676,0.01214210790938175,0.001571463214915969,0.0,0.014332982009315876,0.009790565084940583
2021-09-24,0.0023583551017538618,-0.006476585891172282,-0.010970241417866067,0.008094099970026747,0.005346602789761956,-0.0010072621298843343,-0.024522257602159092,-0.029848228629853812,-0.0171227524427513,-0.02298254991216564,-0.02239104885258958,-0.0028647975047881857,-0.010137764298357554,-0.014078997132942361,0.0016402897591512033,-0.009477799055855662
2021-09-27,0.035126064335089024,-0.009708761228928942,0.015944679107766202,0.03102194466792052,0.015953991752889696,0.03730658583094559,-0.007199371833465529,-0.018144808986796934,-0.008399401136654716,-0.01678340776738252,-0.03532586148082817,0.03268090823936132,0.001219307207348752,-0.013212128440461712,0.03438699743975726,0.001875464397730786
2021-09-28,-0.022568513681749836,-0.018207277564643798,-0.033094632425025305,-0.002001701807008982,-0.01193467330324971,-0.0290527297566866,-0.025083252728721916,-0.01542644153287731,-0.030745127426167307,-0.024999932389702995,-0.03822958406021815,-0.04677454182855967,-0.004992624494831621,-0.02623761180661366,0.013029693557018884,-0.021712841228849644
2021-09-29,0.0004982163678755036,-0.0037090426283891142,0.034756588486484885,0.007658574656819184,0.014621838873323023,0.008009003848743479,0.02072931534582234,0.006365240323354948,0.012299739189246539,0.0016541425636997786,0.011715554132803119,0.026267757317336216,0.024476686767171296,0.005972101088551618,-0.013463030522939623,0.008345470635134022
2021-09-30,-0.008301442049544527,-0.007875157647606268,-0.018755391135450883,0.0032572468038760682,0.006056786819258919,-0.00518647295425001,-0.011468194065713866,-0.0009731771952442569,-0.008633159125033263,-0.017753895380569373,-0.010339164255289801,-0.025417572497260732,-0.007525985676115288,-0.006626848917888117,0.007310607859153606,-0.006217235745153649
2021-10-01,-0.0107149000573461,0.010391188903720705,0.01285837936879286,-0.00992060711691567,-0.008719150787593,0.007764693010150481,0.009425886816313733,0.018344269464356522,0.01596520035967397,0.013170884003258942,-0.0008358981380269803,0.01367858787936238,-0.0056571198526232935,-0.009590159115826502,-0.0014514981865993981,-0.0003558007276278641
2021-10-04,-0.0035539202829922845,-0.005999199965047164,-0.025047026304056974,-0.009473555946104328,-0.002303702112980588,0.002201550044651057,-0.005626635171942063,-0.01259380008872757,-0.014126953852797941,-0.00013841082649124203,-0.004600378129657301,-0.017632267444342764,0.0053261578091532424,-0.013191154178066822,0.01974576684940854,-0.006141713631074186
2021-10-05,0.05672571642719482,0.0028739425480774905,0.012493321808284996,0.04616529324935015,0.01931163092028587,0.0016473582230116524,0.011196802388049099,0.002260296497782699,0.01835455342984682,0.00636239300740038,0.007142816522964557,0.016483480266594297,0.004936824747895585,0.01777584352492534,0.02993592033160697,0.015224575931340967
2021-10-06,-0.0041788590242666235,-0.011033063032120927,-0.014424741747152803,-0.0119550028270895,-0.02182869927423181,-0.02083309537760769,-0.01726400579237941,-0.006765374930042589,-0.012173995640652135,-0.015530491003763802,-0.008343753525704045,-0.007207159957834386,-0.0061106271622831665,-0.01830369143760413,-0.01372564431074208,-0.01264539689391786
2021-10-07,0.03227893942224114,0.016082315228203692,0.006877017641118588,0.0158363215747519,0.019368344084646827,0.019372802574616932,0.011872861851830896,0.032435695996275715,0.020966754330841164,0.010470570848313487,0.03660057551993656,0.02994553523665111,0.012417053795721111,0.019214295502379297,-0.0014033479790597214,0.016489734101073017
2021-10-08,0.0029705981820280503,-0.006844507117444554,-0.008581287313249253,-0.0015765536001187685,-0.0008260365770553779,-0.007250434107552106,-0.02023455675016983,-0.015080025342758652,-0.01598989299687581,-0.011881775526447869,-0.015827792654144024,0.01427320797929843,0.003810484851017426,-0.01717638328026394,0.015341536921940069,-0.006090689417748041
2021-10-11,-0.001403028168196041,-0.0067478974878758535,0.0052993408894730365,0.005789583803823994,0.0014467840682272914,0.003983674818376803,-0.022607949966044205,0.01180226171130161,0.0063724057847820426,-0.005173412691786394,0.011134187328902811,0.00538568296326325,0.0047448924705204565,-0.014492697703589519,0.02006919175781441,0.0016082043281433478
2021-10-12,-0.01311267595049237,-0.00014454158103693882,-0.00509583607227404,-0.0024419806364601726,-0.007843037469440706,-0.013005784311065915,-0.0035007061809069207,0.0006306537762978959,0.003482719479148466,-0.000983850977912315,0.006932971623338391,-0.026265798108556226,-0.014049497940043287,0.0036044700126389717,-0.011759560304231642,-0.003413749196854554
2021-10-13,-0.007434302459248143,0.01532448255484975,-0.007947645297847639,-0.014513134600473543,-0.02205121020515044,-0.00435491737649607,0.009535657191968472,0.014965271768952793,0.03155070875529353,0.01969612393700393,0.027136430884715956,0.0003549222245178285,0.00023948893875203048,0.00976855408187327,-0.009725301343341153,0.007524311680769724
2021-10-14,0.0030277747096001395,0.014238974453312014,0.009079501788858968,0.004790739267301669,0.008296166212516054,0.0033646605288812914,-0.0004970430775176338,0.027626981556593933,0.02033927117763401,0.02083337437711208,0.013801297447026295,0.010466525912793845,0.007182947925985506,0.025465963216988685,0.012131772413050745,0.01331287263809311
2021-10-15,0.020654650871972713,0.005896378417218573,0.013585107190710932,0.019777416955181426,0.00949357308622334,0.012631299317103384,0.024869301253583664,0.01011926970753696,-0.0035970070790757314,-0.001081179899299789,0.003111606420078239,0.018082919473802583,-0.0034471049649527075,0.0008323783415862263,0.014954268172206131,0.0063289049769525985
2021-10-18,-0.004047251780021077,-0.002372706923575607,-0.013925073883250705,0.004502150047257736,-0.0008358765109407473,-0.007395855858147726,0.013103664455178965,-0.023923368951487056,-0.02226229896520393,-0.009876916813512104,-0.013958844124689285,-0.021727876038447835,-0.014074340391094231,-0.012059847175546867,0.0043864406123528266,-0.008089150491861652
2021-10-19,0.0020317977586112868,0.0006995922362809104,-0.0086496717784037,0.0015514619200487356,0.0012549142380890999,0.008563275511830781,0.005748568698032752,-0.00367663303202459,-0.006153885618796595,-0.009155560987537892,0.007864818196561707,-0.021681749570351294,-0.00036292746324428915,0.0025256309863077586,0.004031142924323605,-0.0004870300089071522
2021-10-20,0.007175153127640943,0.005452200598177859,-0.0014245007916935393,0.0013770000261230653,0.0025067837987089447,0.00860055041815011,0.004762993259994186,-0.005842552292163905,0.015634637535953733,0.004826989247696867,0.021849428244848035,-0.017837756525262538,0.02178387867516207,-0.0008397176908512272,0.0007808854594693049,0.005361404694472105
2021-10-21,-0.0055753022759783555,-0.0019465569846820463,-0.006954421977622305,-0.01014103463720839,-0.01083550020838453,-0.002295772261810325,0.005570054239098843,-0.004639592505577328,0.00548704439726766,0.013724841287481082,0.014127385063313236,0.014492766241177346,-0.005685210055983658,-0.015828569762116773,-0.014376304295134146,-0.0028990564322418644
2021-10-22,0.008565592876138117,-0.003343620937315994,-0.014365156102423282,0.0020837022217641277,0.008847622457987647,-0.005369498617498247,0.01025335718021636,0.0038843310146070564,0.011520602364299082,0.05077176581540588,0.02259052854621868,-0.000723322494700529,0.013817770381701955,0.009109084371526688,-0.009384924023157715,0.007107210867582037
2021-10-25,0.008029711521218452,-0.0011181870180262399,-0.015485509449209789,0.008664009595553468,-0.0006264089785356086,-0.009033833841966543,-0.0029164567287263132,-0.009441014167288486,-0.011239565873714108,-0.010823251009654089,-0.010309434410740281,-0.02497290408130648,0.004934721753703908,-0.008462664830050315,0.002739306628603,-0.0030918893504030542
2021-10-26,-0.0012254920530916369,0.0034983848752001556,0.01720946651846411,-0.0005152887406758566,0.021730065385358488,0.01889954156190754,0.009944976504208114,0.01374985161390696,0.007881206876616309,0.017194182295819926,0.004092361820798862,0.04361541049798112,0.0014031017707762938,0.015931651560805005,-0.0040979038645873045,0.007990568490244154
2021-10-27,-0.0052147571244341995,0.007669795205503371,0.000545751980799869,-0.00618780240736494,-0.0016360540922114586,0.00043642634116114465,-0.015755315345861387,-0.0012332065348140686,-0.001052693058484211,-0.00537848590676282,-0.010744792306803697,-0.004090351501130685,0.001401031311231149,0.024082979741754773,-0.002514371836050966,-0.0019197114234195123
2021-10-28,-0.0015418101098778614,-0.006365853934638621,0.018181809934540993,-0.006226151741526964,0.00020479237934689642,-0.00021826878569364272,0.01730240839008812,0.004475374260320519,0.011139826728193691,0.013132599460312644,0.021348165767854477,0.018571518464418624,0.002564963809314591,0.017910788315683712,-0.007791964939897644,0.0075072251456831385
2021-10-29,0.006794379120468985,0.0044568964826774415,-0.012499994431247163,0.007657586389155702,0.030514054316293837,0.007636348972841711,0.034941481199002755,-0.0041481010309825095,0.008187811371029863,0.003812447164477595,0.005134066320993114,0.017180880641989527,0.005116907313692964,0.0,0.0017322769710532704,0.003838739500122035
2021-11-01,0.01211641843881961,0.005823613505471226,-0.008499167196504787,0.03056978211701611,0.005763095684739872,0.01667199090159599,0.0272777446514314,0.005553981201287472,0.009155434964745357,0.008228888744635121,0.01058005803328732,-0.008790048351605129,0.02163601645473312,0.0009401759187854797,0.0036888903534582074,0.00921626108693574
2021-11-02,0.0027279153977470827,0.004411293545693917,0.005836294668383646,-0.004022049318065712,0.011065047081760149,-0.00010640724762933651,0.005223696683759771,-0.014114853658676041,0.0020486035773445987,0.004520265768546583,0.00974725307954527,0.0013910531925866998,0.014835783794119761,0.0077832325078797115,0.0033311108508307097,0.004894578046557685
2021-11-03,0.004382569821979265,0.01386216815226593,-0.020852287176442053,0.007571958931959388,0.0023452134997445917,-0.009584739812483423,0.020352978677335543,0.006847164468108735,-0.0033586617065027857,0.013875011875748466,0.014658646179944279,-0.010418406386934254,0.007030367719871533,0.015446133738436618,-0.017515699816718966,0.003409847787592124
2021-11-04,-0.013241067283149777,0.011506734140053876,0.009259178694394743,-0.013359897726855863,-0.00370442531779569,0.0029031893550715004,0.003607379085248885,0.0030911137864335636,0.01465210946847062,0.00801372794232269,0.015503802727857341,0.005439410276933732,-0.006094774109427381,0.008916827817516015,0.007923849177190245,0.005343404896026582
2021-11-05,0.010064084489196823,0.003345818337483486,0.044954267308774165,0.00727797068852043,-0.0019570215919509915,0.024552550645893234,-0.006977472612428759,0.016795044026106876,0.023682327743695053,0.009784784903982713,0.012491275414936664,0.05026179564341127,-0.013714012619838178,-0.004419117308109621,0.003699125025211858,0.007584658340294093
2021-11-08,-0.001962575761965568,0.00346803967842102,0.015276478680910976,-0.0020163883970564234,0.0035293566713949787,-0.007430060654422643,-0.0002130160659569169,0.006516349798435073,-0.0021159444205709477,-0.0013323945460188558,0.005140632710894266,-0.0019939391242979054,-0.0028259960057150924,0.008877357747687498,0.0020734309660608297,0.0009501691385673805
2021-11-09,-0.009227072223319643,0.002924449652486949,0.005880388027512451,-0.008755654856191786,-0.009183294557932542,-0.004322571352653015,-0.016931075333626144,0.0266484012818875,-0.0001414244321182867,0.005579151016829931,-0.01772945689329941,0.004162443554283746,0.004534671701379223,-0.0018114931209688434,0.0008045332155579565,-0.0005973711098389289
2021-11-10,-0.018473273050865213,0.0076870668423481,-0.001031636421298332,0.005605503146344226,0.012423725777276573,0.008047423221799965,-0.012240038492865701,-0.025077016315629308,-0.012300240137477991,-0.00048239062837585056,-0.0072889594849012695,0.01973148730802965,0.013655153252592145,-0.0019447125580426272,0.008728250935254867,0.0002683606781379577
2021-11-11,0.0026443363053352265,0.0018414612755839332,-0.012908843992323615,0.004729861911566768,0.0033111488307819847,-0.01365537694871044,-0.004715345510924451,-0.009326164140904036,0.009733549884904935,0.0002413117207005211,0.007692226644646638,-0.011544734697462866,0.0007795250727795633,0.005455484482208339,-0.001138247142192239,0.0020424870575488363
2021-11-12,-0.012410815487052584,0.002888294398927016,-0.02231901269368952,-0.0035306967257108246,0.0009707692673013302,-0.0015975548075276569,0.008704143164028899,0.02915299712834929,0.02480875843366559,0.015683435312074057,0.02602360859205377,-0.0037835893828671585,-0.0074536496052676204,0.007750867523756755,-0.015729949213169947,0.004511632970575885
2021-11-15,0.003926976144458916,-0.0052362908279470766,0.01694309929201232,0.03290031235045121,0.003103205129407316,0.009386603767443935,0.00753690587426914,0.005458849821767808,-0.0029050442548101962,0.0073643007152290885,0.014541687645140078,-0.0037978286907917047,0.009526980300645915,0.0014099365823900811,0.010769945313569229,0.005250018470463802
2021-11-16,-0.006102173563329094,-0.006053513531956822,0.008418168151306471,-0.0161711566610111,-0.011794304943738787,-0.0022345008173102476,0.019297523984061593,0.04358021433745485,0.012347458265022038,0.007428398424932148,0.023999905343278227,-0.009779513537672924,0.0011102322462732683,-0.0023039588759351526,0.005041296522470873,0.0033625276157966955
2021-11-17,0.004880191029900338,0.004104340607170132,-0.004869635065537836,-0.000830125402922155,0.00039132775321593094,-0.009491193604025283,0.0006381693666059896,0.013920000263908383,-0.004933602339446397,0.006086065928696538,0.002604479911605173,-0.027452374521362066,0.004768803573584446,0.017577425316108508,-0.0072956958247202275,0.0005941895173746659
2021-11-18,-0.00908657355930953,0.00210970615834305,-0.010311075546295512,-0.010967135270425699,-0.005280716289338239,-0.01701124735577675,0.02657307598119485,-0.003328013755305337,0.0033053148847335123,-0.016053862523200513,0.03409073949828989,-0.003270168124257067,-0.02571747877503916,0.006556763007459665,-0.010795167695591856,-0.0020777460732857023
2021-11-19,-0.013596832966377148,0.009868534133969709,-0.03408086084672124,-0.03024186455394806,-0.010420827396223409,-0.029025195519824964,0.0010354229054616582,-0.002504584841971358,0.006863417296443686,0.006147871370329794,0.05211929677595428,-0.024693496207412458,0.007137297101033946,0.011023264750910977,-0.02728094509767498,-0.004157102300404558
2021-11-22,0.01955447242572883,-0.0005212698443458619,-0.005667273466411826,0.015938949658372836,0.00913983498942339,0.009926792705047038,-0.0025859230809329725,-0.012833022097053948,-0.007089145636532845,-0.017978778748789837,-0.019098784989951323,-0.012039720012438804,0.005174281298349737,0.00421269855673434,0.011934469543654513,-0.0010249918131095548
2021-11-23,-0.007545994581804605,-0.012905733759743798,0.013605435936224541,0.004263257347606686,0.003937647208436923,0.011727615575371386,-0.02965881377420243,-0.004804362138120077,-0.014005243165043035,-0.014718110256279227,-0.015515580140989749,0.005555625250414309,-0.010966824122264351,-0.01357195239491038,0.011557976398800296,-0.008498224181914149
2021-11-24,0.003168122884057434,0.0015847544072606912,0.010883361663007962,-0.00594318785233261,0.0017651667379516844,0.011260866308961726,0.005343743938340806,0.008661147696861216,0.011140396583965595,0.0020643916134099882,0.0067985241007877395,0.0023168973719698283,-0.012106846074470101,-0.023389578563731805,0.005363328582432825,-0.0003392853949524266
2021-11-25,-0.0036318143899904953,-0.0021096407897440717,0.007177384944092369,0.0032455082694633486,-0.0027408083823038387,0.0018559951642180827,0.0015945308402038894,0.011542672687444133,0.011844166504690667,0.007150739865032563,0.016881540690724783,0.0016002386434286198,-0.0075593719950511895,0.003585970817943762,-0.0006958725136779753,0.004776915382208369
2021-11-26,-0.04389854762261114,-0.01863111499377168,-0.11491169522500122,-0.05857304109507422,-0.04888114103512953,-0.08445025450958421,-0.0507323724631259,-0.07389362702432378,-0.058119023395288294,-0.03176889317811016,-0.031693482190819355,-0.10260964317195631,-0.01892666323516068,-0.03279733344254965,-0.05930117059612383,-0.04750513098060627
2021-11-29,0.005469882470764631,-0.007943968621424102,0.0033212962186455197,0.0016277862451363756,0.0004128124532254418,0.0016661480044142252,0.008385465193664343,0.027498122990594176,0.007514480602045737,-0.0012428597277066578,0.022443961143495228,0.004945683077586471,0.007058106428266653,-0.0022428684394849574,0.016530675654496507,0.005418617605910336
2021-11-30,-0.005440125622980796,-0.010450494870633653,-0.009730283358924896,-0.005417136210643214,0.004745234641948759,-0.005940770479161417,-0.018627277344846482,-0.0035096511116771145,-0.010947831388326001,-0.010701797689428139,0.007926788868441115,-0.027755992160603205,-0.020441671189414756,0.03292763507266616,-0.014320083789984395,-0.008129842280022115
2021-12-01,0.01989052146103587,0.013852592499413507,0.03241489720611046,0.027414606078268733,0.036345113787450645,0.03179499974557176,0.026098617730942575,0.034781123132902714,0.015875423850951087,0.021760859794725862,0.009376964895666529,0.043936009450091795,0.023610774982863347,0.04186394662458204,0.03262712705466053,0.02391104470082528
2021-12-02,-0.0013001807777527352,-0.013122361856126585,-0.008045522620357515,-0.0024738225750083886,-0.005151675065519279,0.00486568536302312,-0.022571965955294093,-0.01645141692163632,-0.015627333310979208,-0.01969717563095863,-0.030866109747834547,-0.009503543444550733,-0.019221751981027158,-0.00995319930474936,0.0021461249408161187,-0.012514057330494266
2021-12-03,-0.004068314282617447,0.0010967782622746114,-0.025222500427727224,-0.004960279665569334,-0.003983325667228033,-0.016370682793784952,-0.0030415555079400525,-0.013698564711370098,-0.0023303286429304793,0.0069071018439696985,-0.006493507006258281,-0.034070815032199,-0.004988753373110777,-0.007819260067866707,0.007376795894251664,-0.004448365591546155
2021-12-06,0.0062090249984887436,0.018485505620609244,0.04353114004024938,0.020829787814798495,0.01839634561444936,0.02097987714730931,0.011864494161261563,0.016520264653517858,0.007445116192286161,0.019206733244439445,-0.029567388643326975,0.05189545595174527,0.006923837995784554,0.011008097880320644,0.026101228818771194,0.014819225327182828
2021-12-07,0.012179392582124526,0.04409783777853549,0.02956055121430734,0.01604448939555403,0.00608678045376565,0.012398140825383042,0.03941915521593864,0.05738549141798477,0.05057256299147572,0.03964755120075081,0.03880697374811515,0.021969480675774422,0.011973857851803826,0.03476870904768403,0.019336948962526357,0.029073223699084494
2021-12-08,-0.004812966676051356,0.00012875852650218178,0.013033616827295091,-0.0022312370896494516,-0.0029274648797622538,-0.012019794988925026,-0.010850869995257306,-0.024075183855706728,-0.01420691714505129,-0.015419044040813179,-0.02624267608248909,0.013765813958136475,-0.008903449285588727,-0.0057394581772002295,-0.0011290876658954785,-0.007192852980033915
2021-12-09,-0.007415962962604605,-0.0029611925040653464,-0.016408718825934643,-0.012214102459822795,-0.0005870795376379245,-0.009640589096092445,0.008906277676402397,-0.012264774798930733,0.00041979206189246554,0.0020323728684545905,0.009828785476654334,-0.01450897964041975,-0.006028496867338307,0.00914010690508782,-0.006217560734980254,-0.0009038107694232522
2021-12-10,-0.0064965736984199385,-0.0023244296668132325,0.0007582934802288221,-0.01236513144218676,-0.0062671858801505165,-0.009850504052557496,-0.0034448840187231156,-0.0115704579577387,-0.0069928613695547925,0.004652749664629807,0.0,-0.020196205143877655,0.029016663717656543,-0.005362939649987353,0.003071302275367005,-0.0023614813916813526
2021-12-13,-0.009318266791380259,0.0029769068184468672,-0.02367871584131087,-0.01251985144924106,-0.001970811522901683,-0.008309937647340337,-0.011558906324935947,-0.009136439992840528,-0.0014086624248739188,-0.007243777443952215,-0.0062793473718577575,-0.030244719242215834,-0.001040087279183255,0.0005990841387839563,-0.014402216491763764,-0.006975436276416946
2021-12-14,0.008745792215856474,-0.013291927611640997,-0.005626775662150196,0.0016073322648408883,0.004541798475056202,0.00035407857021851896,-0.015737701918194236,-0.0059069682083287,-0.010437282777298607,-0.006698582349884963,-0.01421811272520157,-0.0011918872475134012,-0.01110602246475112,-0.025506039283326842,0.0063283338862143435,-0.006855928794267996
2021-12-15,-0.007197840335048444,0.006539419752202624,-0.024487835510233702,-0.003565771019786168,0.0,-0.0018877146253328814,0.011881057609432144,0.006376794723593315,0.0146807524865753,0.005057797425321864,0.02532047562119688,-0.020485265053783452,0.014389341374459574,0.01376263817469714,-0.010176057349421286,0.004687218405569515
2021-12-16,0.005107974527497783,0.005197314958948374,0.02410235963632812,0.01914478313588841,0.012581093926682607,0.021276494436417215,0.011302525273636066,0.0021602590442650893,0.0019665497749481453,0.0027558949181007986,0.014379525532814075,0.015228445961979364,0.004843768213172561,0.017091040066183227,0.03211279699775882,0.01117841783066087
2021-12-17,-0.015901623730401493,-0.012409395335322926,0.016992263191182744,-0.013869458900516385,-0.014560318860583843,0.0025464586719674553,-0.02148443727496141,-0.008765594130780263,-0.0200476088570245,-0.012904861969333936,-0.06009242069990739,0.0123999967095334,-0.0027544665553427272,-0.012751802446896998,-0.02271959215449093,-0.011197595937596283
2021-12-20,-0.009162031180567243,-0.020549710998600035,-0.019973025288193447,0.004450820322310811,-0.019700542083500028,-0.010043807229587975,-0.001219750167983702,-0.011452726778735434,-0.0017167892468954449,-0.004963049371451533,0.012131275657765173,-0.017779493836875493,0.00011498340983084887,-0.006156372354485851,-0.00675712104531101,-0.008161225027559338
2021-12-21,0.023369220850423922,0.0012026523941051082,0.04644316447835806,0.04324707075331036,0.021302286925879876,0.022856964713210193,0.0092150204591821,0.002199757801990776,0.005302355890320687,0.009489050921983377,-0.00453525731571236,0.021118160935924335,0.008975916423677122,0.010202772061094434,0.023867663545518836,0.013812045730035472
2021-12-22,0.006406930496662078,0.003336886732586475,0.04007481289961867,0.008324896115803115,0.004919368065118945,0.01858408178853921,0.020462095688836612,0.006584889438176589,0.019814858711621808,0.009881917124930695,0.00911158986419247,0.029741972578456677,0.002052891201054674,0.009618867572443346,0.006981755437298842,0.012445055137651373
2021-12-23,0.015344539490497633,0.007715898956901945,0.006842063417555,0.01095190090730247,0.013706726046386342,0.010969348333913276,0.003773175875645407,0.0011629108381525644,0.00922546707046612,0.008711175166729701,-0.011286709785378157,0.02371851001790204,0.0034144757877900833,0.016910711786724653,0.00917002669812006,0.007725826800223157
2021-12-24,0.004019259024593103,-0.006732718522443282,-0.001430688882533948,-0.004166623792226987,0.00038624544123444515,-0.005757277230246771,-0.0070884706995582025,-0.002468402771272027,-0.006371091899357584,-0.0007097953602541729,-0.001630745809464651,-0.00317647237911467,-0.0034028568155840544,-0.0016394448977578024,-0.007645994467553874,-0.002753927863567207
2021-12-27,0.0011209380778598454,0.012759245371137151,0.0059098143828615335,0.010543968765652778,0.008688940702383574,0.016480911736214132,0.0060573071185379135,0.01746711776234955,0.012405857504276474,-0.009944347063844172,0.00490031188201745,-0.00018740312933573922,0.008081027925337603,0.011847480484660222,0.004019888602356136,0.007593233689668244
2021-12-28,0.00367886795883976,0.007086504698648799,0.009613668509132145,0.007287091996980077,0.0072741191652492265,0.0013147838715565907,0.009353985272797294,0.0022889871160440833,0.0061956762610164695,0.007054896424549373,0.004551393478729793,0.0018747532829128666,0.0035000079851166266,0.0038255526617121394,0.0066733563401779605,0.0057027313329984786
2021-12-29,0.0014342256668486986,-0.004821373636688553,-0.011461818269269508,-0.0018085936112149925,-0.002090493669992699,0.0032821929712711917,-0.00298274301958501,0.004139468206179497,-0.003968049341705471,-0.005343059813832207,0.0006473476144293056,-0.008607801741704724,-0.0008999768634935235,-0.0008084574513984588,-0.011048384091734365,-0.002727968813033721
2021-12-30,0.00286434321913398,0.006154196095314202,0.004994720538632702,-0.0006589005386459235,0.0011426831038958696,0.00305351147829791,0.0023505439121047633,0.006112099992319875,0.002884893526666099,0.0022680254054177063,-0.005498110419427604,0.010570106287054903,0.0037160636985338336,-0.0011556970557640156,0.003239712421380103,0.0016351222792876374
2021-12-31,-0.004284243285496925,-0.0023425153897735917,-0.0028399729383001837,0.0016483798380029224,-0.003804412301619764,0.010111056898819415,-0.0021316767486080357,-0.0012714802361938338,-0.004109666185399097,-0.006788833930532978,-0.00097579958886862,0.005416511944182023,-0.006170676895181804,-0.0021984697934173125,-0.0060132126131091646,-0.0028160529311761495
2022-01-03,0.014979970550398125,0.007696366939204946,0.033641850493098646,0.0070758269206525615,0.012029738406963641,-0.002475733622689491,-0.0003204032771093601,0.0015559881432531952,0.005502166983463841,0.02170513553450837,0.004232040863675568,0.022478132769906845,0.008467007454528108,0.015539717382645035,0.023197685428185455,0.00897387982651865
2022-01-04,0.023708665047867727,0.01928793351884739,0.023592206155003348,0.03349678862062011,0.01905655503167525,0.02211918902200871,0.017736780604764357,0.01624309932892376,0.017783920730672476,0.012675997217579171,0.010696766136887526,0.006722375209061493,-0.01410510808454346,0.013475042613426691,0.008445933872816669,0.013882067946352494
2022-01-05,0.009969302349103648,0.016256106987476038,0.012786067278213853,0.0012647992040770717,0.0016664664555703368,-0.002850211306269834,0.007769117982344476,0.029603835927330957,0.01881711313193657,-0.007417611537058999,0.012508077534503004,0.007940823857174317,0.0022708894638963084,0.0018027824769506484,0.012012661161235005,0.008057490242929788
2022-01-06,0.011541349626060793,-0.01899532520365499,-0.014618002201530866,0.013579680239170777,0.0097966436401844,-0.0021173095727378133,-0.04813003804768501,-0.030642626454417732,-0.04076523280326061,-0.03549746901926498,-0.046879877397075775,0.0003580288754254646,-0.0014727337360083137,-0.032504883641333304,0.0004356904085398572,-0.017177820381091835
2022-01-07,0.010058652205155338,-0.0035667867847386514,-0.007923055366339415,0.00482937524621585,0.005674532745534755,-0.002227960176632293,-0.030535305866160045,-0.0009745736408484085,-0.015541148538528171,-0.008353528675945854,-0.03821884114328511,0.0037588071825354064,0.00521899929855385,-0.015345192940639185,0.011428869621219251,-0.004162978005973317
2022-01-10,0.0053507317472896165,-0.002301250695432855,0.0018689459913325823,-0.007751937366151873,-0.002366263853291306,0.0032963023747822895,-0.015804915318456847,-0.03247855520052023,-0.018301186460209062,-0.0363812897039425,-0.05044911475512248,0.0042796427229996326,0.002821732411940614,-0.05135776988145346,0.006026856381770029,-0.014365295176116843
2022-01-11,-0.0019219547722012509,0.0042285955974201705,0.004240302671023155,0.00562493845173706,0.016055547597356945,0.006782453949004452,0.0055059134120789555,0.023339667423483368,0.010388724708030095,0.004307569490734409,0.0014555465868766326,-0.015625106429803304,0.012943184180290723,0.02053528716127473,0.01839962766281822,0.009501412088315897
2022-01-12,0.02147829566225834,0.009314850433932875,0.0021955741466772594,0.015071551016531792,0.00269336727598235,0.0021050815786569643,-0.0031941003548225932,0.0067576186175306585,-0.0018310477326947128,0.009335081951964641,-0.002543481139498094,-0.009018699829135168,-0.0004445377265213102,0.02719512263656365,0.030672353070444025,0.007490910890359581
2022-01-13,0.007685638562687558,-0.010240263373346603,-0.011627902088082398,0.024950204489990968,0.010566002973317223,0.02384475506842776,-0.008239774151126644,-0.036115739969219685,-0.026386339810788306,-0.028121422763657145,-0.03169410741807799,0.02257007094394914,-0.011560732757595504,-0.004748957572110246,-0.005197703711126045,-0.004981188137849979
2022-01-14,-0.008634396334384009,-0.011751157749454122,0.00034093492736886333,-0.009856510475654279,0.0026581332700941207,0.010259527180153105,-0.01557815256264361,-0.029741947400377722,-0.02115948961718428,-0.024177024118678947,-0.02294966582036906,0.003916099216294322,0.0191182462503654,-0.027913703895049324,0.01495742365707331,-0.008073740493160564
2022-01-17,-0.0036289435168905815,0.0036189440723557453,-0.004942757477955584,-0.003770777221500876,0.008837125325564799,-0.005484007218044984,0.019810083527605604,0.023741594283065215,0.01628675425209747,0.015419168604163369,0.03581073912128141,-0.002127785495885326,0.017435600455346867,0.002208881148278996,0.002826067092857043,0.008209454951525919
2022-01-18,-0.004370612070156321,-0.011075297684697616,-0.007536895146198486,-0.0006056297786332099,0.002102223096689837,0.002144559381858313,-0.01080462415820116,-0.019961872087556065,-0.019522353712642104,-0.024010374832522996,-0.006319666323137074,-0.004442081131137421,-0.0015185141922672285,-0.021182765091879996,0.014997843243526265,-0.009415918777725296
2022-01-19,-0.009364954239120982,0.01445502444786273,-0.006558505978222828,-0.009241002857265146,-0.020804185889223836,0.0005094322866447953,0.014176122960188664,0.019619581057046975,0.03670141038787511,0.003324441285077695,0.02394304730943686,0.0010708478318244286,-0.003584666472953524,-0.0022517101941716966,0.01666002820428525,0.005487921903802873
2022-01-20,-0.003692828733110609,0.011168115557975478,0.005211878248258639,-0.01972483581451745,-0.006248906473735882,0.00692534812983614,0.01191561786573403,0.001615700831794964,0.008886431688194474,0.009410191763550957,0.0014614897361229229,0.004635447331032383,0.01297296938568171,0.01241214874975749,-0.011315066646909733,0.00295277218658363
2022-01-21,-0.015270436362850637,-0.014853404106506485,-0.020048385468262153,-0.026049039367841753,-0.011318761534955035,-0.00576516737375099,-0.01721005795139441,-0.01921091994221502,-0.009518453199409693,-0.013918033992582068,-0.004743003094518583,-0.01384203694054642,-0.021308646009926657,-0.021795558363672085,-0.020915493871696667,-0.017454478323075673
2022-01-24,-0.03176757400999308,-0.028865935780887253,-0.0534391338447846,-0.03747594080624661,-0.02725784560379907,-0.030722292817566332,-0.03675113631738458,-0.029754843669691833,-0.04934032758109275,-0.024367534959293335,-0.04068883695389858,-0.06406334424788396,-0.026611075119172933,-0.05089244666265025,-0.034361165051594034,-0.03972501034782505
2022-01-25,0.016482712461185045,0.009156081648076242,0.0093161879321082,0.032612280877021727,0.014197736360550772,0.0029386841778318296,-0.004425308205053713,-0.006318399994751367,0.006336792820044179,0.009553752781664926,-0.004203485505942517,0.017881095743412345,0.01954384282885413,0.0016004724253013691,0.024835720731598565,0.007391201198958974
2022-01-26,0.01927489947318195,0.0018408464125627688,0.05427363909274652,0.030454503324972793,0.025234786466560966,0.016952828823018518,0.011532846788740336,0.018145194354606042,0.024887489909082294,0.0060835333508475475,0.008442164786987894,0.03173405402837193,0.018725599058670994,0.009988037281249751,0.040016073222457926,0.02105891242748048
2022-01-27,0.005703120236842274,0.007481293675067668,0.0017510060640142378,0.008600444081264369,0.01113904901938989,0.004013126434537995,-0.002493941133921429,-0.0053312001559718825,0.015213611112155245,0.0025529763079576995,-0.01636245580846485,-0.011168105327745259,0.032086186347596524,-0.0021096645814518977,0.01311948874815494,0.0059925642633422704
2022-01-28,-0.010446291161665955,-0.015112080060240007,-0.02656884277510918,-0.02666678259382438,-0.00746271349189942,-0.008711786940951982,-0.011787201026424943,-0.00796342356338442,0.032276732129437935,-0.013268952306220827,0.002321140037768954,-0.03777060887702122,-0.006639268786039931,-0.025105706233770064,-0.00966372631727408,-0.008246237575898152
2022-01-31,0.0013572261626899618,0.0011905344283145158,0.006643993892536892,0.0035044221592048785,0.0008951723182912819,-0.0006203696490633126,0.004939764905761201,0.01312137090538168,0.008654379534656531,0.023770876759311443,0.0177537041789817,0.025784008663767732,-0.01601958326859143,0.012198544160581415,-0.019906367609206055,0.0047833601871623
2022-02-01,0.0177711870652002,0.004491927976410626,0.029611117753497895,0.01936503531751055,0.010731422763528231,0.009517986875498208,0.03752545238678584,0.023464953075952977,0.013285297233623927,0.002520710976386953,0.01896111449676896,0.040892841682899306,-0.0125066624402842,0.021692539024510182,0.021505510912684045,0.014328785613199946
2022-02-02,0.0034034154377096115,0.012889707287142338,-0.018537688487822668,-0.011678564289825832,0.009025082201558732,0.004099128525894669,0.01883529060658784,0.010867752893332527,-0.003960641919477981,0.00476443226118084,0.004838132087744196,-0.01009184191937429,0.007533371225653562,0.010222649599473943,-0.020467922065476984,0.0022226645343979
2022-02-03,0.01327232496612707,-0.019607864595742375,-0.014651433919842805,0.00267849376937912,-0.008944358629685567,-0.004184428428361864,-0.02517863302780432,-0.02886563283243504,-0.02413278533369556,-0.018703787043034215,-0.03259272276413483,-0.022210153643028918,-0.01072816872864546,-0.0319148084365245,-0.010746286948239092,-0.01540913224906304
2022-02-04,-0.01193416218470933,-0.024768139117251953,-0.011823713812642245,0.010370789203791864,-0.027782599645621797,0.006354389367502655,0.00011629933188284092,-0.010919162830859808,-0.007868409824922318,-0.012751870748610505,0.0030629597641533834,-0.01172954516285385,-0.010953951920094407,-0.017287571039034222,0.025347023616070885,-0.007743771924505483
2022-02-07,0.006628294003053092,-0.005160959924675912,0.023749082804700894,0.02161735706510015,0.01747365738505735,0.007230889163568177,0.010702579567882342,-0.004293184368458491,0.014162285514669248,0.009789449876016931,-0.0229009292793112,0.01299919650515502,0.03112180585795521,0.004091059056416935,0.005101002526461285,0.008324982688773241
2022-02-08,0.01653505763980334,-0.00464155664900745,0.023906414832264966,0.00471917745615702,0.022361302402815975,0.02487366689531134,0.0017263945940992897,-0.009085361669254222,-0.013964516051276799,-0.006597555494439522,-0.008203225727614227,0.011158490817224642,0.006552196744181726,0.0,0.0011711802358411738,0.0027335529835574857
2022-02-09,0.004750128200965875,0.00027422595593207255,0.016084537904020202,0.010757585832477767,0.006124256378062576,0.01618001904891786,0.025049124087247243,0.0023308205047325448,0.014870367134115048,0.0067768494854814065,0.01811741135008571,0.03604942090019869,-0.0025610572557939193,0.020100482855953672,0.021641630765732334,0.01457936066400145
2022-02-10,0.013896834371649902,0.01467158701486504,0.006808507265215091,-0.0022486230885527814,-0.004869498450488008,-0.002330269090660808,-0.01815941683259803,-0.025116091700599807,-0.014512919705284566,-0.019924655698667526,-0.03597678148683359,0.021480523775137872,-0.006526163269590768,0.008254553546024335,-0.00896926113170804,-0.004113107864247456
2022-02-11,-0.00692381372777362,-0.029189275738164766,0.0016904756515410124,-0.02493986048234831,-0.006641118120245926,-0.005255062290551393,-0.036533882366817094,-0.014312952507835264,-0.030019845680777424,-0.0001373009136751424,-0.03531284172366611,-0.0005213386271369913,0.010445783827130795,-0.03301205395320328,0.006162001562665331,-0.012666208011647972
2022-02-14,-0.03528738254155639,-0.010857348501812858,-0.018565394329536855,-0.04853613589724859,-0.029732482338465704,-0.021326361814995032,-0.02559544282093207,-0.00580840377247116,-0.021897740016273315,-0.02981185408437137,-0.012895063489003156,-0.02434356840766083,-0.017371793183751594,-0.02963269864311524,-0.02143534304185668,-0.022733741246456995
2022-02-15,0.007522025809339361,0.01688707876225215,0.018056814834094714,0.028825784016833333,0.019764197520474536,0.01539381322689426,0.03210492654339703,0.024829492598679392,0.03582077811232143,0.01770031880352585,0.05436137730411694,0.02477270849820834,0.017678907508707598,0.032930003708041555,-0.002542567494813963,0.018646568385240148
2022-02-16,-0.01639577225735278,0.02684756549155165,-0.0043919602775917,-0.012277625203351739,-0.004267415904389615,0.00964740289441024,-0.011193570868069935,0.001742053248046993,-0.009222018396002007,-0.011687666029528754,-0.0075939059726199964,0.008695663537674037,-0.003623524418955637,-0.007220690148465492,0.008235233539874098,-0.0021476072122945666
2022-02-17,-0.02187827697637401,0.012938013602940446,-0.013233721867432768,-0.011633450900166431,-0.02892855049300458,-0.0037051326088803904,-0.00953269855166472,0.04947832543114683,-0.0050900254415039425,0.004082866071283275,0.01087400216657275,-0.014137973898694867,0.0014974655696871064,0.004528618083756042,-0.014974656131419684,-0.002607352253836348
2022-02-18,-0.006695030234503463,0.002793933948441074,-0.011347929141805713,-0.0016124161936791337,-0.009930143602349784,-0.011743865569769807,0.004451294707839226,0.0040668292157204355,0.0032158874257386394,0.011637645736765956,-0.04143425305788906,-0.008044718038895837,-0.0064083048846999,-0.010655689236006904,0.00019728762698778546,-0.002474505146415451
2022-02-21,-0.01700363909819702,-0.0269337883294547,-0.024869624941706636,-0.013888908507360465,-0.013001531916116416,-0.016042811292524606,-0.017487022408124053,-0.022202075735909266,-0.02054486677356726,-0.03963954611403142,-0.0004165929447517147,-0.02150923454443865,-0.009459184028937195,-0.03700652549679817,-0.014212390027351307,-0.02038926197385238
2022-02-22,-0.002960876676829982,-0.0013634964995635768,0.017299870276556994,-0.006387182056469931,-0.01016176913440181,-0.015499166822920962,-0.011093678511728378,-0.013347832174300467,-0.0044631389201728044,0.006638590434378422,0.0066666723297368335,0.01963961777396528,-0.001193689330669323,0.0018643336222656792,-0.0011014355832374978,-0.00010897304949031295
2022-02-23,-0.009221632420450043,0.01215182977691076,-0.0012272083499443864,-0.018460446473660297,-0.006844183069396825,-0.010325113511483908,0.0023422875054710524,0.0052869280956424625,-0.0050807302319102465,-0.015053698802632964,0.009933730477219349,-0.007421757475692625,0.011951159278012602,-0.007585731080603897,-0.007015940765129791,-0.0010210053158027366
2022-02-24,-0.06452127365735127,-0.02482127758580155,-0.044058399747994526,-0.0748951833410284,-0.06087280915746851,-0.039148895928885485,-0.029885705536929263,-0.04068053897014223,-0.04490833008196038,-0.008296993440537914,-0.013934425544643414,-0.037742529965123395,-0.031457972270155676,-0.027112708232705507,-0.0386594726359929,-0.03828826947466413
2022-02-25,0.017200673035968173,0.023654784125895167,0.06426740400079844,0.030132740957796278,0.009783916020172478,0.029886167243408757,0.012931182703488364,0.029667771140062582,0.048278185654917705,0.039043085484565365,0.022443976382030995,0.059574439439472604,0.040572133684827705,0.03943076999457529,0.013649472988600309,0.03548207390279834
2022-02-28,-0.04956891839296096,0.004729707775622538,-0.00879916805517822,-0.07471366073293573,-0.019983782505619607,-0.013361201103306852,-0.019274205944354028,-0.002348812658212074,-0.010051064761756434,0.0029664710107548675,0.009756053597226755,0.0013968827030801378,-0.00426124835187891,-0.0032801094981526058,-0.055520733408912504,-0.013861690564674456
2022-03-01,-0.07762086372768195,-0.004976424445070626,-0.093298552313134,-0.06808231499408202,-0.04304849561639268,-0.03216265600838408,-0.044793186321146594,-0.03986818958126892,-0.05167457799851727,-0.02887315342763397,-0.03542681235940426,-0.09590241198512428,-0.0160478985022523,-0.048790919506842556,-0.027199065725082017,-0.039397287612401466
2022-03-02,0.015128616624505264,0.0058124274049684566,0.05279330121770642,0.021048329771079732,0.004089643112274777,0.017380972920565174,0.004675904017244159,0.012751409645194833,0.019495224626925545,0.010877358956799199,0.03297165669809066,0.04397316991648914,-0.005871592782457524,0.034747334061130175,0.08173611410160975,0.015872733551694385
2022-03-03,0.002235534307380327,-0.008735382011481274,-0.042487292086618056,0.015911139558490328,0.007073757309683959,-0.014505140772431036,-0.017287098288601532,-0.02453595227504568,-0.03228855038624967,-0.006312818790783825,-0.02303026571332134,-0.041566649828134405,-0.014218527364290856,-0.01104817556737836,-0.03751947305457326,-0.018413286198582846
2022-03-04,-0.07379188413752236,-0.029013049537564783,-0.07541417695939234,-0.07023258317260483,-0.052575461731595774,-0.05985612849319211,-0.034506197000086614,-0.07562459782128361,-0.0641398272050373,-0.028587922126056653,-0.04011582594490626,-0.06515029602578759,-0.025740539509677474,-0.04733208033116432,-0.03627501295701985,-0.0496537446273424
2022-03-07,-0.023580200593296574,-0.014381475554177348,-0.03202886535780236,-0.040152498015120996,-0.0015727944788831438,-0.04847511687463435,-0.00854932614934778,-0.02971720173225012,-0.0173071226378414,0.01620100295414395,-0.014217905405961795,-0.017422788159833225,0.010704986576456577,0.007869125343775485,0.008764035397734071,-0.013097094636177031
2022-03-08,0.00965991593013249,-0.025216035310652307,0.0014895195686683849,0.03233993353610187,0.01552665598571279,0.02937234784077658,0.012298520307647554,-0.01254627389075691,-0.03117286192428037,-0.039637301715235496,-0.055507154625267674,0.001469005811457036,0.03414077330609233,0.02602568194497823,0.018823734987095442,-0.0032278814782190635
2022-03-09,0.09068701646529997,0.06074700637500707,0.09571869304170444,0.09954028405881665,0.07866169386868571,0.0742362812009647,0.087278314211237,0.08520199566613051,0.09543730418345375,0.08437399233268339,0.0832948206527655,0.09460438984641772,0.027348017473328046,0.08370634284590972,0.010713977162676303,0.07125154620704532
2022-03-10,-0.07446818200000616,-0.027538027951667154,-0.03248015132323179,-0.04035390172398268,-0.028964726154090625,-0.03174246325873953,-0.05034681247460426,-0.04993125071675408,-0.024394275746594807,-0.048314502573399976,-0.039299398599337176,-0.030819206128925525,-0.01240844982296907,-0.04006605881618486,-0.011357696887281277,-0.02827718968778825
2022-03-11,0.004638022716756396,0.012679618794955383,0.03777936410685845,-0.006383803300409774,0.019674194448089377,0.006943555745823948,0.02880718729279974,0.009604852600903602,0.011906784371453316,-0.0017710224745233205,0.000444408738648594,0.028441523554233905,0.005369437095983587,0.01419967404934197,-0.002406718470548852,0.008546494879859257
2022-03-14,0.009634832858741893,0.028519730727835535,0.00965623405265914,0.04038368631164424,0.03215764825537959,0.03402693710786919,0.041672123505110514,0.013462634975783594,0.006387724936679273,0.020845689904745557,0.02177802096265191,0.011522950123142861,-0.007049868515419555,0.03167866786364426,0.0035094086327456253,0.01752165511061854
2022-03-15,0.00914510993653761,0.0012173602246958737,-0.013771991462892208,0.00548907062516113,0.007638190759441388,-0.0016400406116733324,-0.016405831522296133,-0.013106599989832435,-0.014531610952584373,-0.0036205356760988794,-0.031318046443284064,-0.02050497169292831,0.010972501718064853,0.0032900313943851067,0.00010936869026778595,-0.002345381831488913
2022-03-16,0.0673759547092232,0.019994576293526967,0.03588059371694863,0.05966065113838015,0.019748683454857474,0.019929963718679833,0.04400822915398961,0.05527631193189442,0.06593219341578083,0.04636628954588895,0.07543793660491227,0.04710218421114343,0.000957637245144527,0.048777018812526496,-0.0046989319776648,0.03676477367722275
2022-03-17,-0.002768538024963907,0.010066199439592971,0.003931846131964178,-0.023918967734313568,0.001760583194128973,0.002898965835983036,0.012535269173343355,0.00935383037240034,0.0014310863465394341,0.00250039557514814,0.005845529564310725,-0.011107069833856675,0.0102051197376416,-0.003908251711307376,0.010320360614578528,0.0036244023526821323
2022-03-18,0.008143635467634525,0.00013125233055766294,-0.0102574394274767,0.005654964442746602,-0.0050771379627914115,-0.008778686443099093,0.003034332709470622,0.018534294101701265,0.015242862743834573,0.005126727893015159,0.011207906350737984,-0.002807881583755667,-0.01831003642205109,-0.012293924554700575,-0.010975663993256779,0.0011675147781704531
2022-03-21,-0.0005508685987101192,-0.008391376755058189,-0.0077256423475358105,-0.011996131704879343,0.0025515708624082034,-0.0031319365473115868,0.002904195878225879,-0.014557529195765695,-0.009696586524992501,-0.02081614089533068,-0.005747144473568833,-0.02797078921577023,0.00010719114388102469,-0.0022511049308666653,0.00593353083575221,-0.005726401899005862
2022-03-22,0.015062507169781414,-0.00343777541287571,0.0279149938786718,0.01688466986880366,0.01820662276527285,0.013001052581880668,0.01894301388609576,0.0016784509422829164,0.016898371196076845,0.023088876741689912,0.008257724505635444,0.013325711759544223,0.007931390435813368,0.01433313981197415,0.019173022000472884,0.011710150844783662
2022-03-23,-0.017915380388940805,0.023086141868808197,-0.009421758081392007,-0.02555956666225445,-0.01115166234765308,-0.016898445904616644,-0.0060389968234746405,-0.026646345575317865,-0.03043962619209184,-0.01678826731755345,-0.012285139461268857,-0.005908211634047866,-0.004466027754240098,-0.013999787895052185,0.007720619449979038,-0.011709742850958715
2022-03-24,-0.016583742989805583,0.020879398535685656,0.0014919799100716613,-0.02163511525170525,-0.0017498770902878436,-0.004242772774862402,-0.003097485777466713,-0.006198194193375195,0.0006406663013958092,-0.020573757111372992,-0.0016581386036516044,0.00230059832085594,-0.004593162801816875,0.0005308027766848245,0.007553793706090994,-0.0038988723673504255
2022-03-25,0.0001873251318040836,0.0022865079405565147,0.0013035375694472329,-0.02152635750958276,0.0017529445277575384,0.0022943118609761726,-0.020793436061284587,0.008835638634264509,0.002081175109888145,-0.0015719131726658064,0.016611254192975933,-0.0009564202060882154,-0.0007510470997218466,-0.032626015422548504,0.019599384757547078,-0.0003187792957614066
2022-03-28,0.0058073504425344424,0.005196383863230292,0.0014878177958319583,0.021399934000809306,0.006027793105587431,0.003924074419100476,-0.00036617678941830434,0.0034346232332933546,0.015495043768720684,0.012022311942477826,0.011846225179047654,-0.008041302873249445,0.010523908276466543,0.01727452478895497,-0.01911751740005796,0.005406075143997491
2022-03-29,0.05569039443319612,0.002269623580282154,0.054410296835030625,0.06402977875278859,0.03633540717993888,0.035287870442520575,0.048101612033804475,0.026698503427038833,0.056788041258524435,0.04440678538632703,0.0553089364966326,0.06272928483398599,-0.022316566796196202,0.042857144441476036,-0.01884795711124554,0.030816043013681904
2022-03-30,-0.017643105681783067,0.002641742145310655,-0.019373011575108956,-0.023187227918141984,-0.01044390095461356,-0.016990164018793608,-0.004775874709132433,-0.02250359843986527,-0.01682062766504433,-0.007041474900628342,-0.003060397518262481,-0.018888502769786153,0.017173868683272087,-0.013440175257622311,0.025213094759165555,-0.007445394592685894
2022-03-31,-0.02244976201454374,-0.003011232438157707,-0.008979732350985259,-0.02166561063740835,0.0013192659017371433,-0.007895138079206943,-0.026802398779269376,-0.018246980265635426,-0.016805475454593877,-0.007636643141342381,-0.008825946238150029,-0.0072195368227711,-0.011434099831905242,-0.0034057647162559768,-0.019908680990583627,-0.012121729214698673
2022-04-01,0.0031232977158133224,0.0030203273458353497,0.00598034918324819,-0.004621522959597613,0.007716805153126671,0.007205302384249546,-0.003607978692235392,-0.0006948952039349532,0.0003079012013522675,0.010581345172480994,-0.016260017419368333,-0.0026105355314534062,0.01761976327501502,0.01458986343689661,0.01575088426401261,0.0036697324386516517
2022-04-04,-0.005128152789434126,0.011292463757911042,-0.008286866353147349,-0.00677122488710058,-0.019798225192214525,-0.016122101636412478,0.02776113017375459,0.018077571097848022,0.022013686889160278,0.009110653496497756,0.02400623405694602,-0.003365092706592465,0.013065655697296563,0.012307292447899076,-0.0023525907819973435,0.0070403763711179845
2022-04-05,-0.05025776270097493,0.0033499165365618033,-0.04414167270288305,-0.04557835400225463,-0.01829264360611471,-0.0409116613475029,-0.0029360778019815736,-0.0018781590617833466,-0.004518737936817452,0.009297958154115493,0.011913928560305376,-0.03226412388628275,0.016881572165226677,-0.027642745272153935,-0.007396424424990777,-0.012755256369467616
2022-04-06,-0.024423279838920453,-0.009768778260571098,-0.013682846817275052,-0.03479612156109857,-0.0019409738989496494,-0.023421702941546996,-0.038280323934402616,-0.047040802555062156,-0.037373248213099064,-0.021628823966059696,-0.02012911670561346,-0.020158965176289678,0.014435950910640427,-0.05146087421763057,-0.014038957417153775,-0.022071999391036212
2022-04-07,-0.01778265292645187,0.0004994079474520685,-0.017533788972354247,-0.015540537820943667,-0.008751462745427707,0.00845804707247555,-0.002449404956289758,-0.015616368150263238,-0.01917663383971746,0.002183399151511445,-0.010077465857861734,-0.0037586690671908007,0.015551999336075317,-0.0019425616945741853,-0.016210286465386914,-0.005716398474364781
2022-04-08,-0.000202236109724252,0.012356512767558891,0.013924292069354971,0.02759875982382587,0.010986894017998683,0.01298240546845486,0.01135655824819004,0.005287910754055103,0.012339839542071296,0.0017701523971385136,0.013312448713077352,0.009729998013132013,0.04554098161468412,0.01139982679347118,0.016699999305013202,0.013392807552880193
2022-04-11,0.012443105419216227,0.010972691583404304,0.010057941800194481,0.018810698534385217,0.028526984141876488,0.02472495152769394,-0.009104655980778031,-0.029022167595672332,-0.018679561978783954,-0.009242890569405526,-0.03207120185326795,0.002949794003628048,0.01684857765592107,-0.017181982875478896,0.021134549424038696,0.001159069716805572
2022-04-12,-0.009092730764037826,-0.0115852609000755,0.0021065514019324993,-0.0007180423903602184,0.010377434907967498,0.006198374951881469,-0.011638570071061616,-0.006538264239004055,0.017744702653877953,-0.007682829736172625,0.008383209044201312,-0.0045098129686976796,-0.02824338161367712,-0.007972027295967354,-0.004289561188940971,-0.0028066558029133937
2022-04-13,0.004335920202523491,0.0007402383589534267,-0.0028665821611456588,0.004413910731879689,-0.004295169656267306,-0.006820208724066634,0.003718562688456384,-0.010342393879047673,0.005071921666221835,-0.0067745123130042995,-0.010293000334033686,0.00472724788485146,0.004456612684676342,-0.00014095963229376895,0.012062741771994734,0.0007235251201469506
2022-04-14,0.0024097084354757214,0.004191825750310851,0.016864853114445966,0.011854849912565024,0.012753312434756081,-0.0035441954192739766,0.03272626629735287,0.014250490095443658,0.009304691556893285,0.006263996008794237,0.026800210027433824,0.01823171471094187,-0.0052084336214406335,-0.0036659312525918475,-0.00627880416869997,0.007216287017840939
2022-04-19,0.006610536989877902,-0.01227744872141967,-0.0038234656141208356,0.004848011694758014,-0.015185225805151803,-0.008113565288939473,-0.011958282063888381,-0.007306205682482969,-0.009218912420332015,-0.029049712929082316,-0.03622920579950817,-0.010396542602684855,-0.005817342173964457,-0.004104263813254905,0.01402864927327796,-0.00828003638980368
2022-04-20,0.029452714667484114,0.005469208319570873,0.015352169126453097,0.029852192690730694,0.02124862634665292,0.029022837747088248,0.026626426638261202,0.022645960275653465,0.012931875519360148,0.00769336756018979,0.008488356450403023,0.02276253201131362,-0.0017553010002901992,0.017621012980507,-0.006547499876772278,0.013790820615321442
2022-04-21,0.0166247120801164,0.005439581361532442,0.025515010725710052,0.022838259500249647,-0.002393801593007283,0.030708921096754827,0.012083715817375218,0.020667811362085065,0.017281670488996648,0.02064196168653254,0.005611137621995388,0.04108810349844716,0.008596988692531893,0.028767003178419737,0.0024449638125141337,0.013613760681896014
2022-04-22,-0.0024720351300224763,-0.01512367856471486,-0.03556939022413086,-0.012786237187866312,-0.016980370233712905,-0.018489123006916297,-0.02620845964168894,-0.04321093946891752,-0.021120366437102356,-0.022025291804479652,-0.017536806797526228,-0.022839423027173567,-0.01782247709799123,-0.03407075845212104,-0.027147769682741574,-0.0199073988231252
2022-04-25,-0.005718495164609427,-0.005368270166291378,-0.015860953648474507,-0.017011495487517347,-0.032106554484940375,0.012916985549224602,-0.019736915234640162,-0.043461812968956126,-0.037523539122067184,-0.0314446946702156,-0.03911967220266799,-0.027112945846506142,-0.004930986408290594,-0.023187209162480404,-0.040112986839103915,-0.020062545868503534
2022-04-26,-0.013803638708372312,0.011296590556664654,-0.009320374037566581,-0.008062924197686394,0.006013479497523289,0.010342960949120128,-0.021354472287557602,0.0023706366080362695,-0.0021360194588707637,-0.01082194972974071,-0.011450647373060563,0.010955184118544237,0.0039643549647288,-0.017839262311869386,0.016466121732936045,-0.005397427229634655
2022-04-27,-0.00991446204444324,0.0071987602729886024,0.0007840117523023604,-0.013778709342000206,-0.008677305657439072,-0.007004180533891957,-0.0028054921088488394,-0.0003942167736191715,0.015313934696023379,0.02444506859690354,0.01758917246463909,-0.007224212155837351,0.020138100690856975,-0.0064449655102919445,0.008378701470255878,0.004784411464409999
2022-04-28,0.0017670854025888527,0.008256297789004163,0.011946692357096778,-0.005729186759346305,-0.0005834253046337334,0.008789901456168758,0.013441670361005409,-0.0025630134209082556,0.0009729746288229535,0.016834971104790153,0.002107899693152282,0.009766270079745398,-0.009096148679958671,0.016659197498318123,0.036561004184598955,0.00975606467083212
2022-04-29,0.016856192763852196,0.0103885663361587,0.02128893990293257,0.004953531773494335,-0.008952958857490145,-0.0012909144863599842,0.010487318247774713,0.014231914229688059,0.0037265503707448744,0.004606971752498135,-0.001682729945964967,-0.0216195045207076,-0.011914072779391383,-0.0015950898868413166,0.009512806747600466,0.003938127064581298
2022-05-02,-0.015420350118254378,-0.014031672699447384,-0.014781074190771126,-0.018106890586373048,-0.010801146937070238,-0.019064951025451804,-0.014346749712736862,-0.01734535927780101,-0.020823290527367866,-0.025222055225448847,-0.028234358076247745,-0.03469668487034283,-0.0015813183587062296,-0.034567886478879206,-0.0051881048988769995,-0.01655401949053603
2022-05-03,0.026233498600695127,0.0055207609685057335,0.024620133357806884,0.051531657121580476,0.012110316146889843,0.018227681265891693,-0.004025930643855369,-0.010893694365068929,-0.010056036999086526,-0.01940602415577275,-0.020815139147155604,0.008835441958326973,0.005939424446277819,-0.014593058128716696,0.0387399309121903,0.007870118724291109
2022-05-04,-0.008012252375382278,-0.002318062096941742,-0.03716916634744427,-0.006040483358971116,-0.012946272816079851,-0.015205409288746807,-0.011194052774194385,-0.019273912224228584,-0.011990143666965491,-0.011094580400981546,-0.023029256276569487,-0.01791412903245615,-0.01869711255576656,-0.011297636403804878,0.0005120634029742721,-0.012430166829058176
2022-05-05,-0.040096191087587774,0.0024458559862388096,0.06278030848199179,-0.006077394261862601,-0.01927654817623825,-0.002847195454742546,-0.002515857187431525,-0.020692672211612417,-0.03252984841221063,-0.001819140406927544,-0.024478688317958297,-0.01590996770441999,0.0030084717688800833,-0.001235370400502478,0.014132364962734068,-0.004265421767148947
2022-05-06,-0.0018029524212924697,-0.019031334923516607,-0.013942492875793744,-0.0021695989063110765,-0.014696317735535591,-0.007357839970489,-0.02238332160084866,-0.027606620089474787,-0.021080036714807626,-0.040097232623405255,-0.03159867297445107,-0.01740297248243572,0.009396468382903533,-0.018243615682350334,0.02191247500656046,-0.01727907178410737
2022-05-09,-0.006522946887477787,-0.024623772140679345,-0.03516269556184992,-0.014627412901241699,-0.02434755097714736,-0.011616190675609372,-0.02063841654468479,-0.03374096935524107,-0.03434778571833441,-0.03670888677473938,-0.025911705858331247,-0.032907137723023894,-0.006079342967376222,-0.04015751521268207,-0.048715364823370244,-0.027537541387024467
2022-05-10,0.005050529609836429,0.004972534658314265,0.00848428195393014,0.0214644326202158,0.01034183535425548,-0.0053726856836840975,-0.05103726506311845,0.001017096715277832,0.012716578438786597,0.015111758805462117,0.0014778393151873015,0.004117832001437227,0.013788081536926677,0.01689907082889297,0.00020779474707244283,0.005075589074570397
2022-05-11,0.020904554826288724,0.004567340184133739,0.02753357664834266,0.02415562026800333,0.021806698985813222,0.024307783681904116,0.018736912164311725,0.037705916289860086,0.04276596909811703,0.04805819417613022,0.036891400829226484,0.03453497455358545,0.001431706945103084,0.029364332960628348,0.04579909953704209,0.024983172928018993
2022-05-12,-0.00945069353257355,-0.004672861209453982,-0.028656464310390484,-0.0141898512537455,-0.0132838205314596,-0.007031392434442063,-0.011920804596141088,-0.023063492023856047,-0.013263405406959916,-0.0035510169485830634,-0.018975397268213845,-0.021802710925762914,-0.004799453901304984,0.0031347687437346394,-0.019463744461689303,-0.01012327724502815
2022-05-13,0.022262009673515326,0.030326127926913138,0.018773919040384834,0.018867920751830525,0.01544907583359656,0.024009816899130287,0.03136841650820554,0.024721645990744445,0.028121747474729952,0.030213879780163877,0.03481609963135468,0.029433865178680296,0.02390734773614378,0.011562488910101587,0.03463645268413429,0.02520365180694273
2022-05-16,-0.0031110934443603355,0.0016300095640495726,-0.004889089953412307,-0.001336425138386721,0.0015214328640531516,0.00010794816132331242,-0.002005314525586499,0.0014126838704604516,-0.010837801277396308,-0.013987135122973449,-0.004672603032532918,-0.000517949731917211,0.002104389336001544,-0.014365078320971003,0.01233358125837114,-0.0023433766648768284
2022-05-17,0.027306523908305902,0.020280459105082915,0.023053671707200296,0.022748942048054888,0.023654444146384845,0.003997416088776795,0.010046831607740891,0.02083567764743388,0.02626077703509022,0.0013728014900351582,0.02394352927500032,0.022180654730624028,-0.0007999886404367329,0.03367536255396142,0.011989888589506004,0.012984074977733018
2022-05-18,-0.00664526827012113,-0.007607510344888824,-0.003139991403278697,-0.002990504185138354,-0.0069959201276774685,-0.005595640341229169,-0.028182985328144006,-0.01498888797668152,-0.019657657118706928,-0.037319106802971125,-0.019715738624519807,-0.00719932345833163,0.010007950309318003,-0.020943155957410142,-0.002866504782875978,-0.012013642008078196
2022-05-19,-0.008792031270807299,-0.013352921816655372,-0.01426724665024559,-0.002812254159254013,-0.016012047139921992,-0.01785506551250804,-0.006141261584130642,-0.0198575741057182,-0.017286086745344376,-0.023259446878686196,-0.01309651018808633,-0.020733289741107774,-0.008521565915441842,-0.010933327403646609,-0.012456769312345184,-0.01262879567707531
2022-05-20,0.002121146246805816,0.00325815955445119,0.004887252313502843,0.009776242347891984,0.003254638989105496,0.0022035121699741644,0.006522358652819138,-0.008258135319184845,-0.02093213493959334,-0.002754046826673684,-0.019431270930706845,0.0013558318092081745,0.02238659439550772,0.006248099648016092,0.0034931338478019214,0.001997585336406482
2022-05-23,0.03752168778247422,0.01586313645442816,0.0024317032826652873,0.041566764673595324,0.01319198697466284,-0.012093161800600494,0.01603022710992197,0.010325409947878672,0.007725336653854331,0.01884357540563908,0.004833438990983652,0.0012497791054566498,0.013685129055239775,0.015284148351338844,0.03055505410804349,0.011694063752411
2022-05-24,-0.0055637758091025,-0.011189121160261384,-0.041425623082478324,-0.008442032017790368,-0.002561434914407079,-0.011684900591678593,-0.01779126608121595,-0.017802397842503925,-0.016223808055701228,-0.016900648069349877,-0.008657986734821432,-0.04202631133974555,-0.0007713622531247966,-0.027285652969255447,-0.015762850263284833,-0.01660707840923925
2022-05-25,0.012681730473701691,0.0013679531100985187,0.019661298487730017,0.003676377496084182,0.011555863200602978,0.008332312870102498,0.006151641376165751,0.011635811304308907,-0.0014499611718717942,-0.0027570698622346734,-0.009704091287527361,0.028559020888540232,0.0009651340046334944,-0.008544156856837404,0.028598731549367873,0.007276344205501051
2022-05-26,0.027440265725727775,0.006457127841771548,0.04104621282246401,0.016001683366333674,0.013750794714751269,0.028364034868007648,0.008491916947650946,0.034505630783232766,0.036660781092210826,0.014636667568147743,0.024497678965755387,0.04075162571264812,-0.0011570275087957604,0.017723525812272767,0.021686621308492082,0.017772080794659306
2022-05-27,0.008603586543676212,0.02196174248791216,0.025673893954227145,0.016129039593222982,0.012938167651326937,0.006949791588733767,0.0286292412369622,0.04554210878131304,0.038865516394036126,0.041192332380690644,0.044476474209221184,0.009738299401455208,-0.011776060637500141,0.020929905064450027,-0.004354223419000158,0.01640567945385696
2022-05-30,0.014308134104975112,-0.0036219961257056843,0.0060789966130234685,0.014005529527888472,-0.006180449168856739,-0.01110748663024308,0.013754421099169356,0.033333321828746376,0.025614862960351426,0.02124398222769952,0.039377429049988644,0.0037171335876371447,-0.019144344346868625,0.02957749696111267,0.0054665382446810185,0.007158061116333547
2022-05-31,-0.0034782196756334427,-0.013449618106149641,-0.03341028646525768,-0.021915190900099635,-0.025290206161058815,-0.022028312454570154,-0.01412603080275121,0.008707688521626622,-0.018731453370799067,-0.009496623587760378,-0.02202660305442472,-0.0317876218628691,-0.010356612451655978,-0.01930399208191791,0.007430297181429957,-0.014261622683415465
2022-06-01,-0.017452147412544416,-0.01915981836412539,-0.004780248452934899,-0.005083815995608587,-0.0004254266099572579,-0.004125889142263306,-0.011662753409503734,0.00019608976739227124,0.001004799983945981,-0.02008813547967192,-0.00990987902350271,0.003948096803761958,0.0007044437280219196,-0.011469182232368369,-0.026443635358495587,-0.007715444823718887
2022-06-02,-0.0017761190753843303,0.015276646793039639,0.006465846598715519,-0.0026495123434963075,-0.000851022461437978,0.005598319593598244,0.024949269795880413,0.020988615118874288,0.017229845235482877,0.03121595938368804,0.02138301870415371,0.015005814477209611,-0.0012066193768326405,0.025399731074873255,0.0009238987123798559,0.012704658118543044
2022-06-03,-0.010478372080624299,-0.002219947180546411,-0.0025697683491492374,-0.002656550907917943,0.0010647806731356457,0.0036747527412390735,0.0026317003628431035,0.0009608186880791791,0.0016444343667396666,-0.01234952637359188,-0.0031178660732437136,-0.01927000938436707,0.007349222122781329,-0.006269095983373996,0.0057228314648294365,-0.002329094162121348
2022-06-06,0.014785184852443178,0.007948068853210533,0.024475583031272174,0.013698613896204082,0.016592177871355585,0.014200071933231362,-0.003937027011524652,0.009788597977881341,0.007716142123555425,0.01585870134289835,0.00714919642673939,0.02422274201059893,0.0009993861773538448,0.007847322909174004,0.018538847662755487,0.009788287724627143
2022-06-07,-0.01397912731611961,-0.00741946906036739,-0.009700011825690469,-0.015578033618611986,-0.008788496087493991,-0.007875863727313859,-0.007246357951147808,-0.0020907750669412195,-0.008797357089504687,-0.01726222588129489,-0.013753538897112394,-0.00832321466801711,-0.0016973462028634367,-0.00931291884944907,0.003964858158406637,-0.007395223093281111
2022-06-08,-0.003194823712187378,-0.02011413800874129,-0.017594786773907578,-0.007054446939987025,-0.014777236699702101,0.00022059554491571376,-0.01094893102388661,-0.0038093679113617718,-0.011012586731025564,-0.001374590933368225,-0.011695808992267298,0.003889662974550623,-0.008800841931174475,-0.015873005053442357,0.014539586512246405,-0.007956527581860273
2022-06-09,-0.017528131743218878,-0.01608872323324495,-0.02695720029306159,-0.017089117012126565,0.0032140939944751423,0.000881892065788481,-0.02214027438486288,-0.015296448682575958,-0.02343376545775744,-0.013918675444580031,-0.02230316582295988,-0.03068932769977084,-0.00857620794764491,-0.0056372929131202065,-0.014331216549400616,-0.013982803093619878
2022-06-10,-0.05912936795935442,-0.01945314455731506,-0.032258056988622164,-0.050595768716186984,-0.035454949876536856,-0.028854671528529385,-0.025729030421729582,-0.00893202002484983,-0.02501696761670913,-0.02357687412513565,-0.02327741715417675,-0.03576313366542605,-0.014146203683227498,-0.027559091516416778,-0.02171973883804501,-0.026929473728022568
2022-06-13,-0.0446417996897891,-0.0060378582186370044,-0.043921634631189366,-0.039711967195135145,-0.02059354712303718,-0.0247222353682387,-0.03767604127503399,-0.028996892724769907,-0.039972014246631105,-0.020492481875154955,-0.04099144587650738,-0.03632599194282016,-0.01032314439342974,-0.03125504661903866,-0.021101064383735713,-0.026653309602289288
2022-06-14,0.0018145716266155798,-0.023864593763364472,-0.011894911759795401,0.014248981522327009,0.012435009713442247,-0.02686037168312072,-0.01573349341500274,-0.008676312977677236,-0.010909175096994295,-0.021569772992358405,-0.02504956436444794,0.004075233825037605,-0.017940886795020483,-0.02223335361990242,0.01368335499479767,-0.012035226056456128
2022-06-15,0.024793489690832615,0.013779845159726412,0.0009339402143833109,0.020069816157401332,0.029700834542301546,0.02258326256710519,0.010037131450131298,0.02584974600679857,0.01433844893559999,0.019393202902717732,0.009380053308749359,0.03382176724376951,-0.0021243308965515073,0.0259872834433148,-0.01017031291856696,0.013494487443530101
2022-06-16,-0.016460588117364505,-0.03770833198553425,-0.03576976177122759,-0.015843516141582192,-0.019952300159225556,-0.009581758832216458,-0.01251386302363211,-0.029464362255012255,-0.02247197841441717,-0.009918667653522117,-0.020000089692246426,-0.021374049601430967,-0.004470491140311839,-0.021996384502933508,-0.02914231405262635,-0.023861782620574146
2022-06-17,0.009547361508353447,-0.01731467912957485,0.01204309462360964,0.004629666522186104,-0.004647020346963737,0.0029495797610563645,0.038017210049722694,-0.014923799377245195,0.009825673744572105,0.01051076469638157,0.003710592119241074,0.015600676973279048,0.006842719311320744,-0.013630895380750685,-0.05060625220191384,-0.0006099533638268539
2022-06-20,0.02436578812022039,-0.016074218275644814,0.03038664456253759,0.012672936683009395,0.010004362560743552,0.0007058719400083735,0.00969463392719927,0.005292133532747378,-0.004038830117369496,0.0027628948699212064,0.012322849954179649,0.05694541771207473,0.015291551662389935,-0.015201232435491652,0.018443521775261873,0.006364468739051388
2022-06-21,0.020636625880495307,0.03047435219056127,-0.00928020188936507,0.020891379125892673,-0.003521830469815357,-0.007053005050961292,0.0021337819458442375,0.02043761501184349,0.020276462286435537,0.023014576894247574,0.016940483155156505,-0.010692364354613293,-0.012341809750459953,0.004385241961688768,0.018350517493308294,0.0075286547461865805
2022-06-22,-0.01638833858733968,-0.007774383763792803,-0.03247299300118944,-0.0063822701574215435,-0.009498602590074512,0.01349592795824317,-0.008871554942394666,-0.012947632441704826,-0.0032521574652822904,0.004277607588957233,0.0114714592740357,-0.014270810356245445,0.011754754111985788,-0.015019259232834314,-0.028812007198779188,-0.008052474437654555
2022-06-23,-0.03970559590448308,-0.003533493931856757,-0.021944987250321124,-0.04690063649118381,-0.02051730734918522,-0.00478925233405858,0.013605568880903807,0.004304160986441152,0.02591998454857114,0.02019247288145487,0.0207099647921154,-0.016393438502676494,0.0021980009558719704,-0.0070922451000284825,-0.019369815521379397,-0.005628170993800752
2022-06-24,0.03413700651852847,0.039932145101436944,0.017377901618311986,0.025567155111482442,0.022996372052085823,0.029929457992752262,0.0353232625601958,0.025510245202750248,0.037809119413226844,0.041750328926994484,0.03140100836937387,0.028138487763258446,0.050234902718853336,0.04232148196272667,0.030356507696597257,0.03229803818721133
2022-06-27,-0.008715695567486303,-0.00859900464353991,0.0076757962343458885,-0.0027120316568022274,-0.019140961987546223,-0.0180055838909553,-0.022176809905307016,-0.011641829764529432,-0.012257212291985176,-0.006827946332638168,-0.004683842280005068,-0.02242101496802662,-0.009645931871129387,0.004283067396553264,0.00897987231418318,-0.0042875906449966195
2022-06-28,0.004835697602575406,0.0017945173688231897,0.01856012699561993,0.0021964015112205804,0.01157255242192834,0.017407478501984874,0.0069782862531069245,0.013993778549247882,0.015339383710232912,-0.010760731206063134,0.005176633462486091,0.03876384698525159,-0.0022090258285963893,0.003070568894843362,0.01299992332693245,0.006401186736322506
2022-06-29,-0.015749764303211178,-0.01582319715379088,-0.028755054413882264,-0.017324199732747125,-0.013010396624160259,-0.01311748112397404,-0.010048417310671631,-0.005956965473863707,-0.00016982456326564144,-0.0006043696739439497,0.007490590440155653,-0.031408727484661836,0.015195690501342396,-0.017516995288983317,0.006120526822435579,-0.00896152804089867
2022-06-30,-0.029780986783725316,-0.028363457118219526,0.0026027730371065427,-0.036427343848632,-0.015454618130330777,-0.01803051074087436,0.00035010563671233896,-0.020974828183340066,-0.012393659159942172,-0.0043839429854301,-0.008364467300581047,0.008240538104097528,-0.045004010263408056,-0.022849212390380735,-0.01157768388296776,-0.0180088664041389
2022-07-01,-0.000114574907574716,-0.009210079091107604,0.030178577430302278,-0.0012122659377362677,0.0030010915723750475,0.010475667478415218,0.006647950980246398,-0.005815326135137355,-0.0029226241362263483,0.00030369897777027255,-0.0014056982613519509,0.009446986437641192,0.012248382428159399,-0.01452608891352869,-0.004367708236412415,0.0013844992962499525
2022-07-04,0.00274908548746966,0.00835029987434277,-0.019319576152436957,-0.0006622501143067616,0.002761764938156386,0.006406435768369523,-0.028154434944060114,0.006464923622429897,0.00913787703484581,0.0069824701567460234,-0.00046918599266110306,-0.0021030210528033555,0.008408500364234461,0.006650975333023945,0.04546370684838541,0.003977340225348014
2022-07-05,-0.03701155682632795,-0.04343739195549601,-0.042612495749353996,-0.030366716837656793,-0.06449400281522821,-0.04050925650597992,-0.002145874481827792,-0.0219208518458609,-0.022723405723277246,-0.000753753867871354,-0.00469489607374618,-0.03266585432583102,-0.012405850216193337,0.001607185785593046,-0.06418089445609021,-0.02681768769367887
2022-07-06,-0.002609727652899241,0.03283241596533393,0.03623357557691764,-0.010704724610178018,0.01496570375773465,0.021230391022381667,0.026881645563794354,0.020431634850281766,0.04475519825244256,0.04917786575685956,0.05047152470424687,0.03845308067793707,0.008031275516691583,0.03637015742324068,-0.029043216601455035,0.020262421598509883
2022-07-07,0.01795903499833207,0.010121747711166362,0.02180005972328214,0.0256703750842715,0.02610591863447187,0.020198355691273706,-0.0034903612843407705,0.03217890490180664,0.016733495874172943,-0.011071237083924768,-0.025145786917847746,0.03556066420348625,0.013993759923179638,-0.0006881311760082998,0.03641929079600059,0.015953019658664358
2022-07-08,0.02126420954487962,0.0056364195450486765,0.014364188217494966,0.02042646987304164,0.017903398275651128,0.02095652599462805,0.006304817290498033,-0.008313539113047441,-0.0011518264891577923,-0.03911010855815267,-0.01427935381638179,0.007090745486140193,0.0006044903586257533,0.009123808941039258,-0.0021269930602556553,0.004400034401687902
2022-07-11,-0.021507778657559484,-0.001556850829349754,0.006976287383806401,-0.032665947062146206,-0.007637168912121517,-0.021093360554539142,0.013574640409893313,-0.009680657879143295,-0.00428400467615242,-0.0028750026381944016,0.004672958688114681,-0.010360122591960619,0.00815469347123754,-0.011770697015846543,-0.007103229875768946,-0.006104638693412379
2022-07-12,0.0011690343889201316,-0.0034305367048513835,0.03877571608291541,-0.0036384992901765667,0.014458992104262824,0.015176219598801222,0.005837799138870281,0.01763579579772445,0.01059064567693957,0.02837648400314663,0.030232541125516654,0.02977946346396254,-0.0007989561063123096,0.00172605895768152,-0.013389596516182434,0.007988324831182503
2022-07-13,-0.018685013827755115,-0.015177571491597708,0.008162468867116912,-0.02476322465203007,-0.019080573292511782,-0.011069166202081981,0.00409709420832427,-0.009704825296765418,-0.0073686104447413525,-0.008410912915210011,-0.004966010369554685,-0.002960798260479569,-0.008395015901162983,-0.011200917426424817,0.0016576074096807947,-0.007273081552062521
2022-07-14,-0.029751338658317472,-0.011439476147509953,-0.01639011710163807,-0.03802946206678692,-0.027419570213244704,-0.01650133196503667,-0.007140435011036672,-0.006500028556271964,0.000329960700187204,-0.0035714312918662117,-0.0058985467909018485,-0.0029697464337177237,-0.007558853021463974,-0.014116511482424099,-0.046643785633174506,-0.01413778029069801
2022-07-15,0.011038971563709588,0.020732809740955593,0.04115630677999782,0.011434026920590812,0.009638630806525494,0.02980170118992298,0.0352739463059355,0.0003019045057632841,0.003298303803124236,0.016726512166312713,0.02510296542985402,0.0319698363536387,0.017568727197154965,0.03906668929865309,0.031351558982593675,0.020385711314132582
2022-07-18,0.02486960186541598,-0.00015744308526566275,0.005977555099892395,0.0210464845470415,0.007875727084852624,0.0006835733476033834,-0.011246996970668,0.02797340700034523,0.009697516783093052,0.005287853078830951,0.014692626543215459,0.003271043181101607,-0.0034929644721625186,0.009016638645655162,0.023351444316154657,0.00926278267892644
2022-07-19,0.02367418954116096,0.016220446106008923,0.014376140017170025,0.03415776823869554,0.013497608677008,0.02482054976125858,0.026764601334369198,0.034260052360387094,0.022464537044458943,0.014611395388820503,0.02983763695426611,-0.000575320928398737,0.011517284502317704,0.021244265425284015,0.009353207950431264,0.017943478447659533
2022-07-20,0.007169333588697757,-0.003564226663441805,-0.01114886553908423,0.014236992771168522,-0.009579502104395843,-0.012109705336724952,0.0006516276637722473,-0.002839450996452997,-0.0038210561889588934,-0.00892864629544432,0.0017043472583486707,-0.005181397624126616,-0.021386175125573392,0.011226713938997879,0.00203679648895827,-0.002670451624038561
2022-07-21,-0.011136717494995452,0.001088629848435163,-0.0009555206620178724,0.00011217745482916541,0.002594932316504428,0.000899643700092323,0.009443198645531448,0.006454163896510989,0.012146388732948044,0.008427811937449237,0.017439431191900168,-0.006172877460412174,-0.01133145807828062,0.02367350952757552,-0.026727639937036196,0.0026597592455628316
2022-07-22,-0.011610366376235692,0.004660600834900608,0.009755193369849202,-0.016056584487059933,-0.0018823680486554917,0.006404601489343298,-0.0006451114065127994,0.002074670701413428,0.0022104762566896863,0.019020139964199823,0.007525117665476255,0.004464332428816276,-0.00368394285450091,0.0014353166389566852,0.013678412235400117,0.0025334111608832366
2022-07-25,0.018090056102268326,-0.003247272590132466,0.0024625659000201416,0.020769124398352545,0.010136769396430267,0.00535898943915436,-0.006132939625823397,0.0031997807389401167,0.004254296447405492,0.00042424238037530593,0.0033194818942805515,-0.008695686557439908,0.007087086959676858,-0.009714861993143087,0.01153692881341506,0.003334499157912285
2022-07-26,-0.007384320657539467,0.0015514331718429197,-0.007936485804830973,-0.009167171547912023,-0.0007000826177885333,-0.001443774275433518,-0.02111071985501589,-0.015197043083989947,-0.019140536147147724,0.0033921380499257747,-0.014061306022606246,0.008187223411870503,0.015808211858405752,-0.0012866216055946733,0.00203679648895827,-0.004184272701980851
2022-07-27,0.008136793206879211,0.0,0.011047617738840332,0.001128388600073471,0.01798222250827597,-0.0007783345528764585,0.013271355407725949,0.005905969678088985,0.017274617739296838,0.0022539304529014537,0.009647766441875927,0.004833730431517802,-0.008433615433080743,0.018518559287452607,0.011077226013494146,0.007484523683186639
2022-07-28,0.010376977224508144,0.031908248171424125,-0.02938965041946795,0.0075510989496594405,0.007570591224054013,0.007679310299214981,0.01800917578761574,0.053219593593761605,0.04229562450369695,-0.002951569122167874,0.03115915396062774,0.01423888125477224,-0.001620240228454417,0.06498031514083791,-0.0332696926748719,0.012986704936798654
2022-07-29,0.024649072780269954,0.006604633010129035,0.01785718832330674,0.029082621234154615,0.022313345217325864,0.03136729053171905,-0.01929879852975247,0.0014385555591098775,0.01825313808559148,0.037778477494462726,0.07493928605780553,0.0147980051431722,-0.014097251036484293,-0.001336259394184136,0.03472633760711474,0.017240324856874878
2022-08-01,-0.007573240152636829,-0.011780554402094134,-0.022883298056563528,-0.0030433793577684387,-0.0051226484724578025,-0.017455426001621865,0.03246963186772245,-0.007182566671428692,0.019703618775822163,0.003124142286229592,0.010119987824634746,-0.000560874322439231,-0.02787783564800983,-0.00951385454358089,-0.016277857217342317,-0.0018050921483678817
2022-08-02,0.004039902746014734,-0.00437595910917854,0.0025370580638532925,0.011774926905146144,-0.007163600729440334,-0.0035966619455284343,-0.012071163333199464,-0.017001344989214462,-0.013511486679898876,-0.014759712156414917,-0.01298694819096613,0.0020576442174595755,0.02592583081262867,-0.011856535605363261,-0.014504656807151628,-0.004203922280196393
2022-08-03,0.019112560014542312,0.004849906682248717,0.013237310663007484,0.01853446966730843,0.05659537334402032,0.011266454683457106,0.01864955655957612,0.018215237839480647,0.009720198486506737,-0.006596948327700636,0.00939857135840172,0.00578680127724196,-0.001959567890248537,0.015188313207590065,0.008395671936665794,0.009713291491681098
2022-08-04,0.04650140841819228,0.007993936315962014,-0.0024975764931530753,0.022640756587194888,-0.012377464494448764,0.007030891303864584,0.012626324301252101,0.005421147642054924,0.010793331168580611,0.013696688686262837,0.030167640100320137,-0.004083209302600754,-0.004444099361480935,0.0067325550224683894,-0.00010296770058104698,0.00638592314515396
2022-08-05,0.019807154011784345,-0.002394144053595282,0.009052332755083103,0.010552377215648612,0.01469324175131037,-0.012889157602308021,-0.0015586879843701995,-0.023005024282403586,-0.015584358216081395,-0.022383026653068017,-0.02530744727794776,-0.011740606645676999,0.012249563482332304,-0.018130485162547116,0.005139854669067301,-0.006300872234128896
2022-08-08,0.015517437161919112,0.008999636301879166,0.012216079072639996,-0.006859028017618507,0.015758194110356616,0.008705003896797736,0.010927335031204022,0.013244900288353456,0.01011435914768155,0.007957487651704565,0.006305729990653708,0.012068641189834084,-0.006768616895701185,0.0018163039018948002,0.01902209496799223,0.008048057191600622
2022-08-09,-0.001619012386107399,-0.004905677212308723,0.00358286403096697,0.0,0.0016769720576561564,0.005393687519327894,-0.012353364174206738,-0.008896029811786943,-0.013931151711566336,-0.004709078772784148,-0.013269503809394956,0.005962472955839848,-0.014145474963011329,-0.010273424816148902,0.020674560345284254,-0.00527860501675903
2022-08-10,0.009831766513727302,0.01015840835181514,0.010146555538165236,0.015049955697929995,0.011092632613525666,0.0031116365407553026,0.008755412033137233,0.014837988788127143,0.015452476844864727,0.004731359115561551,0.02353382027111417,0.017040077987627633,-0.08179733200756312,0.02442372604208809,-0.0060964534816807525,0.005152533344568555
2022-08-11,0.007728567082551985,-0.002218299729029427,0.0029762113543163604,0.006499368784901982,0.004346902076947989,0.009305952879240298,0.011469343098472029,0.010288651184662712,0.005217308729200898,-0.0019389490274148713,0.006934369322110223,0.0007285409537693965,-0.033306738384030976,-0.0013412373164396474,0.02888812878765301,0.003254414949694917
2022-08-12,0.0033864602574811276,0.00637315873058264,0.005378413908429414,0.017657106636473463,0.006389087178636288,-0.003709311500721846,-0.0015322136183267832,0.0023227678104849048,0.0012975809009012629,-0.0009713135304001419,-0.0010874473759056036,-0.001455877911925918,0.008377665961386116,0.008206545125018616,-0.0013461711082628502,0.001404187150146896
2022-08-15,-0.0043677393537429055,0.011487552560098369,0.003504874838537786,-0.0069401830286026645,0.00184313239863787,0.00499952282294136,0.01381199361758445,0.0005346562033055058,0.007199472186884215,0.009306709637165289,0.007256896988663497,0.02041186472537193,-0.003978513669828154,0.004735956049109147,-0.02349302231230288,0.002455092474802134
2022-08-16,0.0011964164855211568,-0.008299412517551286,0.015992644897951713,0.0009983016429193636,0.005110321019373476,0.007726430084745717,-0.016045973743785802,0.004988480304664478,-0.0008577575097544754,-0.0015138464865790402,0.0010806052559235724,0.00428657644645325,0.017269694605768215,0.004860755823009821,0.015578645344044961,0.0034444527187809104
2022-08-17,-0.014339722315772296,-0.005285540041426451,-0.02171167400663765,-0.013066047667594782,-0.005491070741278858,-0.010923282109232768,-0.0012307752780008618,-0.001063735256358278,0.002146327916334956,0.004824207467379216,0.0028789903814552265,-0.007469332780567717,-0.056819387988352066,-0.007182658918244211,0.0007766958488131248,-0.009747360387699078
2022-08-18,-0.011315490824841845,0.006789654260889844,0.0048086910031657215,-0.008994502460730858,-0.003067520774499899,0.0014866995100069058,0.0015403395827005006,-0.0014195444519040645,0.009280276629335171,-0.0019204184897332333,0.010046447203991837,-0.0003583961507845901,0.0006122112004303126,0.010039894319651577,0.024446977379107615,0.004454450594947756
2022-08-19,-0.020846023366096533,0.0005864428583888248,-0.022271345567188905,-0.027941896762928575,-0.004717905250068988,-0.005513666910655246,-0.005229160756816009,-0.008174973710873057,-0.012165761284688492,-0.00453538548666077,-0.007815161494411416,-0.014877256270072636,-0.0007342039526331279,-0.016956684120261634,-0.0020832576074757414,-0.009389365470412137
2022-08-22,-0.026716844864041023,-0.03267400584464775,-0.02823799358785506,-0.02475871932893492,-0.019785626595134942,-0.01620643346702444,-0.032158273044376684,-0.03153547424082703,-0.022483194057983047,-0.0006902890273903228,-0.013247494669146431,-0.018922826303622076,0.01616456566094704,-0.044014730850814754,0.006642621836786322,-0.018025385877057598
2022-08-23,0.003324125724351479,-0.007876315378727794,-0.003487124314409451,0.0031196154406216703,0.000841001932188723,0.004009882728072345,-0.00926519474055032,-0.003330294287053004,-0.004102036218718408,-0.021552973183893154,-0.010522606495720455,-0.007603812955688682,-0.017835680757503303,-0.0040442823334624345,0.032428401370451,-0.0026212409079844345
2022-08-24,-0.004809336272613596,0.009618235905503703,0.004276937394067648,0.0007505943790442338,-0.005672278570442835,0.003022409896581424,0.017413769928139144,0.009095971946766035,0.010297138946942619,0.018497465684122583,0.022369226767380512,0.0035507046328226988,-0.0018403591641100725,0.010620054112589372,-0.020452973434845645,0.0038886620943976435
2022-08-25,-0.0027919919447619845,-0.0012097097800949363,0.005613627088684625,-0.0005358394511590925,-0.0019014498483266307,0.0016144099964743308,-0.003803505085376191,-0.0001840475026355648,0.001310523143313258,-0.0030500288831516453,-0.0043043617447415805,-0.002793331500863805,-0.01106336027538335,-0.016226175589456937,0.007457091246756642,-0.0008141385024744707
2022-08-26,-0.018414888665722162,-0.018622258839606887,-0.019056800088754655,-0.016832899186487338,-0.008044022195329514,-0.012033974417506754,-0.03340750029069672,-0.02686290172625372,-0.02719212067135146,-0.01891245592766022,-0.03710376588738307,-0.02147526033724967,0.017899275631836575,-0.020578176067048926,-0.0014802912388172107,-0.01681411629500429
2022-08-29,-0.00010961686249766345,-0.0107991022941486,-0.015109794752970473,-0.001962829087506668,-0.005761949811468936,-0.0018489400884128537,-0.00954577272802648,-0.022310493962010014,-0.009117978191000242,-0.016725716086640086,-0.011971591565928197,-0.013358673145856592,-0.005861438395889373,-0.019727356407322816,0.00815424245074814,-0.008284639528878701
2022-08-30,0.011630371044224486,-0.004990662268904655,0.0023909310256340355,0.013767558791180079,0.010731978408005771,0.0023970235975236953,0.0036557446235332414,-0.0030941701255037257,-0.0016593136643222595,-0.012253109672544449,-0.0056795012206177775,-0.0023211733311980787,0.014617265982781902,0.002945039051619025,-0.036213236318934916,-0.0019381272988188147
2022-08-31,-0.0032537792141019706,-0.018808817447515946,-0.02713190863877235,0.002047751523776231,-0.0008494921336549277,0.002717557853978203,-0.011589486823096684,-0.02424814632006944,-0.02160781606670492,0.0018972225864082315,-0.023229286323626197,-0.012214054241606487,-0.005084673715725074,-0.03115828287001876,-0.03318719384617996,-0.013706457137227512
2022-09-01,-0.018172039624616,-0.013099067580689794,-0.02982935832172895,-0.010863653940347162,-0.005738585811680186,-0.005853776102121344,-0.013065307677009863,-0.02147125821255047,-0.022702753704987755,-0.014712284659826547,-0.02534111402309458,-0.02384683356878259,-0.012411811693487707,-0.007240198950595356,-0.0094693780937114,-0.014822621282097992
2022-09-02,0.03069944603569663,0.01100686068642398,0.042013193328490184,0.032622920006334155,0.021162926579697983,0.02246205015170788,0.01866938915553118,0.007923657584645305,0.01864718754963035,0.01951504638180479,0.01679997467049832,0.02905387603124665,0.0034500323722188586,0.025271362312154988,0.026887178159101355,0.022073726032946217
2022-09-05,-0.026666579225984033,-0.034261913314944104,-0.021220637549489108,-0.021482880578726826,-0.013188310563809424,-0.008744780620479009,-0.010996360511755565,-0.0037290479616109984,-0.014892891443491263,-0.009135726041602288,-0.012588437285016685,-0.01563104887368838,-0.008349797531833736,-0.020678199388379892,0.03141952929710734,-0.012045307361377433
2022-09-06,0.00729107525805639,0.008454899388106174,0.00237447200098595,0.002152584659491419,0.008697555259155054,0.0034427452052250285,0.0026955418783529694,0.01062201767319948,0.004881866923559075,0.005854042052353181,0.013147267120491524,0.0037713804835042275,-0.002600260324398529,0.0015203107484467182,-0.027641705118195303,0.0018692330222620512
2022-09-07,-0.003290112638043241,0.013480216928651645,-0.011535601233155002,-0.0009666030363422173,-0.0023133372227371884,0.002573247936529688,0.005376148394706348,0.024424581007096657,0.005171615338219526,-0.004801504575700943,0.002752800088431151,0.01483088155705592,0.0007448683729338601,0.016022889338109803,-0.03703358522688782,0.00021460152623831164
2022-09-08,0.013644255082176926,-0.0069748810942346084,0.0032300918710876925,0.01988611098773707,0.027824700573956695,-0.0005348686685745507,0.005013421320295253,0.00723072343053488,0.003274298674652343,-0.0011695915185484518,0.007058755641736525,-0.00019483783258422704,-0.0006202616308397246,0.009296129325053304,-0.01194895371950222,0.003272231002763304
2022-09-09,0.02312214255170053,0.0032668649744254097,-0.0029081198637223027,0.026138265960619966,0.020713713328462058,0.008988059075288213,0.018290772132514288,0.013193645490272354,0.013675006571456816,0.01083141326187631,0.01947046053636403,0.011498745999907412,0.007944276404586725,0.036677550965880545,0.012906462651046668,0.014108976176411492
2022-09-12,0.031193621957191553,0.027027054295823083,0.038437619720982585,0.03861959334259857,0.025517320584342418,0.021526900760633128,0.026126624526949582,0.015128229458969411,0.010118067418369181,0.02056182189408573,0.006493600253584697,0.02042382720700675,0.015147887679953342,0.028081978459908008,0.015350487245059607,0.019519208429053414
2022-09-13,-0.0020578755899803847,-0.011414017558753153,-0.021968231860182152,-0.005340219012689218,-0.0037225669832926522,-0.010069460324163004,-0.025779752746334372,-0.013205056610837818,-0.0121413111212334,-0.011918328735871175,-0.014421379967314518,-0.017938047061692552,-0.011524871008013582,-0.023302468934705667,-0.011462171378716857,-0.013878369852207917
2022-09-14,-0.0019589793086509655,-0.0060936648003817595,-0.020717883966833273,-0.0007954017107475453,-0.010226192488252739,-0.006187263828618006,-0.0009801035325783802,-0.007646731250334882,0.005069914202914472,-0.009764464845308019,-0.002310368562888243,-0.009997987434326672,-0.009695598203274147,-0.00584619732240621,0.024789979456236955,-0.0037273360308706094
2022-09-15,-0.0029958769320935774,-0.013391500550370417,-0.006074569907227212,0.002189024372212689,0.008344877909687964,0.0009498125928195655,-0.02485285908010071,-0.02870338839279518,-0.019566056947297294,-0.005945491649422485,-0.038595148916870325,-0.012623867800367505,0.011277675060300973,-0.00921798138088048,-0.0239954272765579,-0.01037705822640822
2022-09-16,-0.02807988344290513,-0.004088201732682983,-0.033298181039410735,-0.020552043911013285,-0.006896484581896178,-0.033312222341232545,-0.027498292763581067,-0.019932603553282857,-0.0029622431037800157,-0.010794978298408586,-0.015255156845948359,-0.030979587969815703,0.003186123683104558,-0.030157231781505534,-0.0050967912000646765,-0.013079268234662766
2022-09-19,0.003517964811427632,-0.0042693197274856765,0.018530534966817003,0.0006082466151886567,-0.005952451082542276,0.002071975772442558,-0.0006897153059577388,-0.0020236964982591754,0.0023456897505242935,-0.01769661161398073,0.01263788851262948,0.005988070825489578,-0.01856813087438891,-0.02001323357187834,-0.00954310591782237,-0.0025850231916125788
2022-09-20,-0.014979118153783832,-0.022427492538318106,-0.01573202129914686,-0.01853912783702183,-0.004391094690234354,-0.01621497301605135,-0.006901231744439018,0.004562447668265968,-0.010920528600162682,0.0030026026142182527,0.0020126531806170522,-0.026230872585962572,-0.007094960056840183,-0.020590791418738097,-0.008722002650243033,-0.013547539675737408
2022-09-21,-0.008951815600801605,0.027833974616965795,0.01522246197660504,-0.009805944324956295,-0.0006015050439546199,-0.007743499626886585,0.006601753107681407,0.0123132926490086,0.015142093309927995,0.00972900601059612,0.02089205711034481,0.008599235632559266,-0.008524495369443885,0.01861114527592944,0.015462771920889962,0.00867298630445723
2022-09-22,-0.0031558269085747437,-0.02888557747254039,-0.01103152266271723,0.0053163390632697816,-0.011434383168090423,-0.022853901994562165,-0.041767295118577685,-0.011964089021588409,-0.0290553428548066,-0.026978759470844826,-0.049193323820961976,-0.016949166244794256,-0.0030344747142340145,-0.025038120061100844,-0.0002042531444146345,-0.018707329339215373
2022-09-23,-0.021943415692593615,-0.0018589781425314422,-0.003898485424783882,-0.02727087108293802,-0.024756394954384087,-0.038676403404521054,-0.0010807265490225815,-0.03693235367509107,-0.034725597353505666,-0.007312716371120964,-0.030215093486080313,-0.03291524552283154,-0.0005072851296044067,-0.007461311935545556,-0.049167156948890955,-0.02282501372814061
2022-09-26,-0.011496680128048165,-0.01049779321425659,-0.005436046457215293,-0.014817118328983137,-0.021431538369252934,-0.008663895820717249,0.00901552114380788,-0.008696583407787228,0.005968075101148829,0.009208060814129615,0.0021338815497045083,0.0036736058984505604,-0.017383552387612244,-0.001923128159124765,0.011073016658744717,-0.0024241786683759647
2022-09-27,-0.017389479011740816,-0.0022245550889823384,-0.01836461900871955,-0.02380435211060128,-0.00914313703775771,0.010535187346007335,0.005360910048546774,-0.030969334209762334,-0.0042846036459865955,-0.009276029150398823,0.008943931868105714,-0.012703211951303306,0.00012901926687725052,-0.0092835534033755,0.01743759542394252,-0.002698779616393754
2022-09-28,-0.030567570967929725,0.015434740197384667,-0.005679212590129379,-0.039015728256297066,-0.018240331658311182,-0.002132456425074425,0.01457522944864209,0.00938048629696886,0.01489565420617156,-0.001842051815515111,0.023638630481851886,0.008723202861450785,0.016268664129504007,0.024222142076796516,-0.014317075228431841,0.0019447848121953992
2022-09-29,-0.028686587602881675,-0.022969147008700896,-0.013439447150891404,-0.01880055163116434,-0.023169361636018904,-0.019233121619441018,-0.011913105142445368,-0.016533340064285973,-0.008480194097641336,-0.005535763341443456,-0.004123765051789463,0.005404917954686228,-0.011053294952500625,-0.014672924078671934,0.003074841213115409,-0.015288724914752083
2022-09-30,0.020746925815820605,0.016076013591191485,0.009081591180323922,0.025155805973541723,0.005817877383053727,0.006778961378482551,-0.0046099224950650886,0.0076914626396604735,0.0039474847091074405,0.021338947073474834,0.007867566207284016,0.010751469874967334,0.007194253353404623,0.024351801405214202,0.020504873614691554,0.015055783345073959
2022-10-03,0.011955939175696484,0.0020416508213820794,0.003599980151779869,0.006306638663055475,-0.01090107521308259,0.004929649800497593,0.013537592256846809,-0.00817792086505642,-0.0039319633439305335,-0.01074923511406467,0.009038591207208846,0.001914680638619437,0.01785732906895987,-0.0027365188690651188,0.03076123709217149,0.0055203371297603
2022-10-04,0.04241488344939026,0.04278430446572146,0.061540086059459265,0.03634906595189813,0.07130004395233325,0.020100645426996744,0.0695958330430484,0.05650829110624156,0.06381579475950483,0.03520038888272503,0.06107488836796637,0.05265942086627429,0.0026315412029449536,0.06311105686313856,0.031149763196566482,0.04237723276078498
2022-10-05,-0.02663486237587054,-0.008466205444067842,-0.014255449616226379,-0.029906473492320007,-0.014906607913500292,-0.018297071544124965,0.014130671054315869,-0.033090472144490124,-0.01468755944431066,-0.00768771687891312,-0.00498844618969585,0.006858377594394893,0.004499373204786883,-0.005807413004103479,0.010914060661188163,-0.008978934513999781
2022-10-06,-0.008383831224413663,-0.013957366257321357,-0.0022495480748025987,-0.010880748564729759,-0.012787682028546854,-0.025567604929161103,-0.013285739418944398,-0.018510536135762368,-0.0034522412536033276,-0.004022684439766944,0.0003856880574168997,-0.00380651392888931,-0.012940181667943862,-0.0053546124208608825,-0.011567575805175534,-0.008193194739008591
2022-10-07,-0.005988668068319658,-0.020816037189617775,-0.008696667882263642,-0.000458191533068697,-0.0017270317161038884,-0.0046590418039519355,-0.018719276379292715,-0.01425437508873495,-0.026609908706691998,-0.018249849825015985,-0.024672269538762115,0.001407691879134143,0.010462692757008618,-0.03164762675105237,0.025941292887590395,-0.011704020501097756
2022-10-10,-0.003543986200407745,0.004421871204306704,0.0073649383188747475,0.003897677208583916,0.0023787768326786196,0.02291220139532779,0.0026773894472200688,-0.013237004589480073,-0.012455579566742925,-0.010361074299358841,-0.013043536683148171,-0.004618827957094562,-0.000997989742048233,0.001010808648273187,-0.02091265002428755,-0.004498109232804692
2022-10-11,-0.012211089031874622,-0.004402404339328814,0.009891390041054882,-0.023295594250965945,-0.007335427679579842,0.011801425778732,0.0036716077136071945,0.0038327352453124686,0.0,0.008468045977555017,0.010012093721617932,-0.0031272753428989164,0.021603195295993416,-0.0018512102297026933,-0.02058253329055193,-0.00125837628661285
2022-10-12,-0.008641280435500054,-0.004251590770800395,-0.007239484012962483,-0.00982113124197126,-0.01564879855767809,-0.0121400444488311,-0.0026603624715125784,0.00044925084048808017,0.018673369188796807,0.0033587565830963673,0.018239406150728277,-0.015179067553588332,-0.005133774352923948,0.004215185297576918,-0.013580501680995005,-0.0025251971431714537
2022-10-13,0.020823148990484208,0.00802722148894297,0.039142035902831385,0.025858891608162127,0.026937404543480037,0.011084364901086552,0.0040011334257508135,-0.005051082556154829,-0.0070752476614219795,-0.02510639694049588,-0.022975050567300204,0.04849976713713411,-0.0019657098823260277,0.034251141189364676,0.031052044425710745,0.010435685725020072
2022-10-14,0.01245256794369487,0.005082996273119589,-0.0031990912485974077,0.014272663643880135,0.01999580141675872,0.00500453568657333,0.03188325481781851,0.01083021575512233,0.012469594683324203,0.018729526049964917,0.015942611210547852,0.001959989134138862,0.004185585833167194,-0.010714309959742985,0.017544115281938444,0.008968919356964644
2022-10-17,0.014407922813143292,0.00151729895415742,0.02598603248843978,0.02995905609809557,0.008431675328711918,0.022527995368549103,0.011264860878125615,0.03325907100334158,0.019993788859347328,0.006587961684478394,0.025892325103861635,0.032472620987638035,0.006742684470619986,0.02395803627149018,0.015134103526010412,0.018331372609060592
2022-10-18,0.018129387021803334,0.009594256499510623,0.011503654519075868,0.01740848214851587,0.0018813689612211526,0.006029821670966884,0.007956728041192074,0.0056167010263572514,-0.002509192559258966,0.005022749136596394,0.004206682377047244,0.012125805257505506,-0.004992727257484453,0.019551286863580097,-0.01641847417558495,0.004360424700063259
2022-10-19,0.002721891348276939,0.008336191765472067,0.006384639373750556,-0.005522924856785183,0.022115642962611703,-0.0024204615727521084,-0.007578186499862194,-0.013963397257731214,-0.017450025762238752,-0.007723707069305585,-0.006092880046605242,-0.007487804666042264,-0.009546030121422855,-0.013989367756902182,0.00940151472981654,-0.0043315947183534265
2022-10-20,0.006786595079794733,0.013723484855137968,0.0047581617248360075,0.010454087484733199,-0.008369109454250179,-0.0039284935498739015,0.011454185666711636,0.02309363795395325,0.014400033514624155,0.004884008222696634,0.01570865569227098,0.013768380818079962,-0.0014827419113525586,0.002231782435666574,0.006652922556354746,0.007644732061339976
2022-10-21,0.0033703230729855704,-0.005056305227418845,-0.004341073985101085,-0.00032327803305620684,-0.0024702186284382144,-0.0008118297442103461,-0.0346022918640525,-0.03300684375969465,-0.003943295201320862,-0.058019456242889955,-0.016220209755476667,0.005953451664398868,0.00940485641763722,-0.0025449379073781975,0.0001889557899024119,-0.008462397353563578
2022-10-24,0.01007734120695769,0.018196735966971245,0.016052472738823154,0.012613160647658272,0.02496904814197176,0.02890644556554789,0.04301075153460787,0.005064878658997296,0.0069675885171500695,0.01934861070073235,-0.009202301207608676,0.012391366398810222,0.007600725383757778,0.017381612626823806,0.010005444461858914,0.01590116370085659
2022-10-25,0.008092173826933058,0.066656014638794,0.01482334617657144,0.007878125583990592,0.005435886157130199,0.017601156666738893,0.030927911399377228,0.03505708638487404,0.03475400694979758,0.017557633028081998,0.048374399693988046,0.007855310405638916,0.0012168852407694608,0.02899688194795158,-0.004672896380146785,0.019439397468747677
2022-10-26,-0.00021993724194357966,0.0024150370767588303,0.017682231159517947,-0.0022182103270477205,-0.005606727601136785,0.020401326658427088,0.006363642531345359,0.010160849572010022,0.007598636016871607,-0.005751461089936183,0.009228571166348232,0.015044447249962456,0.012759569284795935,0.009596293682993196,-0.006197371517148054,0.00412127808131868
2022-10-27,0.00571936318732269,-0.008432465492037577,0.002077407224846617,0.003599348149068371,0.006242418782333781,0.0028251327773565205,-0.021379132711746518,-0.01278291022721234,-0.01146294279845761,-0.012664185842897968,-0.01682517871347089,-0.00839292601957431,0.001799830549516157,-0.03409770656483635,0.029478733904101828,-0.005143192916879702
2022-10-28,-0.000765538412444533,0.013059961590918379,0.0365624046606674,-0.0024260166061291777,-0.0018009930770530591,0.010727046786485284,-0.006461443576110781,-0.015601711410612618,-0.009307479852029621,-0.004750673004409789,-0.01785712937388728,0.02377101073920418,0.032459034135857934,0.01702594315180561,0.002018893543777045,0.004647642713082156
2022-10-31,0.005362743490228805,-0.008394477890255159,-0.0038182455493365186,0.004441009957983244,0.0024057475492689218,-0.0010719918701056486,-0.006813338685845438,-0.00010794147955961453,-0.015863041992116522,0.012251363225162404,-0.00719693813723743,-0.00861913939014547,0.013109062552475459,-0.01505154323385538,0.009342414355781425,-0.0010010736964909395
2022-11-01,0.012628016672801667,-0.00347700613725499,0.026829714093156376,0.00726389588207299,0.014000043696875464,0.011268569245296067,0.0059244921134247175,0.027496237836983184,0.018466259182012168,-0.00188615049195906,0.030141044550889395,0.006209993605819308,-0.005496413540154621,0.01075936886411788,0.025408244125892043,0.009810473382163343
2022-11-02,0.002580038267642859,-0.013956282972964251,-0.005865628486685592,0.0008363366271459949,-0.010453765389520697,0.000424473696713612,-0.013019130200487394,-0.007136080746028561,-0.021665592799626432,-0.030078648772315142,-0.005555487171141293,-0.018338891456311512,0.005526791069422332,-0.0018512679321225356,-0.004778598994254035,-0.008117586566191326
2022-11-03,0.007184255982429333,0.002923118410640635,-0.004112202056460013,0.0314325736341321,0.031094303959870118,-0.0047735873255654315,-0.004082908564625565,-0.006130389475315523,-0.010522999208731676,-0.022568756005381774,-0.025325967911602798,0.00664626100193888,0.0008015459371357725,-0.01391029218555595,0.01155981332878464,-0.005352993570620135
2022-11-04,0.024912191692180174,0.01948146963673958,0.0233392584487353,0.025210159888363837,0.001933107861039396,0.02323596256041438,0.020498235243362917,0.07072203599374793,0.05746027584373059,0.0677742466918212,0.03706535170010672,0.013561755195902636,0.005492011440697553,0.03166140373665827,0.01547097860921176,0.027735447106134403
2022-11-07,0.01059509589864871,0.006470078923707101,-0.00017540386217884674,0.0011850431030198116,0.02218798008160383,-0.020937468060282405,0.021013597913739135,0.0031784445643650017,-0.015310655161278386,0.0056004516753376254,-0.006632307667284176,-0.0022887291865139048,-0.012403296930678542,0.00881196324979494,0.006925190728062747,2.6482266888061545e-05
2022-11-08,0.00020558221158872847,0.006428486111207388,-0.007194330505040147,0.0,0.003019946086386227,0.003191872192006784,0.0018160393222736992,0.020989993573952814,0.002286491224377407,0.01376858626999855,0.014095083659211083,0.0014116903655430058,-0.0039175456247959595,0.016566222013366216,-0.017537908366055288,0.003879016684680048
2022-11-09,-0.0028773750464538006,-0.0005941958564750216,0.001237303654660904,-0.008482929837743569,-0.002634507449894241,0.0014847126063246563,0.001510456967692697,-0.006594231613621049,0.0007605901379057478,0.00045774486640781653,-0.009144183418908658,0.004405226777649096,0.004511214426329735,-0.0032592866705641876,-0.007525323769206227,-0.0016968370381510445
2022-11-10,-0.025249915559386937,0.021403110958447824,-0.0014122621723584583,0.011738820891543655,0.004528423623989308,0.015461234160070614,0.03921573106602283,0.03865689926843352,0.04376879676269296,0.032794398626378785,0.05869332677525585,-0.01578946823393934,0.001497183119527845,0.044738406543259446,-0.003350451363548057,0.01963438036715348
2022-11-11,0.008669876879870975,-0.017171124777174973,-0.0012374498692223623,0.01789585214707623,-0.00112708750219348,-0.006048598468769373,-0.007837412282483247,0.021804428318442426,0.028246946980855947,0.024368613047981658,0.023709891390701232,-0.012477620458120953,-0.05220195648985981,0.009958779578981503,0.009023314858919163,0.005763461705157846
2022-11-14,0.009224384068521774,0.014805919221899666,-0.0012389104958995256,0.008114481026790799,0.00413694793565611,-0.001783664989011502,-0.0038033882174338673,-0.003311302689962381,-0.007788149926336141,-0.0008650294789905866,-0.013283352405548898,-0.013176958042010245,0.020138326431418996,-0.005916370797149018,-0.0019285407732531068,0.002206314303014878
2022-11-15,0.0016618483064567702,0.0005837485036559453,0.013467962593642024,0.005557674514654165,-0.00262176487575283,0.011684701750483972,0.004111572217796899,0.00996684923025426,0.0049951408502744155,-0.010822553190389272,0.0044873625498371705,0.021584075005643077,0.006421599695519475,-0.001133542522659181,0.01510881622572624,0.0049159326752159505
2022-11-16,-0.011613514038010475,-0.003207936878087958,-0.0010490701938057345,-0.00724223275196445,0.0024408224598901906,-0.00020982152265625054,0.0017548595202356854,-0.01681276841411594,-0.007952427502080361,0.008169319083399351,-0.008591133300401621,0.005013459647198459,0.0010635393315840957,-0.017307424201940425,0.007961386499262701,-0.0051854416811496495
2022-11-17,0.0031473398288317522,-0.0133119266084748,-0.010502292999681528,0.008062981454434182,-0.002434879351681407,-0.006091301360532375,-0.011094897106761481,0.0044609839888434255,-0.0025765879006094394,0.0028938002348297687,0.00762562638194475,0.0007125656436375305,-0.002596854073561472,-0.0010106234461156882,-0.013908052993708675,-0.00470698669712577
2022-11-18,0.014955002547591967,0.012898342903496562,0.013974868600601598,0.015235114302153407,0.01689817840889596,0.00845317051353689,0.023619741783775128,0.01980007417985208,0.0020093142971928657,0.004472743406326973,0.011351961692289247,0.021363779311541098,0.018225001448716194,0.02803485035660369,-0.0005222578230683617,0.010392122183319863
2022-11-21,0.00010307610392779054,-0.0002926521567693241,-0.004012624653001229,-0.012943114513582543,-0.0035081208780144424,0.0088012622943483,0.00865300917541667,-0.00272203892364975,0.0015754211905532056,0.0004308535237715905,0.0051019778577749975,0.0,0.013249561836973012,-0.010402074423492391,-0.030836312043299396,-0.0015064829472744012
2022-11-22,-0.0005151425861328329,0.0007320713958849367,-0.0008757085513270146,-0.0034207713660885375,0.006670467996056972,-0.0003115162659338422,-0.006862965061140369,-0.012190545678771314,-0.0020020377102127895,-0.010050144156181107,-0.00947536615144906,0.007146550306185828,0.0010323321941945185,0.00042620482254585035,0.043861037751607324,0.0034787494312726874
2022-11-23,-0.00010305696418222432,0.021653293060868162,-0.002805140306602727,0.0057207944103563335,-0.0012885266893722935,0.00010390173523244783,0.00863805964135711,0.005894253845484476,0.00573164924975722,0.01218270277252742,0.016057353920871265,0.007095839532005543,-0.008250239278140281,0.008661026397455585,-0.007921467238970026,0.00323844718529398
2022-11-24,0.0026803736693139513,0.009308218311489203,-0.004395212694004558,0.009290922434771476,0.0053447112353885995,0.005609651514327574,-0.00228386187800389,0.002929919408364068,0.0004274122508081124,0.006734482429514799,0.0,0.000515640230406289,0.005199232832265421,0.004926763063122008,0.003645193785637879,0.0042266208613988
2022-11-25,0.0012338736494938995,0.003830948403250156,0.004944410310339764,0.0018787202045944529,-0.00018330913032382767,0.00289271919532208,0.0025750965413915416,-0.004381978458775082,-0.002848228569160005,-0.002988866336294582,-0.00571629016871289,0.0066987192420284725,0.006207006587735986,-0.0032216565976990186,0.010722871278680657,0.0007693320708173079
2022-11-28,-0.011296017289047944,-0.003957659834200822,-0.05675635222052022,-0.009938284682138199,-0.0062339855603048555,-0.002987297836181013,0.003710228573796437,-0.00018322611922994003,-0.002142156835386322,0.0069950196986974245,0.011836432969492217,-0.016379423499455426,0.003998016966282769,-0.008712878358856035,-0.011977889457680968,-0.0070435644193829194
2022-11-29,-0.0022850026062058992,-0.015467484232523865,0.016952390901543435,0.014583404447239712,0.00940955425486889,-0.002066349940231249,-0.001990459238882858,0.01357279514748111,0.0047228807932173655,-0.014743417691103433,-0.008021426876172355,0.010407559150830359,0.003413505308254461,-0.015593949208879021,0.02078260499481588,0.0005656273511336352
2022-11-30,0.000416304651345456,-0.0038915589911843185,0.00018314746006242721,-0.002613496929221637,-0.012246291575380264,0.00031060801908799895,0.010256554567971365,0.0267825101555057,0.05028495506825692,0.021007139217972703,0.03942058053240105,0.007897010610909305,-0.019389970007291257,0.00028802610510192395,0.023244154699247233,0.010433333423634172
2022-12-01,-0.011238285882032462,0.009405256480676805,0.008608081172547744,-0.014972785928079047,0.01313836285696679,0.016973717433005575,0.003947990150823033,-0.0005287445351266351,-0.015430848109631246,0.010146568762396724,-0.006483066141435789,-0.007494443378358917,0.011216406134706869,0.015836411230084613,-0.01724431893224987,0.0022883870570375997
2022-12-02,0.0028416309729657474,0.007023971401069584,0.007626710062271558,0.002280020259155968,0.000547918530525271,-0.00010177633449159895,0.014325843553934625,-0.013048887959829392,-0.007905657177772585,0.006556913167206524,-0.007830378441527897,0.0053201112685885565,-0.019211000691410574,-0.004535154370313266,-0.006411239678697833,-0.0017353074519030898
2022-12-05,-0.0022038250461224873,-0.0018505137256463744,-0.005947095494231558,-0.008151653634277056,-0.0029207973881130167,-0.005496301480127919,-0.02049299308791397,-0.024119997266835336,-0.0011183664144961414,-0.010949407753631846,-0.007234356699544864,-0.004779884556208924,0.001982117298601427,-0.006976096365159501,-0.0022075654116301413,-0.006717347927249762
2022-12-06,-0.0075725436132050294,-0.005276567496513285,0.0047134448478276525,0.0026758456714919276,0.005492475450544543,0.001944635488308144,0.008199056103214364,-0.0018306634741447336,-0.0004199248644140008,0.0060258227000031805,0.005299736013212986,-0.004288174274923229,-0.006399722822206688,-0.0090322109039348,-0.0006924290449057402,-0.001369266343010378
2022-12-07,-0.009219972892459682,-0.009892515889461606,-0.02201364787586746,-0.008768431235329666,-0.007101223091132702,-0.000510752952815885,-0.0005608091014682737,-0.04145291012065311,-0.001960291462243191,-0.006964696210438048,-0.0006590373039857544,-0.0013780630449099496,0.061014002575974,-0.005063734148488819,-0.020443635100474977,-0.0040671425319316334
2022-12-08,-0.0009626903139360321,-0.0008688692592121461,0.01605173560393336,0.0,-0.008985774864518903,0.0009198251184638906,0.0011222475695875644,0.0,0.00869823832584915,-0.004068040068107903,0.0006594719205823552,0.007245137234840993,-0.017659984181034205,-0.01061508508451503,0.004775255482503793,-0.001993785155335881
2022-12-09,0.022805070684310813,-0.008405710656259502,0.013619013456146023,0.017115313122419096,0.012213083505391964,0.006943041939660333,0.007567325351065968,0.0017222139440036255,0.0018079256675689326,0.0,0.007248741609896747,0.003425197603925234,-0.0030336647441724374,0.016901860257751533,-0.009153238720792212,0.004562759651295156
2022-12-12,0.0016749580008663667,-0.004677013449955636,0.004120305548999115,-0.00397046611242069,-0.011883000217031037,-0.012573568921245615,0.010570334265665116,-0.010697165998637681,-0.0056921336937869604,-0.014929431192303388,0.004906710751044541,-0.0006827145671476353,-0.002366793775670839,-0.008816247531396093,0.0058624355010128415,-0.004056872109996834
2022-12-13,0.013480986397788497,0.014684232167345268,0.012310560558858485,0.01803331507760708,0.014061041545587516,0.0007188724680107228,0.011285289583113478,0.011778279282530946,0.014660860564116973,0.013154003008579274,0.016927106560350014,0.008539728704899385,0.004631753120938109,0.028287945536520143,0.022430289796897984,0.014198852509110349
2022-12-14,-0.002784076966425797,-0.0002894767977524859,-0.0042299218148269535,-0.0022375063771702397,-0.011859152008233065,-0.020215593924941655,0.0010888266579895944,0.0013359423040923968,0.0009632861651596158,0.003387053023678588,0.01024329791752443,0.0005081304537808418,0.0122567536300493,-0.010918781739202577,-0.007082392196779086,-0.0021037781353450136
2022-12-15,-0.03360563476942591,-0.029530954087821915,-0.020530900282215714,-0.03438620467004694,-0.03194234616422098,-0.01623353741979794,-0.048667745476638435,-0.055650919067589566,-0.03546890617714327,-0.04599157993937042,-0.05006333279286568,-0.018957460875176357,-0.01210834463301469,-0.04817200286722956,-0.018267022144387135,-0.030905735927579725
2022-12-16,0.004065812549599146,-0.009844817600332512,-0.0063245462125870455,0.016837686523895057,-0.007057030743896631,-0.016395322260157053,-0.022863692574002448,-0.008980798514067967,-0.011117501928463502,-0.010025210890999059,-0.008338874050176415,-0.0008626522626052902,-0.014730671050463218,-0.014761228636876789,-0.013645266369196718,-0.010753121221310558
2022-12-19,0.006926839388750272,0.002560943350039313,0.008728920632466552,-0.006471245058936925,0.008835963794498802,0.005087023873304508,0.004679657487013822,-0.01058950389913671,-0.0093686176251635,-0.0020848624786403702,-0.005381907377056572,0.006561980847344273,0.013010739286372752,0.008714249936405238,0.01778653452341472,0.003201819510062265
2022-12-20,0.008995550160097121,0.003756609984068904,0.0012617673625847647,0.014176282504531734,0.0049504266871134295,0.0061384159715935915,-0.007569130813267488,-0.038077683401310125,-0.006401790750718339,-0.015072353503360225,-0.008454325331299861,0.0027449129323877663,0.0005633087807621617,-0.009396793389201408,0.01147388129272331,-0.0035314134147094167
2022-12-21,0.0201384857605742,0.014221560060516891,0.019985774477268903,0.02040047444858928,0.011557447486798544,0.008027267668336169,0.012027022772213902,0.0299562091200678,0.01259326608538025,0.030606108579891655,0.02012258461708849,0.022583339863773588,0.025672709605131683,0.024479779538086444,0.029493892706712543,0.02012424831465265
2022-12-22,0.0023647707985940958,-0.01372696367304349,-0.012886195851826376,-0.0038874998657907334,-0.004495174941738678,-0.004459506313808093,-0.004927536591489923,-0.012984334592910929,-0.010845991246382525,-0.01587764757586263,-0.02072875201344926,-0.013886535205377526,0.0021956940551024484,-0.02299881795582981,0.000169556193281295,-0.009463183305368217
2022-12-23,0.0016412836064472192,0.00044899816704369044,-0.0008941040519546695,-0.00018582029057789828,-0.005456246027341738,0.004586237985303221,-0.009321243239075239,-0.006630183052049765,-0.014912290408374496,-0.0043323005678330695,-0.014680787649190008,-0.002714641625911396,-0.0033958176475240576,0.002598540092147772,0.0035593758992522595,-0.0020052734316328147
2022-12-27,0.006758711246879656,0.0016454773903951114,0.009665288077413958,0.0037174529086101415,0.00283763198577458,-0.0025480855750456,0.00940894631631295,0.0138785580397911,0.024339635430637996,0.010502609596225287,0.020443584592212183,0.015311323755926143,-0.006265024319841772,0.009910066928861205,0.007093348233170538,0.007034736059468472
2022-12-28,-0.0007119810425468831,-0.004181535048285334,-0.010636413130206468,-0.008148123951115305,-0.0058479252131863335,-0.004896204935300741,-0.011069042282082386,-0.004597731474479505,-0.005215948712180896,-0.004008947406672347,-0.006791259524768667,-0.011561584738370545,-0.0051985609461904225,-0.00498183501110383,-0.004360298327365175,-0.006132194453206896
2022-12-29,0.0036645125854981586,0.010047992582149945,0.003583465144984199,0.006534783100921038,0.001897440828832364,0.00812918010677044,0.012960202447521052,0.013227029337326224,0.014418832530114889,0.00983912542040044,0.015384599371931929,0.0003389425060518203,0.011563195226719447,0.012744686536459993,0.00016862565066877444,0.009673615688142734
2022-12-30,-0.002941246031673783,-0.01707507731554936,-0.008926893998137952,-0.012242722639394077,-0.013068147770917582,-0.01018566677699495,-0.015992932921055192,-0.014712006473918016,-0.023833369633918244,-0.015057654227277673,-0.026936037290111625,-0.009320461483143472,-0.012530332407430733,-0.02082398233813243,-0.01229390826532406,-0.015168616569310789
2023-01-02,0.015766615217430058,0.019637516272157374,0.025581007224420693,0.03154925992018054,0.016503617554763483,0.017793994346822162,0.010342766941908277,0.017034751193420794,0.020885289897289105,0.01049159078873596,0.019377310741716336,0.013855628977165635,0.020480949619021027,0.015452857372858064,0.0355418282077371,0.018661498567685397
2023-01-03,0.012617633718397636,-0.002518516235498147,0.0059722161118209716,0.01966140919084558,0.006607448678309202,-0.0011584742484398447,-0.004972214323016422,0.011372935401112727,0.012534338786996724,0.0038564491721706506,0.011540894677258162,-0.00455533619406201,0.007089871211608534,0.008738818083048328,-0.017327633295768474,0.004446129661455744
2023-01-04,0.026305335608564073,0.02688249837338641,0.007333662159232146,0.04106414228455857,0.014441173160098186,0.023618795836813256,0.01881236164036526,0.04477618120604543,0.050085548821370285,0.05245279379968659,0.042281905706330836,0.008474594358380605,-0.0006498337480699279,0.04406276989457081,-0.023397787706462503,0.023028769486515444
2023-01-05,0.0021198117704863684,-0.004917554206284924,-0.0015601088494963111,0.005144888548377136,-0.011092586128945925,0.0033991693166131043,0.0037507162496333013,0.013698630136986356,-0.01300821346236447,-0.0058965082937108,-0.0028977126072878834,-0.0016807155074359814,-0.020808481610486762,-0.0012875304898287698,0.0059028814908237415,-0.002203250884899588
2023-01-06,0.011346141131084009,0.0267441318837085,0.011631990814309878,0.008531005380509216,0.022434023596858754,0.010984550136872384,0.012359958889097022,0.018532762678774795,0.02800651633644624,0.012851426743036187,0.027768912396893608,0.030303016250552428,0.008522482385876051,0.01633001337919482,0.012771742706270128,0.014708303677068768
2023-01-09,0.0007606424279069657,0.008918444929191471,0.008237572676550453,-0.0015225933520992552,0.002194161539455397,0.01289600056888962,-0.0014195380410955138,-0.0020848946478191355,0.014423009636419515,0.020217448013780448,0.012252648536811739,-0.002124244206102688,-0.007462674585473894,0.02057796764303399,-0.0061348450116942566,0.006764320778841704
2023-01-10,-0.004750117787242658,-0.005893052204176019,-0.020425603945530613,-0.011352155347728932,0.0016421216781066228,-0.003508784993111913,-0.018197414574876114,-0.004178501030072002,-0.0043443221265759835,-0.00410002214148375,-0.002793308846178788,-0.0024561646330075737,-0.004091146889443786,-0.003728921459307144,0.0015431200502264986,-0.005533188847691495
2023-01-11,-0.004772903251877847,0.019759995436790856,-0.010425647457437792,0.004284468323809909,-0.004371702006269795,0.0028168763504612393,0.0028960942631817144,0.036429580263960704,0.02115570787808929,0.009194495367410127,0.008714663180601434,0.010341446399503962,0.0,0.017327492325009075,0.0065059270025265015,0.008014075064975534
2023-01-12,0.009207794302215522,-0.0071970927604935175,0.020544299890533635,0.018430136977785283,0.017563176167811223,0.013643779457041205,-0.015593538890578018,0.01950683456352187,0.0018127351829357874,-0.0014959052497633962,-0.0030856640263817736,0.0173842349912392,0.0025536286377885187,0.001907667741677166,0.011226284823583788,0.00743628277252939
2023-01-13,-0.0032313308273120844,-0.008783043942741764,0.005161770384620068,0.0030161023174479773,0.0,0.003364923704855194,0.01994729732679379,0.017328466273599963,0.014992783417060007,0.018384947188882172,0.021974776735674828,0.01038005531253594,0.00974524945654287,0.008975948495999031,0.004709922357046814,0.006855220281568375
2023-01-16,0.011250940837578938,0.014205343814555293,-0.013009333780538812,-0.005011748023591833,0.008629976816508123,-0.0027618613686188898,-0.0005752586509668589,0.002682868647539083,0.009423138975359846,0.009494513257314319,-0.01332529255514503,0.0012644300828628108,0.007348092313294252,-0.007009108990826407,-0.005859765735498179,0.0028205394167792885
2023-01-17,-0.0032057386002115607,0.003189626623640862,0.00867158375146726,-0.0011752471998848213,0.0003564888978595526,0.017606235552690697,0.017266176962159374,-0.009810983243248694,0.005929168737137003,0.02530137178460823,0.017802440466127667,0.010102604430662687,0.0005443580613058163,0.005565343830439495,0.003704786438252894,0.004805992832155548
2023-01-18,0.0028377829299104373,-0.0024882369386529657,0.019085309429432762,0.0025214191303943867,0.007127560260451027,0.009720074505616516,-0.006223463497750603,-0.020536694255107513,0.005643294250810227,-0.008785494555349382,0.0024125305611686354,0.01031414410074838,-0.006202399266143854,0.0012149895316797554,0.0,0.0008802938369634195
2023-01-19,-0.01584602860614126,0.0033259249408301716,-0.013666264236297132,-0.012407812437083887,-0.013446555667460336,-0.014439671132319143,-0.026757747351943695,-0.025197777983889558,-0.031550019232208903,-0.018248229057838183,-0.028580127325200655,-0.016086657555586803,-0.0008760261411401293,-0.036133301903956694,-0.021140778438193952,-0.01856738327167362
2023-01-20,0.007667201110561406,0.0002762212734155334,0.01710569181398114,0.012733543997895058,0.013450498623961415,0.012697790310531198,0.02047377836575892,0.0030188262501289476,0.007983401947657232,0.01009033122695846,0.008361760437940235,0.01729289186028482,-0.0056984552124790255,0.0032172628877251697,0.008741738133698274,0.006346510571079156
2023-01-23,0.006087112693990759,-0.008285022220565263,0.002522687434256099,0.009220484837653586,-0.007609223666994125,-0.00752312978846581,-0.0020062446487953967,0.010722428392215821,0.006770644250406743,0.00683487316810405,0.009213801331587224,0.015144431563272276,-0.008817528483653136,0.014919247771733701,0.005947466602711282,0.005150062242685438
2023-01-24,0.007184775764043749,0.0072403677217829365,0.013085075408351798,0.009136164611963205,0.008202572776100592,0.015937894499946204,-0.018093067160959264,0.00279165886358701,0.00850150420068041,-0.00913836680668123,0.0045648411265433175,-0.0007612004959096641,-0.006115876973944778,0.003434573729261814,-0.008614976450215472,0.0026251291785615027
2023-01-25,0.003003505923612204,0.010091234130643834,-0.0052988595332160715,0.003950612491301797,0.009197142287012294,-0.00822662315989553,0.0017548595202356854,-0.008537357659434308,-0.00314550077648601,0.004611281217088203,0.004544098040923039,-0.007464812095875684,0.005929846834755947,-0.0012323993868061933,-0.005111538213200206,-0.0009361203314574018
2023-01-26,0.015534240259275078,0.00821126136787198,0.0066588758340313525,0.012133089171473932,0.004030806995523495,0.008873426388068761,-0.019561971943363732,0.02564569628475666,0.01173801226277349,0.010622969220300815,0.023220673595854224,0.013046818936028881,-0.0021132899125749782,0.0064427758957303904,0.002055104565424015,0.007397961411814036
2023-01-27,0.00958356993986098,0.0062441091396949755,-0.03572016887169993,0.004859848585735627,-0.00034916317147459797,0.00420639111085408,-0.010422945854882792,0.017886550123470846,-0.000748512960976,-0.01777829479223092,0.0005894266298809292,0.0015151309182341866,-0.0018947568737451848,0.007082728108874781,0.0018798594805815583,0.00017188954919800103
2023-01-30,-0.0012777446377240098,-0.0028329359556080735,-0.0094324448319415,0.0012897228255051019,0.00017460298992211243,-0.010662595297497912,0.0015046471064523725,0.014882399801527946,-0.00274657647093024,0.004888331971048654,0.005007436539079535,-0.00302579660379243,0.002680124983446719,-0.004733638997215128,-0.012111772606741678,-0.002141714194191957
2023-01-31,0.008590618168869968,-0.012040051147777175,-0.00588639698099136,0.012719318724240258,-0.0008728625451990268,-0.002694271526923142,0.00901451713399326,0.00795060602442832,0.0015023543985270837,-0.005916522611386199,0.00498248705136306,0.0,-0.0013365284782159703,0.007745659800104221,-0.016059409517607204,5.791523360931805e-05
2023-02-01,0.003443302059056963,-0.00273856629026914,0.010449393900172632,0.004610560753040671,-0.00017472501996562695,0.010420655217861174,0.0020845107321907363,-0.012445015420099126,-0.00562511487685724,-0.014944966898222223,-0.011081972622645209,-0.0030348604091996467,-0.01081748002505234,0.007281421530933363,-0.01772546990627022,-0.0007497520130582691
2023-02-02,0.010294351254577894,0.007139898171803827,0.014822365681893102,-0.025162245920165804,0.007689561255030064,0.0030556803577144187,0.01485886514441459,0.05129544062716329,0.01709620442158788,0.013426389474140876,0.026540662624011224,0.009436802186882698,-0.02175872016591307,0.02008031912333874,-0.014114748231014218,0.012598385212669427
2023-02-03,0.006435604300977893,-0.009406874256120745,-0.0054346815839261264,0.0019480886320799584,-0.0072840390820581025,0.002856210148376448,0.046266456797129374,0.010636603062027294,0.02508968654862076,0.018547930703936677,0.02154563286693456,-0.0018093607570098813,-0.018785226390600984,0.016010504033838968,0.0212035003742177,0.009442837304562746
2023-02-06,-0.0190054613260332,-0.011560754912933957,-0.011782763539793462,-0.01571610270289292,-0.004716988976429026,-0.007974275490904792,-0.02043099542288862,-0.03775475636202863,-0.01832645761959395,-0.006373501149443905,-0.01996617843980053,-0.012386693623457123,-0.0027014955107991234,-0.017954028910596498,-0.012245070211775344,-0.013386874170146168
2023-02-07,0.008690970478350879,0.005012567009825775,-0.02972185382051762,0.02617279789195459,-0.0028085180734798154,-0.007655410571462462,-0.010571362695188102,-0.004513840969045169,-0.008351892963051277,-0.013352521201052792,-0.016355883644676883,-0.010400797708472242,0.02802968617008239,-0.010127481495286972,0.033776521537912885,-0.0006655364132499564
2023-02-08,0.006641523350515932,0.0157939503579807,0.008904781584817112,0.024221944697287334,0.0040486253137344,0.005978853384179805,0.006064016681583961,-0.009591971834802315,-0.00904134095543807,-0.003980429871484947,-0.014002323273020423,0.006027690665722174,0.013976399261695693,-0.012888728461439514,-0.019117076278301615,-0.0017553848815363704
2023-02-09,0.04261772316232615,-0.009683658190646094,0.0031774270764168833,0.008770646348041478,0.006486598429372936,0.014378680776232722,-0.012055026556629156,0.01989792603216367,0.011373581344444883,0.009058176377503502,0.005917086480419664,0.005530898817306618,0.00779571586137795,0.021133472942172382,0.024982275729581893,0.009625199534859963
2023-02-10,-0.011116856097831862,-0.019969708413763998,0.000703714184132398,-0.012730920921221855,-0.00975431854469333,-0.006992969011643813,-0.019755955617302368,-0.034012486555723864,-0.014335123258444438,-0.008316743066783427,-0.014705850530589482,-0.007028159172428494,-0.005605398146700136,-0.011204884161247763,0.02592910894895084,-0.008156225332010214
2023-02-13,-0.0017294963829390664,0.01686338049878855,0.01635309279186492,-0.004245973700863437,-0.0008795443623725863,0.029501334704599813,0.020154119507804324,0.012689748799434408,0.015922749868748642,0.037406766721386875,0.021791093854734545,0.019849192421438788,-0.011837584357014208,0.02293035081634498,0.0032012891717281278,0.011060708259257979
2023-02-14,0.0017324927228365983,-0.0019346177973703638,0.003287326693196313,0.016740264318688025,-0.0063380388470227755,-0.00517651159091681,-0.004067374493072817,-0.009177336228665012,0.0002468520574583355,-0.004876153949480266,0.0005841866124172146,-0.021122639729430737,0.005248071320044234,-0.012902465768701021,0.0073899670328136935,0.0007241658849928001
2023-02-15,0.0017294963829388443,0.009277026075784622,0.026556203086219643,-0.0027959148907782394,-0.0023033794946217823,0.014867109648199817,0.014002304919598085,0.030281391661639567,0.0149289481772934,0.005802681119368103,0.011386987962944906,0.01972891386318887,0.006015318414455573,0.020860758601225937,0.00033360166236384714,0.012067105174719428
2023-02-16,0.018646498030112202,0.017835264885832425,0.04938693350517087,0.024922290500924538,0.005150053249765252,-0.005676681040456932,0.010069022479902712,0.031638993339597965,0.0008510634951404139,0.00410264916308023,0.005196254952441359,0.013452244265205415,-0.00891261893677886,0.00879475083688841,-0.0010000930354283621,0.008944192080328817
2023-02-17,-0.004237367150924043,0.007009013327309965,0.0057627404031810325,-0.005623187366925464,0.0008835094546002509,0.00865567990471905,-0.005411613362787726,-0.011228541321056773,-0.005951671437878114,-0.01787551727149428,0.0034462380237965107,0.02058163347590458,0.014228892253902004,0.0016665563464928201,-0.021354607229138955,-0.0025033315886573426
2023-02-20,-0.005276527645029283,0.017802123007000015,-0.022441566901141963,0.0010698108149866936,-0.0012357573642745034,-0.0041994455737357494,0.004295577278009333,0.0018643741315904627,-0.0058651805258300715,-0.009490231145955708,-0.01692005297659327,-0.015198104989698535,0.00011223185207565045,0.0019198769434225493,0.004432244277322583,-0.0016481781026493891
2023-02-21,-0.005817943252390045,-0.007627543586587016,-0.00016278118631241068,-0.001526636554972538,-0.006362603252403232,-0.00165009251574888,0.0022812569473236177,-0.00981220780680403,-0.005776778896139367,0.012862525642372669,-0.005834141794558656,-0.0031161939899954083,0.003815454755020653,-0.02248347982886123,-0.004752212447319715,-0.003675217390233576
2023-02-22,-0.02013771143377452,-0.008613799277582546,-0.0003256821285018141,-0.022018468582733375,-0.010672403250379436,0.0022038950880007846,-0.006828006638888828,-0.014351446826944447,0.0007416779756430625,0.0010366730018442905,0.009682984665945416,-0.0016372996926197203,0.007825682635483444,0.0043127661387951655,-0.004092841026358651,-0.0012847977183499948
2023-02-23,0.007728791328410756,-0.006951102531957409,0.013520111463779516,0.012976899521059071,0.03236243343619094,-0.012827689070745385,-0.04239474759379147,0.002946721957559406,-0.0006175003614139474,-0.004789699102996758,0.001162508351458813,0.00521835759789635,-0.00044369862515469816,0.004944724505739462,0.012157631198859375,0.002489349706640276
2023-02-24,-0.010807110534676312,-0.005653490739321754,-0.02009004469029585,-0.013890961449581796,-0.010449286313571116,-0.01949119603122995,-0.014358332618471525,-0.04286206862227426,-0.039184124009465804,-0.029786588415807946,-0.026124853458769914,-0.011420765607801808,-0.002219477905068823,-0.03534890889012576,-0.015564397415026798,-0.017787686813985015
2023-02-27,0.010396569605114037,0.026126953742119374,0.013941346931363396,0.024573403114053427,0.03396693541065732,0.018364246059569878,0.0006069332683167339,0.01372344852910179,0.022513724653375755,0.014210879420992972,0.022652858571776013,0.012002836338431244,0.007118223538578938,0.02026850884229403,0.017700831543432605,0.015065495641878313
2023-02-28,0.008196699087927861,-0.0068600838607820736,0.003073360951519666,0.01054082226307429,0.016170197072251424,0.0024166082350272067,-0.0027297427820348608,-0.011400270861856243,-0.00729734041340957,-0.008327736963277044,0.0,-0.006968123567949069,-0.018332436804199936,0.0006576669139266578,-0.010975945173612,-0.0037858187039589986
2023-03-01,-0.014876303177583816,-0.008235973972276045,-0.013707463883183224,-0.04157218793468309,-0.0026800884190766316,-0.0029672743802681145,-0.0063867674821500575,0.012072201043910047,0.004055601689145316,-0.008264532592787144,-0.002623211693117189,0.0,-0.006074934421126943,0.009466145911806834,-0.010073475428445278,-0.0046340808134730516
2023-03-02,-0.0077260769428481035,0.0016072780109546159,0.004741728098696996,-0.00047321392928900696,-0.0035270213243642212,0.004278423783447449,-0.0030609772713896533,0.01780300094785603,0.015274056813007642,0.017069894935241914,0.00993570371100394,-0.0013436194935394496,0.009620786845185414,-0.0031257927602437174,0.01966198250267892,0.00690744926478204
2023-03-03,0.010617534083422697,0.005348956584698916,0.010252275705952885,0.014044519507361297,0.007584708646720673,0.006482541545415055,0.005526534593912835,0.00997028115178411,0.01342776180725247,0.003964649535195486,0.004340320259428765,0.010763888521205356,-0.00022411559000334869,0.011758661286399352,-0.0018607700317765374,0.008772373769471598
2023-03-06,0.009455429653006497,-0.010108862773839378,-0.0020941857308661715,0.010582060705699448,0.007192994295619259,0.0047847859265950365,0.010381680003257232,0.0025979545066259213,0.012145712036266909,-0.004212276216772448,0.00345723604354764,0.004141366368035637,0.0,0.004390404893011013,0.0049144691937204055,0.0034144574870671462
2023-03-07,-0.011621816501193427,0.006449844666042592,0.0009685298277011256,-0.01570684299571301,-0.005148621859625946,-0.007692400499406782,-0.011483838498515087,-0.005182213886750664,-0.010788009524067221,-0.0030402245088868574,0.005455091451400218,0.0,0.008746230771724983,-0.006299729571424217,-0.00505903405388719,-0.0046031432152428
2023-03-08,0.003685442449853804,-0.005206944546879755,-0.00032246478916519994,0.0012515880132213386,0.007345521232111629,0.004245176053140121,-0.017731516580712925,0.006945728450845179,-0.00698417550138819,-0.0023866577247597665,-0.011993248677914292,-0.009868749000141452,-0.0018896063519395767,0.0036226078364698377,-0.0016949449794781968,-0.001977070453551333
2023-03-09,-0.012065025842947441,0.008857765099084203,0.004194254135681863,-0.02124995010017039,-0.002320072844457788,-0.0025731146208929356,0.007469690695534714,-0.001552121666013262,-0.00641656265356505,-0.0009303462359203651,-0.0011560514294336466,0.011008548089295411,0.0010021327908371624,0.01585680973611514,-0.007130701218880264,-0.0012123104506680527
2023-03-10,-0.02477873839745104,-0.009844282063077192,-0.023132559126688212,-0.038154579594085525,-0.02308970558703427,-0.002763945018283809,-0.013901903986266229,-0.009326512967466338,-0.0032291610929834347,-0.0054543181068158475,-0.00462963098632907,-0.018246080104318274,-0.0036714146594047925,-0.03350261059833526,-0.00752383895441211,-0.013014150377342992
2023-03-13,-0.030671498513506035,-0.01585381823657428,-0.02844929817635855,-0.06804983841736534,-0.058833594699847835,-0.024575126130600866,-0.012531287216909104,-0.04079490104017014,-0.026040379978774397,-0.0016051803977132906,-0.016860424078594005,-0.0362709402872855,-0.016973804562776085,-0.023897166746706833,-0.04996555213427023,-0.028968215434044486
2023-03-14,0.00954879099362027,0.01979522836020675,0.0340217304950956,0.030810376544520457,0.0014453593719137015,0.014017814572969689,0.008566162472652072,0.02726278724056619,0.02405024720245219,0.01179001979376415,0.025724359732124835,0.035303251416848314,0.010791818075083004,0.026096362457014965,0.02375775182106632,0.018550926936996337
2023-03-15,-0.052114258871623464,-0.015528739402742242,-0.04812578198381756,-0.10107123915982363,-0.05141615214941753,-0.04352696453897431,-0.009437129921042953,-0.045824381500002564,-0.03222987899370244,-0.017081589965249,-0.027961989421523725,-0.045065383349930044,0.008878273414804294,-0.05283155327292677,-0.05633305385253784,-0.03582683773721129
2023-03-16,0.0001956086101013721,0.01862922836162273,0.025623461775619916,0.013069445322212214,0.021300871840536084,0.02226562543849475,0.022546768681255047,0.025217897415977797,0.03485216208010211,0.033813791712987484,0.046856491103715925,0.02973111047379806,0.005124325822915221,0.03031138855097515,0.0007508195715737465,0.020333452135004926
2023-03-17,-0.022887345978110818,-0.017354146357143718,-0.02129454672622877,-0.01954091046201689,-0.03277476604013729,-0.01165452354636265,-0.007763886241735074,-0.010490254390516096,-0.017961827938377972,-0.008991374823717035,-0.01983000800963941,-0.019401233140738494,-0.004765626676522139,-0.018807052615021358,-0.0031888232333073807,-0.014279007622314044
2023-03-20,0.006606788073425296,0.02214378477978074,0.015932919552496205,0.017027906132492943,0.02464393092267292,0.012565155339971046,0.016275407395285546,0.01626765143800135,0.02184683485475647,0.017619978232585654,0.01734106414980463,0.015578723241473913,-0.003786137836576997,0.008214564553868264,0.013549009987450011,0.012669338321575685
2023-03-21,0.02247400126913579,-0.003056819425275581,0.025295147964204068,0.041476411940257085,0.041525678090886586,0.021764117831358565,0.004003791560694969,0.021582675754578284,0.0027346272904353874,-0.0034887736593083307,-0.0034091098723851854,0.028838835354192183,0.00804827135078967,0.011542674423303145,0.02506495915053808,0.014226155129694718
2023-03-22,-0.0019451367684467646,0.007732044541221894,-0.004934177370003345,-0.004932434716256151,-0.007757563446496474,-0.0029894510517353146,0.001840449221911955,0.0070420974218710075,0.01016489720348046,0.021265449829269256,0.011402475961671987,0.00521835759789635,0.00754046281800913,0.0026848876420566548,-0.001650759413446945,0.0025601280681859517
2023-03-23,-0.010914065037362808,0.0010584918026028678,-0.00876035724407953,-0.02184688113527522,-0.01000000824158409,-0.024550312369038374,-0.0030618139221199048,0.010664490222568324,0.007240076054060962,0.009395741102138588,0.015219891924973084,-0.0010382301945683903,0.05480948149483966,0.0033472036577515407,-0.01837215406742465,0.0011400569165711527
2023-03-24,-0.0205911087327042,-0.011497259699270068,-0.021177299690079976,-0.052740219791925225,-0.021671203422771623,-0.02632082996866325,-0.004299724609722166,0.004151415693454119,-0.009015583268987881,0.0013835984150469827,-0.00777354930860541,-0.01039332607818988,0.013146995559302876,-0.050573689593682136,-0.030319925341974363,-0.017389768161046315
2023-03-27,0.008952799072985629,0.0017378896877953132,0.014310081205941794,0.02615416731486997,0.0122019916041054,0.00808989187481246,0.003084581388903551,-0.012402988807660997,0.004425925632837835,0.00653180720619817,0.010632393037243393,0.01380335625508855,0.013800187535783381,0.018833384497903838,0.0061763139458732574,0.009004849680777305
2023-03-28,0.003987955593150128,0.002001887520953316,-0.003023129869555996,0.0034755933785277637,0.0076039077853318204,0.005284905671806506,-0.024600464306794856,0.003663077260581682,-0.0034271124166828093,-0.00636461228934071,-0.004152864732929751,-0.0007400797688118521,0.015847254410174427,0.007587288598532194,0.026472360473276613,0.001422639174680329
2023-03-29,0.01807346456187031,0.006260025402796465,0.018362418799218627,0.026938477802789684,0.026504653597070327,0.01635516633293177,0.01040355677935545,0.015293554874812543,0.00957984377732446,0.012057200157960635,0.011120487836227433,0.017920770532754426,0.010000030120054237,0.020125776745780755,0.0061669458136577315,0.013917277218583601
2023-03-30,0.011510054047900065,0.010588880047180504,0.011083516188124864,0.021735018509793314,0.014344581577492521,0.009770051664266699,0.022465009947260972,0.017802165024077388,0.00608275349600329,0.006577369190488902,0.012372816282857357,-0.0036374866554302887,-0.015544588883425359,0.027378959103497413,0.010586853426443499,0.010627520049655725
2023-03-31,0.002700013227331599,0.009823277247970275,0.00850791331712375,0.012470260034496805,-0.004242485285797071,0.0028457464989088965,0.013121745962531906,0.009081709253076165,0.021039869610709472,0.01405501689350408,0.012493222351233069,-0.0030667080250085244,0.008146405595325534,0.0037883169188692722,-0.0009188877307154675,0.00812570729276052
2023-04-03,0.006732144491936154,-0.0015564121021002242,0.015574278147603149,0.010686519472313138,0.0019527636711762497,-0.013431766377560606,-0.01650607455397224,-0.01049987677537223,-0.00035540150141999405,0.010212811904932728,-0.0016094849451218085,-0.007763326613639987,-0.0059855496880036885,-0.01626753215844734,0.058866860423942846,0.003218870311287647
2023-04-04,0.0003822520356977499,0.00311767659378126,0.001917011821561898,0.009677472559190603,0.003366403587746536,0.0024929446681749567,0.0014699743273793864,-0.016001485362334034,0.008174458339247348,0.011794312609349156,0.017732399010167654,0.0014763290098012138,-0.00040152585005115426,-0.017991745400700476,-0.014419664953263633,-0.00013612924727568476
2023-04-05,-0.0001910529874554756,0.005309487167258542,-0.008450346323419011,-0.009052289183195894,-0.0017658425961160074,0.01052025374848986,0.020795109989590888,-0.03200948354416855,-0.007520563113299628,0.007969659976193366,0.00802529894850168,-0.007222849262059405,0.018072378682535417,-0.03772062635322648,0.007227114873554763,-0.003902016675709996
2023-04-06,0.013180377975707813,0.017905460382545257,0.01447181570486733,0.025076167775677893,0.015390111156772246,0.014196495953219257,0.004074355734546842,-0.01786029806401923,-0.01835180845736506,-0.032098203883268006,-0.019484445465301925,0.012768990209529374,0.010256348889504663,-0.0015400664979074996,0.006300272848685173,0.0011549820999798843
2023-04-11,0.004902116069581464,0.004935573706247753,-0.001426446026034922,-0.005416778621074703,0.00818807022664414,0.01138471965706489,0.009189754761411484,0.002700681202294275,0.013991052355533107,0.01719083351093853,0.007585365113068621,0.00425170352557136,-0.009176140824149193,0.026780689424986903,0.016521889047853566,0.008946351091334126
2023-04-12,0.0043150396250186684,0.001007238628822238,0.0019046449078727878,0.0026353483465828553,0.007430477765550725,0.0007381836765461003,0.010406647623488308,-0.005027793592955909,-0.0048768633930373895,-0.011986067089519326,0.0006362704350699744,0.0033577565843050383,0.003349791050329065,0.00832997745309716,0.00017090632952987406,0.0009012048858254573
2023-04-13,0.0003737543986792602,-0.001383768358179216,-0.0025348070816395563,0.008235424057019936,-0.0029158877981489972,0.006822917685730401,0.022354893336778314,0.026168540800636686,0.05653833395065222,0.02899431015180043,0.03073009540335403,0.004073879705982719,-0.0007855348025045394,0.002844008430193057,-0.0039343902365915895,0.011341194789098452
2023-04-14,0.022969156460280526,-0.00188943978032452,0.002858912877380826,0.03215154944295495,-0.012042089805423317,-0.00805872070845226,0.005037269252765153,0.013014492518062415,0.010068987756303605,-0.008134926981111512,0.015215442175463112,-0.008114929184253272,0.0027515332338805543,0.015665183008625627,0.008415056592560033,0.005183887984522961
2023-04-17,-0.012413421230579647,0.009844535096394491,0.014254138588882359,-0.02020539943284927,-0.013233489669900123,0.003508151251799152,-0.020959153086735793,-0.014062516168405592,-0.02150537322759427,0.005943282926658355,-0.018835545863155834,0.021913855837405682,0.0043120577376678515,0.006382085763487755,0.000170196826142055,-0.002849840336084819
2023-04-18,0.005545368838371534,0.005124452814681657,0.0018738418109836008,0.02096582606102637,0.01764604251636337,0.00699169295672597,0.006748219261150101,0.006691211683494069,0.004464308194031208,0.002717629214215256,0.017648880375673137,0.012866384404892628,-0.010733817335658369,0.0047562629086612684,-0.0013618770721085527,0.004727774766702941
2023-04-19,0.012683911886068655,0.005222608988374011,0.001558486464494191,0.003198033786508514,0.015432747701908056,0.012424658222539353,0.014792514686593039,0.0005246776553387011,0.008547011697513263,-0.004713649648140694,-0.003955365161740998,0.004657797770642125,0.005721053301283918,0.0034187885961987075,-0.009889461643205477,0.0020985977330556516
2023-04-20,-0.0034489270945263772,0.0038347058565859626,0.005913517996835482,-0.012583828857032353,0.0,-0.0046922292413459354,-0.0005694608681958702,0.00716800514778515,0.012994316046636811,0.017167912926271622,0.016291624539322314,0.002950160400183366,-0.004511593596175478,0.0005240862582960304,-0.008437933486542648,-0.0014212948976386475
2023-04-21,-0.008561105977613281,0.003696892757709902,-0.015160933432042945,-0.0032284654261706125,-0.000512424910785958,-0.0003627471430357465,0.0626709473255731,0.0032978113478467908,0.005131109636012932,0.03038062587321666,0.003657037198026458,-0.002241113816699891,0.013596036175267612,-0.000654738336920424,0.0020838872412614062,0.0050791235185998485
2023-04-24,0.008267566890624023,0.0023325893524321906,0.007226002637003459,0.008182738065519057,0.001879364137236994,0.007437050155620906,-0.009328777446134251,0.01176480675297742,0.0009987566513480761,-0.012200605743920012,0.005240714995310869,-0.0002808651397635531,-0.0005831118397802149,0.004193977161685902,0.008838996377286135,-0.00041443008034180995
2023-04-25,-0.014941634936516235,0.0,-0.004270818642618357,-0.02384175331668359,-0.0011936663792909696,0.0057364528798364844,0.0003246496963849044,0.0006841283147127619,-0.0062569428850457465,-0.010978965032996002,-0.0059366390985435835,-0.0025278332991639507,0.01750632372976768,0.01748874094667996,-0.009620377869065777,-0.005578397377647759
2023-04-26,0.009803847830814227,-0.015311051895008032,-0.014455901004432503,-0.0020786810027987324,-0.0005121826806564478,0.02520702984542922,-0.011902155761686184,-0.022898281510242202,-0.015740991133869953,0.0030488172561562443,-0.015557478417754789,-0.016190235488592886,-0.020263852555277295,-0.02565424810866279,0.013009530755598409,-0.008623615430201514
2023-04-27,0.012639765319240714,0.009951360942158205,0.011766507759050748,0.019614749065203663,0.0063203890990264355,-0.002692038375636252,-0.013469032878894338,0.013990948638483491,0.0019419437710341825,0.014145448751709422,0.006525223344070463,0.0024327990095363017,-0.00663422012651016,0.038967968761000726,-0.026198684774562664,0.0023008530106489733
2023-04-28,0.0025324832375634987,0.004926980676544401,0.01274494748279631,-0.0025536943741771845,0.0039043017108568723,0.009537441148648407,-0.004328924828649772,-0.0001724492412464862,-0.006954731745329457,-0.0023055255587997037,-0.003849280115441389,0.005995613365909147,-0.01787459755193932,-0.00012666302540187413,0.018814978505756974,0.0010235596177805562
2023-05-02,-0.012089564976556555,-0.007476628415679976,-0.01400032628539083,-0.027820417865863756,-0.024687207761464713,-0.030837691140162993,0.004682131415896018,-0.012977859497671385,-0.002640660182732568,-0.004621560775886269,-0.00671137199003824,-0.01475792097845452,-0.02830002844193691,-0.011405294859041293,-0.050742267063610846,-0.014456357830541333
2023-05-03,-0.007671106130037297,0.00518649371139146,-0.007657871172297659,-0.011762629767744115,-0.0015602569685229106,0.00772478849697622,0.014092271860621786,0.006751805317289472,0.012087041476773752,-0.004759178465310709,0.020782060441295158,0.0051849398360623855,0.00761558840715959,0.011793260528607075,-0.006727200799516608,0.002794165438666729
2023-05-04,-0.011963971285236297,-0.00036846689061798,-0.018488789439306874,-0.006217853426142117,-0.022573444272569465,-0.009125750108975428,0.0002188614234315267,-0.014295687658221423,-0.006255711983034096,-0.01749476419158158,-0.007020306833487866,-0.016334678562056615,0.012664687521753759,-0.011529153664040503,0.0005492271606817312,-0.008517221212310688
2023-05-05,0.030365057493798364,0.004055608962572732,0.0008189970235805699,0.03485876882123384,0.025404209860738103,0.004604937822602961,0.005688611593011039,0.005192657059712502,0.0036626659262086747,0.007716030079454539,0.006867916244458261,0.002913403709158491,0.024306607342826636,0.01666232199068829,0.02689342257495575,0.012554562532921532
2023-05-08,0.0068703100466460665,-0.0002448870350193477,-0.007692245614202342,0.006909703459629268,0.018225329229980547,0.006967275824808494,0.0030458825341226348,0.005521712607407858,0.008666849031615076,0.009070588556215231,0.007874412337126824,-0.0018881598500263275,-0.012800302335986169,0.0010085997628148657,0.0012469901133436156,0.0010735982015210865
2023-05-09,0.0005387795087270497,0.0008570978005166818,0.002968773383631662,0.002230167238695291,-0.003977563309793708,-0.0003641409016157393,-0.007266121302154871,-0.02710355307298029,-0.004635313332681634,-0.013074952058632072,-0.010599607549668377,0.0004364565727428271,0.005784876679537865,-0.0016061780629379463,-0.013345028012366034,-0.005878344645548594
2023-05-10,0.05043074321514651,-0.009174398360563552,0.0006577303252497391,-0.00855875085937452,-0.013977143684584692,-0.003825146502766441,0.00600846729817861,-0.014020436639813783,-0.009200425961983338,-0.013011502148792875,-0.014284259411296851,0.010763674128065892,-0.020130871272990958,0.0010295955198138529,0.002524806982268535,-0.004862633539906902
2023-05-11,-0.01315559883489048,0.004444421128492859,-0.003122364763726182,-0.009841159706610703,-0.00865250597393441,-0.006399619178532823,0.008252710949985476,0.0062788028348617075,0.01753990021918983,0.015580017088473008,0.014797478396167518,0.003597591216463858,0.0035421884124426928,0.010028256632079513,-0.012952123924526049,0.0027956840321847753
2023-05-12,0.01436981363963552,0.0060226294179821505,0.012199099354388787,0.01987802499043423,0.0007428224591741195,0.005152702136689502,0.002369442419526191,0.0009176684234657451,-0.002478603656782874,-0.00613649094488955,-0.006737800957031137,0.003728127887561161,0.001411839525882863,0.006619159571723765,0.016220240003456565,0.00447999174487701
2023-05-15,-0.0034136359493862622,-0.001181956388751182,0.0021172804179765414,0.0025644457123348285,0.024308843664822666,-0.00018303108133976842,-0.007413713552617218,0.011001019126189338,-0.004856574459899066,0.00023749344177215193,0.001923665822398446,-0.002571416364601231,0.0038268197868345233,0.0018967658592112802,0.0021520659302469713,0.00045312625838689335
2023-05-16,0.004281532962888468,-0.006352845119959816,0.02584101247104642,-0.003581138704016884,0.005797089801259592,0.0043946529070995055,0.009742326425494552,-0.008886385190102541,-0.005788288401502362,-0.0039174117533737896,-0.0016168792054106484,0.019765091362188958,0.0066210934818937695,-0.000504806857652973,-0.01324260107689823,-0.0016446279327146929
2023-05-17,-0.0028989485473851495,0.00037619496663765517,0.015526000718949717,0.0034228816735795142,-0.00414269584489535,0.008386635372330309,-0.0021441810179755327,-0.008234352951500101,-0.001826451362397452,-0.009653192221801277,0.0015183030408143505,0.01025291390519123,-0.014749813309515636,0.00719787742645428,0.0009067224332932611,-0.0008870936478161395
2023-05-18,0.009919544506182598,0.010651617264254343,0.004680228718143775,0.017226735041208974,0.003617380027741701,-0.003977616834862863,0.0011818822622420289,0.0051660629171566,-0.0021729071802323308,0.003610111044361375,0.0024255001973392254,-0.004587862640939688,0.01011543220811495,0.016298785000741667,0.009059497543242756,0.006412673889948817
2023-05-19,0.005080515328072632,0.010043307756268494,0.0034161708586246675,0.003521092517610125,0.0007207914745497312,0.006534777968409289,-0.01588159198021344,-0.01780459722514849,0.0020629450963505214,0.011031203580510907,0.009426311217464844,-0.0004190107323684966,0.017624594769791946,0.01529747378526114,0.007721317323625465,0.006052167198831393
2023-05-22,0.004549179477290721,-0.0028235428707783505,-0.008047106784907054,0.024307440726876628,-0.0007202723084104301,-0.00541013808582691,0.0005597842286246824,0.01289466975097131,0.004460769543866316,-0.006760011871065119,0.009987566822039495,0.0015369800568671987,-0.012989553548775179,0.0051032292420916114,-0.003563715204644491,-0.0018419485367582311
2023-05-23,0.003186873802766055,-0.015142060087720122,-0.01497658057106388,-0.004013222436921371,0.004144858483556391,-0.005621228990493665,-0.01697923310217142,-0.02970463389396194,-0.05010239006635453,-0.014686458054577134,-0.06541410089353816,-0.02427451068229114,0.007975958183190635,-0.013056166108989409,0.019671174949804415,-0.013298751729646119
2023-05-24,-0.011369257586669845,-0.013500061015690124,-0.019638883737734036,-0.01822007692485228,-0.025125635065628815,-0.011123244186994174,-0.011966516238857694,-0.02357872820904261,-0.020498880157759025,-0.02084351717893851,-0.0020104408271470753,-0.02359166741028751,-0.002176032555707863,-0.0344193538949914,-0.0028062233016193927,-0.01697451189477117
2023-05-25,-0.00033825623400174365,-0.0006335976848569347,0.0059774596354811305,0.002498149696435137,-0.007179637075051315,-0.006085208304991929,-0.003656301895700542,-0.006037043517615359,0.0077102833288935635,0.0065594160981117255,0.015055179749557945,0.0041001285575907875,-0.023592394131519923,0.022580190996081884,-0.032711942182847675,-0.003334952083077769
2023-05-26,0.007443851708463622,0.01014332883184954,0.009153551560870277,0.002314134991447059,0.004820985286692725,0.005194925011897666,0.014449549490926028,0.014302665445411256,0.024411098045708846,0.010697214235447117,0.023187718777826438,0.014000263066617613,0.009137101251089685,0.017243635126202195,0.013818225671149431,0.012436961962561943
2023-05-29,0.0018470368338001641,0.0020082731469710513,-0.003182607295215245,-0.003729415896200683,0.005720616189162753,0.001476457388333019,-0.008817606155027025,-0.005794914387815653,-0.0041494836888033015,-0.0069343574159312915,-0.005614462793387731,0.0008629704952154427,-0.004527185275301937,0.0006097407991190185,-0.0005380968555049881,-0.0020999779781838424
2023-05-30,-0.013784190370620508,-0.0005010347931149184,-0.0067049883210984484,-0.014438498316938109,-0.010458641215725262,-0.009214888458965231,-0.002166970687264125,-0.002720068670103548,-0.004761819613424145,-0.009677785638794956,0.0026691234416234,-0.0005079038364212973,-0.011321905352972728,0.003046942278716269,-0.034272184602176514,-0.012878218058679947
2023-05-31,-0.003727112556360157,-0.018423375592723557,-0.015268461345785855,-0.023150686086133687,-0.02039679869744493,-0.011160742863141948,-0.03737563973042979,-0.029125219959714288,-0.026435440414205424,-0.012864917121401254,-0.026415450928916506,-0.01684074220835341,0.006043910030742561,-0.019805686132533418,-0.013749802441778036,-0.015402726126079291
2023-06-01,-0.00037425859769635306,0.009065302209484205,0.027746046652087797,0.008516941998426342,0.013628551735542782,0.006583806822779481,-0.010923911243940987,-0.004314256417306095,-0.009952150559174089,0.002882212836062825,0.0035755199056244358,0.015209635281796308,-0.00706157792834794,0.011528473765816338,0.01337606103346034,0.005455925648800486
2023-06-02,0.024887769672438775,0.008351474963780081,0.019374383067538137,0.03690107266638076,0.017927135255066284,0.005232788000699262,0.028331404756186673,0.02116081610903109,0.031149199578988762,0.019117796973575185,0.025463705190689856,0.011199907494058303,0.008173271416718642,0.014828485413737491,0.02584136983696883,0.01867055261390549
2023-06-05,-0.011137533670675825,-0.007152805989205535,-0.012930453689480759,-0.009915069903416729,-0.0029352355118185125,-0.005949049730693767,-0.02393178765359172,-0.009473108435003597,-0.020339345743384363,-0.006743532477503145,-0.0196198084724859,-0.012945845501886266,0.003685036588764845,-0.009781410570042115,-0.00598046875634517,-0.00959740901050632
2023-06-06,0.0018464026210902595,-0.002907049887142743,0.005681843190135094,0.009835586615762004,0.003127932534862321,0.00018704805268487945,0.003229253090571982,0.0,-0.0020885033352180393,-0.004073527561931467,-0.00208468618174229,-0.0021859586853126833,0.010909394389762683,0.0009756045042186301,-0.009298105351400632,0.0011234473940739953
2023-06-07,-0.00018421956882164192,-0.005577273050342946,-0.007846730317604522,0.005135368409675989,-0.004035276767734963,0.006731424936652797,0.00011920270830101387,0.00577804394486936,0.0004923805862497854,-0.007312835724946898,-0.012220630964529411,-0.011537906842346901,-0.01473492247647934,-0.002071174971885914,0.008281219871496548,-0.0008614178023997887
2023-06-08,0.007557610635036349,-0.0012747870959277652,0.0007908213072449488,0.004404450618798128,-0.0033149597496667793,-0.004271901193778405,0.003456948284909167,-0.0045562625545644275,0.006521562622323618,0.004744670921127181,0.006238805031547168,0.0005911029165108772,0.005160716588630487,0.0009766764956626872,0.004380413914883308,0.002687828352104793
2023-06-09,-0.009147562686843358,-0.0006382071261727962,0.014856969979435641,-0.016488239007310224,-0.01995559625237875,-0.004849907394227304,-0.003207387159082531,0.004378123409517043,0.00244498317043651,-0.0003728413719525925,0.006935714730225806,0.008859809642187244,-0.0004191519587530834,-0.00024390684738906376,-0.001453769857913123,-0.0012475185016689316
2023-06-12,-0.0038773649544968647,0.008684582517856088,0.007942701514302986,0.006420490585963279,-0.010935131794143182,0.00431113724296206,-0.012036806112864173,0.009906900882895364,0.018048809202865224,0.005469909068075873,0.030056300540782566,0.013612549199270463,-0.00398326550201622,0.001463894278041833,-0.018198375876408823,0.0051586355224240155
2023-06-13,0.005931426279530694,0.005697606815818768,0.004635268243238455,0.004430366528815899,0.00571866193426529,-0.003919302998804497,0.01025337364649248,0.010202147024594543,0.008505022616035474,0.004821977670834476,0.003951421250381726,0.00563171959508435,-0.01147128655437435,0.012547293608206722,0.0038923838963611512,0.005579000529136735
2023-06-14,0.00976595765418864,0.004532349959756932,-0.003998676721955197,0.014819967078510743,0.010424598789872785,0.018924511357318208,-0.0005970352077047103,0.015731147940300616,0.009621160743931823,0.014396435708073474,-0.004440488753215899,-0.006030946878133325,0.0005324069146834809,0.0001202480675908113,-0.004615811973556427,0.0051750125472505015
2023-06-15,-0.010583925516963855,0.004511900447943251,0.002933846196285117,-0.021383826242642234,-0.0030013069652775615,-0.004413319458402953,-0.005495792761997742,-0.012619479556281732,-0.007411772808336048,-0.005822451284595465,-0.01155603505778946,-0.00014457246914578725,0.0029792919348581304,-0.010104648754766687,-0.0029677786525934557,-0.0051333118659689925
2023-06-16,-0.0009221796630066725,0.04766054730435765,0.009853762939558752,0.004974188907093113,-0.00658523833686131,0.020317718962944875,0.03844309966602588,0.021882231503264737,0.02951271862780569,0.01256717222919912,0.018357233359588054,0.01473782597556883,0.014852650668525591,-0.009721759639356842,0.0009300872080784117,0.013405698876972849
2023-06-19,0.0029537188962809324,-0.038347064418301824,0.002286861765947723,0.004242521505296359,-0.001136351333817176,-0.04000731382890699,-0.014692359094272911,-0.016865685121491003,-0.0174993334291067,-0.006024801260933077,-0.012789550671462813,0.017371313207001027,-0.01223100071981753,0.0008589602711528421,0.0001858445899398653,-0.010096580382376263
2023-06-20,-0.004785645172298736,0.00012391234886144353,0.004107168162730046,-0.001408199518358355,-0.002464882063149987,0.00999434118807141,-0.011154067136040502,-0.006360852991947996,-0.008671211082783348,0.0010909809083312627,-0.005304612941335218,0.000979767613346283,0.03682943172707054,-0.012506088744906663,-0.012079652632635218,-0.002718040393949628
2023-06-21,0.0009248388415368236,-0.0039623357436375795,-0.016967145412119855,0.005464438574354968,-0.0017107233194098015,-0.009522055584330835,-0.00320586370832332,-0.00834139061852801,-0.00910161482000682,-0.011746189338345814,-0.014562526889185134,-0.009367880562247244,0.0006123221642755361,-0.004469853859434103,0.027279733694064223,-0.004551540118593267
2023-06-22,-0.01847757010466411,-0.00546991218680315,-0.016489404837996546,-0.02314156297739578,-0.004760026176732879,-0.006597458305712789,0.004288200338496084,0.0035211204083884784,0.0010735915992012846,-0.004288744926487675,-0.008429645539610675,-0.011573843369197201,-0.004182332075812645,-0.007607829774784247,-0.024883890060871217,-0.007945278382985532
2023-06-23,-0.014495384061976146,-0.008875039106004401,-0.007051111629850393,-0.015613796422318194,0.010522241200650484,-0.013282792544553446,-0.00628628848205337,-0.021052593732887814,-0.010843723864958021,0.000246222109580696,-0.002204060101665406,-0.004141103577560035,0.010038876671056851,-0.006535041893592997,-0.00876023683467042,-0.005533571438303575
2023-06-26,-0.002101286772518529,0.007188891244899853,0.007258972753372284,0.006927989495847164,0.004354377309749857,0.0005769245405202739,0.0011935463018974968,0.0003982251174721174,0.005902807204864358,-0.006028511416933058,0.00736307362218791,-0.0022942359570665705,-0.007707898667245083,0.00733696397330208,0.009990302358898973,0.002921813325131861
2023-06-27,0.01416532528294323,0.0060103759375087495,0.009869883236078625,0.007966625380295245,0.008859564203394621,0.005189327014578415,0.014425358627177864,0.006568492202791765,0.0055090952922429715,0.008169317881755234,0.0,0.0033056109023441582,0.000511045432591839,0.012432645285927357,-0.010842660373347246,0.00434694579805317
2023-06-28,0.0054739099193350516,0.011326859965973712,0.011945500987349034,0.003413051973741865,0.0014948052449061944,0.006500917586940158,0.022094282147666844,-0.011271516732238362,0.012029599347958664,0.01780229348665574,0.010441670746258014,0.012892066469585517,0.009704818823239814,0.010171191791710887,0.0003848112746303034,0.009803750402300526
2023-06-29,0.013328194387288272,0.004307782511656866,0.0015330297841007479,0.016648715009208503,-0.0022388612058861224,0.003229546031409347,-0.03012529412207543,0.002599984282841472,0.00623743059679982,0.012545310417028999,0.013743962810384591,0.005939795871803932,-0.010724431931446121,0.0006138367039505432,-0.001730220064249166,0.0036246221531774925
2023-06-30,0.007039685972058951,0.0061273504512069366,0.013010807209887787,0.01637615331858111,0.010658194288004186,0.007195597715120794,0.023117882658957534,0.00857773723843458,0.00935670758486995,0.017631558097870315,0.014271108876263261,0.00843528729711518,0.00429534779539531,0.02135232074040827,0.011939101527635776,0.011942199200332348
2023-07-03,0.005518827906646262,0.0013398817486061088,0.0019643550628114514,0.012300704061883438,0.007215502513820304,0.002820086032438107,-0.012166898808271043,-0.0031645728354329217,-0.009385853252827814,-0.008311911407962835,-0.01658288565105459,-0.011849959476963212,0.0006110570145847483,-0.019584286959283936,0.018078061339820595,-0.0018053722774499237
2023-07-04,-0.006037351466837482,-0.00681183884012837,-0.009802336830484593,-0.009241748958829787,-0.009184376381321746,-0.0022497244095662783,0.0014077294368106674,0.003968224923978747,0.002105490463198967,0.0010625385696285683,-0.0023505253431869155,-0.0121332515682544,-0.005393825228917848,-0.011397082795798097,0.00242998752295831,-0.002270299198266046
2023-07-05,-0.0044174800158989225,-0.016901409050532945,0.012183920470150822,-0.009500803009046876,-0.03596586740935159,-0.012965164047884503,0.016281974977697455,-0.02885374637335547,-0.010738876866642877,-0.005188747334382016,-0.010141372189404807,-0.002856299135251872,0.00235335283382776,-0.0038427594466003967,-0.017340970444688852,-0.008021801533721229
2023-07-06,-0.029950068097207017,-0.034259410377892374,-0.025880326765229666,-0.04499479844278376,-0.02134612720029261,-0.028935812822105667,-0.02535723861801209,-0.03235657433938233,-0.03716818623204765,-0.032479838144193085,-0.04791469921982339,-0.03623605796697649,-0.02991022055757908,-0.025012543251534458,-0.040227722633624285,-0.03125782474168204
2023-07-07,0.009338757245627827,-0.0016769704543015962,0.012511639997992319,0.006574085462129009,-0.0037335721567726132,0.0037247132633624336,0.010998041563812455,0.004416499884532632,0.011519775792101061,-0.013354543930922058,0.01206517444380606,0.0019319582377343991,-0.011364796064238458,0.0014040624246396405,0.010280473042426852,0.0041780050784134826
2023-07-10,0.0009440166611527356,0.007494565740581827,0.007170041340556654,0.004172755390019045,0.003155812333709429,0.0035158022903547526,0.00011705236429238042,0.006595447865866966,0.006663306097271615,0.008195693744739607,0.007732690657663355,0.014832365691001659,0.0038318425640231357,0.008029488576341226,0.002544116438859767,0.004472805941313274
2023-07-11,0.01245054321834238,0.00012821890780689849,0.0015148080383022844,0.014634142787206539,0.015139616396175226,0.009147355332018048,0.0030409254336078995,0.015600629689598744,0.02214472968102954,0.007636434766815636,0.020036329342530745,-0.004530846378051123,0.0006361732769926132,0.01529908284238335,0.014835108148599785,0.010683529778691137
2023-07-12,0.012483678187453773,0.018338192764341787,0.009225533783546958,0.009615462104144878,0.03060233342565155,0.01350054528341249,0.01947291139464813,0.021403104712316212,0.020487451317976246,0.012712381086066094,0.01797091157927344,0.015856732248243466,-0.007735509622508796,0.02963881916299549,0.011155892556830693,0.01565094835993186
2023-07-13,0.012513705807489561,0.007177807921741719,0.008542003676225596,0.005467250396417045,0.002255270917114638,0.004186527082474578,0.0011438110319150763,0.005814986771692565,0.012230319992564187,0.009293931561905389,0.008313709139739167,0.002601518060978636,-0.004912462432039244,-0.02068205052375116,0.0013316476948270761,0.005017044874938037
2023-07-14,-0.0016357680547504083,0.005626477541371244,-0.01173844142285796,-0.006314549401875702,-0.012188302323778877,0.008338064771727272,0.005940800329194973,-0.0031898086863337838,0.017097881153391503,0.008371158484124397,0.015981336627644227,-0.012109065856654277,0.005580691116790826,0.0018524914837376727,-0.02583592673714663,0.0006431971696143624
2023-07-17,-0.0014562770414929815,-0.008827698614842228,0.0037587547191044735,0.0010590731697825984,0.004555840198283256,-0.008457159210705001,-0.005792158320034435,-0.01950001386614364,-0.037319310147176155,-0.018145129608175492,-0.04208007581411077,-0.00043762949477221813,0.004909227935434357,-0.011094688140022568,-0.006240153079805744,-0.01123865113939182
2023-07-18,0.006198675976014423,0.0,0.0038945174174147557,0.01587023900533935,0.004346229665715962,0.004548994207784096,0.002741623077426647,0.007649195147221732,0.000349190346175865,-0.013528208225193294,-0.013806011061466394,0.010656984236392386,0.018904058197563245,0.004238297393996948,0.011773865470080747,0.003774177476944196
2023-07-19,0.007066460816402165,-0.007651623860006951,0.0023874445827789526,0.006075329512363892,0.0022576561180962518,0.00811325523496964,-0.003873285380826985,0.07368423017715364,-0.010357166574077259,-0.005020320085676322,-0.0019090967158966743,0.003899965798463967,-0.0001042851151589197,-0.02023336960500477,0.014740244523941293,0.0010601960108422848
2023-07-20,0.0007196720767823628,0.013778199601260255,0.0017862134164663424,0.001552743049244354,0.026656713255347908,0.01291396441558712,0.009606561832402605,0.020739005522775855,0.004233263667095866,-0.013044491737310926,-0.0013812248082782919,0.01769787751517171,0.02428859928926519,0.015456826963311743,0.018730710300171705,0.007911927122009832
2023-07-21,-0.0005393413799549274,0.0029925564385977488,-0.0007429986252243115,-0.0006890981614041669,0.012982291408207836,-0.002032419677097219,0.010987736172372031,-0.0001846958443921798,0.01627645882882711,0.025311745193252078,0.01883377963068744,0.001837996072991288,0.0035619425335771115,0.014223328603500951,0.012945551591716065,0.006480764460044863
2023-07-24,0.0071955241016850024,-0.0006216251412354268,0.013829016425916052,0.0062059283687248,0.0027075131912535078,-0.0031476263018903605,-0.014005625072736061,-0.016072541193078105,-0.01186772527351998,-0.008634283811767118,-0.009190570761137717,0.009596359613149419,-0.004462032592684184,0.0020912063058509123,0.014817821526247554,-0.0007345795609379202
2023-07-25,-0.0026790809331385113,-0.002363471816387963,-0.024493908237593565,0.0037689929376771847,-0.0010800195085434172,0.0009286533296293253,0.007272717252426952,-0.0016894805286441494,-0.00419787259187987,0.005765481015840512,-0.00021097257960767113,0.012161090241680217,-0.005602518327593842,0.0035600952713272793,-0.00821340678088589,-0.0015967911919239075
2023-07-26,-0.003760612979525013,-0.013590940904706361,0.0012026629586736615,-0.008021799568814658,-0.0023428029209583423,-0.007793594237872958,-0.024142617548810086,-0.018243508728155278,-0.05152222659250927,-0.007074171601068824,-0.023510705481237237,0.0030381062435203,-0.01239496644586191,-0.020061199115037898,-0.00883313559113208,-0.01353665232047585
2023-07-27,0.002336856278878363,0.023637902268451416,-0.016368700879770492,0.02976599884273501,0.014089518987091987,0.013465368073158013,0.02901737489692957,0.02950181780094674,0.03740728079071798,0.013757607215221901,0.04469869197968701,0.01679750854233375,0.013898938852878295,0.025964259207091223,0.008540743297052567,0.020528910012460155
2023-07-28,0.015602507972742874,0.01074331405104001,0.018473183469469356,0.005513799585469048,0.003918833424237933,-0.004982482406000965,0.013594058741495552,-0.01153698897470512,0.0010711892859376348,0.01987156624728259,0.03942748499901905,0.018686567428807255,-0.028542199089099385,-0.013626985780219703,0.002209035461881559,0.0015043026233823031
2023-07-31,-0.0035317379268652305,-0.0020769255850998647,0.004197276732117006,-0.0026586843094213997,-0.007452088338461005,-0.009829296882884475,0.01385495321476049,-0.014307285269659298,0.008202468050557465,0.00558396133439043,0.002485719935789499,0.00332318775311502,0.022430523970931482,-0.000616735556375092,0.015062331240594196,0.0028502180440967972
2023-08-01,-0.01080990137913429,-0.00820270410068158,-0.01627102249917367,-0.018660402284712663,-0.006792969426490214,-0.01835543767433112,-0.023832911934695167,-0.009931185589691194,-0.022520819940156978,-0.0168951765063885,-0.019390002744301582,-0.025172346569114823,-0.005252895629343057,-0.008516358588558148,-0.011762410237278864,-0.012230248107952257
2023-08-02,-0.013973317316897993,-0.012837904036954395,-0.00030358685104636685,-0.02190157971860507,-0.014938808378041957,-0.02308728320250264,-0.015455275585647077,-0.014274707413194476,-0.018697305524050467,-0.005047368127716334,-0.013350917400063667,-0.008833810536488906,-0.01770547916376397,0.009087404187983372,-0.02746756359664948,-0.012589687579857456
2023-08-03,0.01544329359437846,-0.012754726005804962,-0.010169996461372177,0.011803517339427971,-0.016444339895885896,-0.013867027964936218,-0.005915120612115521,-0.0019569006190202076,-0.0028273079187031147,-0.004348415247438786,-0.014249080693534033,-0.008364204704845113,-0.027932991671355323,-0.01344674706968274,0.018640480799441805,-0.0071531798468768
2023-08-04,0.06137053504784373,0.007093002155527328,0.0029137245967172376,0.017155599022245394,0.020063101152274054,0.009902947147674812,0.0003432448561369039,0.008823545177077063,0.005917133075079795,-0.0007278755754533961,0.0019758784155052833,0.01120010673439742,0.018434160992662152,0.006377468544879417,0.027172019616067855,0.007511853910991961
2023-08-07,-0.0050573746439595,0.00377315787948751,0.002446459481144414,0.004385195871376757,0.006920391837792472,0.007648577468526652,0.0038892358788320536,0.00660830247177735,0.0017157146355391006,-0.008376857792811832,-0.005708344912137342,0.010666058476814788,0.003726538433747928,-0.0004970641870982728,-0.0025194349422985596,0.0006411341954279948
2023-08-08,-0.024567950991604692,-0.0017542244895403236,-0.004728520497899957,-0.030058863641117983,-0.011575307471515806,-0.0015571694428750948,-0.006608918719924639,-0.00637190657843989,-0.012478583428784162,-0.007590546628896133,-0.009916582754894487,-0.0035178314298623947,0.012835525360485489,-0.011810140918937395,-0.00487085827560374,-0.006870382688981103
2023-08-09,-0.001389590893831838,0.008033201703513182,0.00904211653588427,0.013677380614814938,0.012259845242490686,0.004093494038702961,0.006652887110087935,0.004663936106059419,-0.0002477855163480758,0.0037008870608674638,0.001265172707233031,0.004888063235501949,0.01162542156131341,0.010693199652967333,0.03408263618212937,0.007231589464581134
2023-08-10,0.008001408408754296,0.015689184843255877,0.0027339124665510806,0.02988896155307663,0.018257457103681762,0.011066009059716775,0.0150410350715251,0.022050247524815658,0.0343247316555888,0.030236074160502113,0.03201018925749777,0.002837421358546033,0.013148470569662951,-0.0009957627347300102,0.01367460420023292,0.015238933074625205
2023-08-11,-0.0034511969230851536,-0.00931712598465062,-0.00984545639928347,-0.012437791350499161,-0.011539182428254469,-0.0053764675389122996,-0.016053023595895777,-0.021385408774531878,-0.017131817306550667,-0.016225266089561208,-0.01805936835598898,-0.008623117562000626,-0.008072815907650521,-0.007351082366811035,-0.011241853084420717,-0.012568597037293738
2023-08-14,0.002597338092003909,0.0070535634275834536,-0.0007649351548666417,0.002183024943718026,0.004130714956304793,-0.0011583041722701415,0.004791819462915292,-0.005994950588042891,-0.00511961588093357,0.00776130878417991,0.0018702839498334622,0.0033977090647132613,0.00556302047286561,0.004393110685869228,-0.010320097088128977,0.0011784303148554276
2023-08-15,-0.007081181124246827,-0.007249958472625884,-0.013012800506486122,-0.015080450166232828,-0.015024135577350162,-0.006957718098597354,-0.005450156713917909,-0.009922193013230607,-0.014824778659730087,-0.01684708363527687,-0.009645236242263211,-0.009752080947127872,-0.006966577308422983,-0.010622374364767095,-0.00848366563588221,-0.011041150734358074
2023-08-16,-0.005566193029780564,-0.00012385098886025236,-0.0020164575282888286,-0.005103707849699046,-0.004539692036835463,-0.003503484730714268,-0.0015984286839739736,-0.004322998780667775,-0.0014922850840861646,-0.001836063770895291,0.00911089233780138,0.0,-0.00618994774123649,0.00012634714280723713,0.003921675512703393,-0.0010251104355274432
2023-08-17,-0.00524747291346106,-0.005323023694412843,-0.008548297652451686,0.002393917692815606,0.0020066359755970264,-0.00800772155746532,-0.006289244811832906,-0.016577826008813523,-0.022169736616257096,-0.012507642415868325,-0.027085965671369894,-0.010121774282098817,0.013910395419697519,-0.02349083018799558,0.007812476705378213,-0.009436281894562915
2023-08-18,-0.0038685550452117745,-0.0003733712207929507,-0.006897676898459215,-0.006823593910814774,-0.01055895913284255,-0.005709941058454238,-0.0017261805822263998,-0.011438837636796984,-0.010444363321517769,-0.011051701169998651,-0.006613377860660297,-0.00911989556215631,0.0033787537225067332,-0.0020692094859242616,0.004404495417793974,-0.0038419589964724388
2023-08-21,0.0024713246253786902,-0.0037351067893115486,0.0112075765103119,0.0020611810567454647,0.0007359887428335377,-0.0011880368345082992,0.008299770460230338,0.011977184557613763,0.009010150826849639,-0.0005023027491171117,0.006120492050301074,0.00906438977310775,0.0066326593671013345,0.003499216397414129,0.010173641412491552,0.004738927230374834
2023-08-22,0.009156590595244207,0.005248754162343383,0.006400270842568334,0.0035995705155664748,0.004964133112774771,0.005154709512222411,0.00926033651218261,0.005817452542625556,0.008036748217099321,-0.004271401994208834,0.005976489654619721,0.005666053441100161,0.009731473299208204,0.007232300140812109,0.006772004872104942,0.005948800631029316
2023-08-23,-0.0033153221320446624,0.005967147457113242,0.008376025413947552,-0.0006831369040489754,0.002927180502466653,0.0007889849253734926,-0.011214350677110407,-0.004587158373889455,0.0002530349984362079,0.012616660685496273,0.009336050706052035,0.007695533127089593,-0.006425095191685104,0.0070522118374269915,-0.017419677911339915,0.0007927537078229463
2023-08-24,0.005952335490690519,0.005313814004155315,-0.005383762073240539,-0.0011964217019655443,-0.0005472006895104187,0.0005911662150330788,-0.003436843929967792,-0.018232840176708565,-0.008476761386638332,-0.0023671927881240284,-0.01282326934732525,-0.009682212106522314,-0.008487485960437802,-0.007512168508628347,0.0035105454439394723,-0.004437952553042357
2023-08-25,-0.002262431844228807,0.0008605615631722685,0.004330348090529013,-0.0022244889775040466,0.0,0.007878717219742315,0.0003449161157873526,-0.004897950184859501,0.002041560992310343,0.0027475924188924417,0.0025553335872456895,-0.0009639821413239824,0.005910590993156495,0.0039770516364472375,0.002623775769709402,0.002098582125443338
2023-08-28,0.00941924291640106,0.015106723371688169,0.018170621122225894,0.02040824011368647,0.011498440223705941,0.014656978909886265,0.011951328235499492,0.013945876543530078,0.016808848564079826,0.009341066002477305,0.018266803397722464,0.017780727493597936,0.005774502512577051,0.014950072585342644,0.009944071392605558,0.013155618844268302
2023-08-29,0.010713547337288798,0.001331070670964829,0.002419758027864649,0.006722672747611069,0.007939413985114774,-0.0005778135185168232,0.0015897137744169676,0.009304211970605714,0.014402098288291754,0.009748243309002369,0.010534033214870897,0.004333906261808407,0.003928203513514861,0.009945873378518488,-0.0005181828119646958,0.00665148724025566
2023-08-30,0.0003419800777026971,0.0043498771381083046,0.009655972627233389,-0.0003339451171974206,-0.0021482042524516576,-0.002890737900019258,-0.009410420874484404,-0.0014027919870631678,-0.007407393319319611,0.002321929740825457,-0.003302845495415818,0.0037755412607543004,-0.004715559448402851,-0.0036150270355678193,0.0013827409126641044,-0.0012247045435055393
2023-08-31,-0.003930867214958944,0.0037295598470943325,0.011506441038949156,-0.002838957892844718,-0.0034087861748737236,-0.0050250278646276625,-0.004807083398363776,-0.008228036729124755,-0.027114439776648402,-0.010485290982806705,-0.01584331843532416,-0.003895774703628896,-0.005645121633424899,-0.008006963194122751,0.0022436225015141087,-0.006477066382023833
2023-09-01,-0.0005148184338685802,0.00215752450477269,-0.011227709869256253,-0.002009821340458795,0.002700279150946727,-0.0023310081744050137,0.0016101010226836632,-0.01092673039887393,-0.008182067873923615,-0.0014785309040790118,-0.007891454043610358,-0.015104518563770042,-0.00030412359125220334,-0.0071887990255873335,0.014120926404124878,-0.0027239295378015393
2023-09-04,-0.004978579842780606,-0.004544898758720328,0.00239047366113021,-0.002517166876568333,-0.004488345465893828,0.0005840298613222217,0.00654495295287183,0.003580128038833452,-0.004124783193012238,0.0013573138686129305,-0.0018029949560239844,0.00013692336507054037,-0.005881819949324796,-0.0011434241844378024,-0.0028866321324398925,-0.0023654649742350653
2023-09-05,-0.020186325907475156,-0.016099887780621547,-0.0005961028668119983,-0.0008411729983318628,0.003967520980232564,-0.006616118236484336,-0.006388332535571695,-0.021914144690505788,-0.01747347494981455,-0.00468269520774256,-0.007543485081004109,-0.002601294479596006,0.010201014287462673,-0.0034337983074310685,0.020095213202419693,-0.003405387392748649
2023-09-06,-0.008628168790388413,0.005372951610632892,-0.0011932182286131798,-0.01330191859571983,-0.00898145204368661,0.0025465578283754287,-0.011366186305674875,-0.02313456329044672,-0.036358828791478115,-0.01399020292075015,-0.018627537004755057,0.0023334485204518085,-0.007977439393250352,0.006508501460316118,-0.0065108473176018755,-0.008357368623216566
2023-09-07,-0.004085362752956234,0.00583016342724707,0.018515740147403204,-0.0005119537570026367,-0.0019938284568327136,0.0013677533468268166,0.006619439400561422,-0.012481395646265048,-0.010116215604340395,0.0005021442939912024,0.0005454649540657108,0.016570958384642065,0.014658046611095266,-0.004818054190916632,0.006217564175091228,0.0002794313040164198
2023-09-08,-0.00499367972972542,-0.0008452842231457813,-0.007183676139430051,-0.0023903157744621373,0.006356723055689795,0.004487872386893521,-0.000115445379508472,0.014799625672182293,0.021958154470769875,0.014683793615056118,0.008177032955816621,0.0005388394351930614,0.006621161767328632,0.000891790913996271,0.008349930586372567,0.006207518137435253
2023-09-11,0.012726266126538155,0.007735031159714634,-0.013142301926070243,0.01848365129877383,0.009023594965928972,0.006021631849446596,0.0051920979239068465,-0.0033000018722519897,0.0029731586471068994,0.007173762829884689,0.003352460989922701,0.01036759763697348,0.014749870564402245,0.0017819926631268412,0.005962201478232565,0.005179007191064899
2023-09-12,0.013274200475829723,-0.009954377680407744,-0.023791792469330164,0.006049427160910614,0.006796690893548396,0.015254060890157684,-0.002525208477916374,-0.00950552419332129,-0.01050934569578399,-0.014368225787954936,-0.010454957095706874,-0.006396588486140775,-0.0013749453586531235,-0.0048283621278607525,0.00905508923691567,-0.0034884851277316997
2023-09-13,0.008209741272512172,-0.004482048113066295,0.0003066581050203965,0.00033403763405859266,0.015455621169041756,-0.010840650713933031,0.0006903606143595642,-0.003989564399629941,-0.0065360054099036224,-0.009469164230239802,0.0,-0.004157731855093716,-0.001770349060159937,-0.02081205532570496,-0.0009790904805352385,-0.0041790377179108384
2023-09-14,0.014552975269380264,0.009977974936004053,-0.000919444555406268,0.023543098724878142,0.019769165817996814,0.021341937731425453,0.013339530084841345,-0.0018403912209480344,0.017817950163723006,0.0113207628034393,0.021675194930937947,0.014141460157562902,0.009064098483633654,0.01564732822654258,0.01714845784121244,0.011920978232365265
2023-09-15,0.010587498863912304,0.012409655741320913,0.007055293503371196,0.0026101814254086975,0.008406140469575663,0.011671771295151956,-0.005220129893717007,0.017570358272328113,0.025047225400739448,0.01990045924921513,0.014712218462171744,0.012084921731816856,0.003710247378445386,0.010656212517856867,0.0014451841174640823,0.009598176288381888
2023-09-18,-0.023825634061267698,-0.02213492081473356,-0.009747333351635912,-0.02196542783147848,-0.011058075306616955,-0.01153711275368463,-0.010837325138288167,-0.020571264557387114,-0.02456648702726605,-0.013658541615095943,-0.015339321096356828,-0.004723764112871676,-0.010894944962785535,-0.0033029027693916024,-0.006092586886161433,-0.01391546208554717
2023-09-19,0.008135653697372014,0.0029208107767846325,-0.005844291548338432,0.016636089912802188,0.008257337201204473,0.0,-0.008995565280188633,-0.0056589058985025975,-0.0076767274733218205,-0.01001475068011648,-0.0153649889004569,0.0002637682234609695,0.004130596899237338,-0.008157079513767984,0.01693814260866988,0.0008218616404283008
2023-09-20,0.013049527398455218,-0.016138880045503123,0.002784603030405952,0.015709413431736596,0.0015355209588019392,0.013554252357575569,0.020248994957904776,0.0016417277418177,-0.00013573049534054693,0.02410382521885901,0.01668833785258239,0.001976866836589819,0.016650326327382503,0.014906266827058534,-0.000160602964235812,0.006683482432558119
2023-09-21,-0.009830585079711907,-0.009620142417778421,-0.031780343460259486,-0.006766592098358393,-0.006984603944882983,-0.013930119536051944,-0.033762907675276455,-0.008741266165353978,-0.010044897343581827,-0.02512192886724174,-0.05851636028621776,-0.026308817860452915,-0.012524096097141557,-0.018738970427521706,-0.006582063243140257,-0.015945094061607934
2023-09-22,-0.01557687039079414,-0.0003736037223964761,-0.013065625976049655,-0.014760648350050865,-0.011151250591230566,-0.00791111445300896,-0.008617586032014457,0.015101352170674653,0.004113526175684612,-0.0033775040126161615,0.014944020369845434,-0.005674181982363691,-0.0039024114660887177,-0.005548472034285101,0.000484796796459408,-0.004031117497978021
2023-09-25,-0.004173122078470648,-0.0017440634534123811,-0.00742655999749442,-0.00526849175019295,-0.0069395747740718106,-0.007594502706144479,-0.012979259268812937,-0.04539045089593696,-0.025945604522654153,-0.017195966237689486,-0.03357495240245589,-0.00040758888355063583,0.005288874609713279,0.008044822806684504,0.0035535478620725147,-0.008481763342322424
2023-09-26,-0.0012223326662572642,-0.00723818430258516,0.005042319762920799,-0.0031445820223801046,0.0008735179409151694,-0.004591473574892979,-0.015442227412852283,-0.021840480389860417,-0.014439927717571965,-0.01008945003975581,-0.014889251538868886,0.0006796977379075475,0.0013640416758537999,-0.015832283296237537,-0.0035409648739151978,-0.006998975853248823
2023-09-27,0.005069969971057908,-0.003896932580771506,0.003398644911431825,-0.0019923207229403106,-0.012218503564850214,0.003459551343052203,-0.0035535276472532518,-0.006279750409490803,-0.006116476566913387,-0.00219320739038098,-0.006092617739666184,0.01521325746836788,-0.010702456030915353,0.015694604038491766,0.016475527261737843,-0.0003152352499135036
2023-09-28,0.013393637156797533,0.009212488207789082,0.022096776222805925,0.005988968513522375,0.0019437976677443292,0.007661331983857211,0.009345794392523255,0.005149303355846957,0.010447889673460109,0.009309434747314826,0.013674469367848774,0.002542126587225857,-0.009048051865401918,0.007597190270797416,0.01096455858475287,0.006285564908880215
2023-09-29,0.0034329268378294753,-0.000625169853572638,0.0018936700231988457,-0.0006614464320278124,-0.005996507560807496,-0.0019007296787254546,0.006091726777402773,0.0057048773422612165,0.014730886428922396,0.007430328144804932,0.005814732555784019,-0.008140951303553856,0.007145807102646895,0.0030670761608391217,-0.020590867106901167,0.0026446302540266142
2023-10-02,-0.013342479868279411,-0.016016143844860053,-0.01118292591863812,-0.01224559983425455,-0.017565647610591206,-0.012378680266087905,-0.009082116676329188,-0.006019951761686793,-0.0020937535307674615,0.0012715648712713357,-0.0023124613309002395,-0.015877248912509967,0.003350328594950991,-0.01401457455497579,-0.012197136623700477,-0.009376221334419288
2023-10-03,-0.01248265614948929,-0.007120963747167752,-0.009875749842320536,-0.01491043835034167,-0.013725874806006177,-0.02468178926299547,-0.007576703454401534,-0.017819693551323512,-0.013428568786263306,-0.004699007494933016,-0.011704825502677041,-0.010117516252378,-0.0025535281505295604,-0.0007753153130579671,-0.004386705903380972,-0.010060659349890533
2023-10-04,-0.0033356935872195237,0.002689471580515468,-0.006274115395503821,-0.00272108221431433,-0.0034792436246218195,0.007315191339033911,0.0043097613606504215,-0.0004743001495076671,0.010208512299314298,0.0005103621880795384,0.01489214976144293,-0.007182400792819954,0.0025600653494666226,-0.00543121438638805,-0.019419104525266073,-4.5708438224267844e-05
2023-10-05,0.00581286222323496,0.00038319553765409076,-0.00016187705143511089,0.00954984988475327,0.004042692171327689,-0.0031403696695087024,-0.0007355608279667747,0.0,0.011368227862572633,-0.0017854771854352025,0.00046221538450796906,-0.003756185991167671,0.010214112602117353,0.0020802400562383028,-0.005325256367449849,0.00021724713337412105
2023-10-06,0.02259199707837256,0.007660864105157206,0.0061528474097769514,0.013175663682417182,0.023792095133091884,0.007284775952337341,0.006503030198442117,0.00925378877750993,0.012628530264833904,0.007282537597315564,0.014204846814013461,0.010892237721526365,-0.006416543836690769,0.009342209908948629,0.009536529099149593,0.00884505445557826
2023-10-09,-0.018667591133412875,0.002914307014648898,-0.009655571635311277,-0.015838697295051052,-0.0033965228421498628,-0.0009772165271177968,-0.004632451181747044,-0.013400742537821642,-0.02603813611132566,-0.018138099155827758,-0.016283263723161023,0.007459661508411486,0.0037183155574320725,-0.019154019086228935,0.01740123156820328,-0.005488552018865223
2023-10-10,0.014659646699821671,0.02173101954326584,0.020474444937305325,0.013552552311825616,0.015964194611761018,0.01858737999355453,0.016533953973683735,0.03443346466219266,0.032081059131417344,0.027645072809972637,0.028822731015749614,0.031125609479154104,0.0009747812848139858,0.02686746984217736,0.008144771593465716,0.020085777109835945
2023-10-11,0.004300015691844905,0.009645015403709989,0.005732508999843455,0.006852761311471278,0.008474559038011975,0.013253971349303617,0.003132519724814209,-0.014167197267622611,-0.06462167782219608,-0.0023884790172280512,-0.014963962362422256,0.011037319395325484,0.00623299348995765,0.0035737392840389237,-0.0032315739772873497,-0.004358885752117625
2023-10-12,-0.00017128286758538724,0.001714692793169048,-0.004433190504712359,-0.013280255257974827,-0.007002824341043157,-0.006824661617051864,-0.0004803614399465639,-0.026054505014122653,-0.01617837858268467,-0.009072476452380185,-0.014391754256843803,0.0006577056324450492,0.006387895702457014,-0.0061045080469653845,0.007780851376230746,-0.0037413252347632264
2023-10-13,-0.023638282767897145,-0.013571405643730383,-0.030216337201521948,-0.03028268026454972,-0.01234129181308008,-0.01775152398845936,-0.01405917015852065,-0.02399230455940471,-0.021333330797477568,-0.021744738166194377,-0.011588813977454038,-0.020241888062744184,-0.00577041926894295,-0.020345444490247777,0.0160848880154687,-0.014216282154383086
2023-10-16,0.012105289643529638,-0.004709953008219525,0.008035464023408156,0.003296324156603969,0.000356986071984311,-0.005246807076393467,0.009262644296588629,0.00786631268070681,0.009839472489306056,0.005459479986253735,-0.0011725354006121291,0.009256742090191228,0.004836591887140473,-0.00626955891005998,-0.0017411958645198178,0.00266439307355415
2023-10-17,0.00017336119085720192,-0.007845569910772454,0.03546444738101395,-0.002593696943717916,0.009100581394950735,0.0037117840445890504,-0.007124712235008546,-0.0012196035975012842,0.0019487586081476937,0.001680733414504143,-0.008686459635964594,0.009969459659016078,-0.009048898520659487,-0.001708912714387223,0.0019028310247266589,0.0010695030993059795
2023-10-18,-0.008318855205458497,-0.012677162862714031,-0.020267067876799216,-0.006414754331169115,-0.0040671657159566665,-0.01887901549450155,-0.004986672615072463,-0.00012201276831047547,-0.001047246318384154,-0.011099603258689528,-0.0017762975174132611,-0.015530364071796532,-0.015348698741430855,-0.031599676064686166,0.009496776930017603,-0.009062969851827085
2023-10-19,-0.005767242974809017,-0.0017798709143231894,-0.006574813455774153,-0.010469391506592984,-0.010120742375112624,-0.002181998469955704,-0.009045281142363804,0.002930674776746578,0.004343250095797835,0.008091827222388659,-0.0035586177993067736,-0.0076203660443115995,-0.025157950290102038,-0.00924530902326981,-0.0070555260960928345,-0.0064054234482433525
2023-10-20,-0.013886397976604736,-0.028145753287311837,-0.021307382647890893,-0.020278651898471667,-0.025650188145555863,-0.009741773849326618,0.005674082020890037,-0.01911599424480548,-0.009841971564510943,-0.01540652571935408,-0.01535727517771135,-0.023710090104411163,0.0002025121922921702,-0.02950461462574583,-0.012000620102264437,-0.015192064658215099
2023-10-23,0.008556112617848388,0.001965805062449366,0.010225886090695191,0.01025926658067533,0.0031295813644034443,0.0028108319672266457,0.01496388903677559,0.001737818304975658,0.008132650521171847,0.01735706471354348,0.016322159429126515,0.011866939030284351,-0.00526156473965933,0.0033936470018605114,-0.004315194968316449,0.005024778971403077
2023-10-24,-0.010074290252440554,0.005885389977577926,0.021714277795869208,-0.00391956309608843,0.0033033225106691155,0.011811640364560505,0.011721924226882674,0.009789359278521648,0.01732878315532771,0.018741072597241892,0.027837336935337298,0.013364230987563896,0.006408286291639698,-0.01761556133265485,-0.004333826475332092,0.006303171336536462
2023-10-25,0.005356248869388791,0.018983163189125296,-0.0009587554327592507,0.0048291887084792595,0.009328715455061642,-0.0031657609597683933,0.006808408913128172,-0.03472815685604991,-0.0027899060052681834,0.012940855321563971,0.02800929681447384,-0.0009419538877859512,0.021022776582217073,0.004016562425935399,0.0027405149695456377,0.003107196068619311
2023-10-26,-0.004794882978978898,0.011739148616940476,0.011196494614633234,-0.02598781651357418,-0.0025370978470307115,-0.002778773937723522,-0.017083806258609058,-0.022629007678080515,-0.01575618407256374,-0.015155332496783913,-0.021166428639064927,-0.00498380340006821,-0.005543417703722131,0.0002858380748704814,0.004501585230374028,-0.0037757917049232592
2023-10-27,-0.0033904552680212863,0.010467961527387937,-0.011705178236546598,-0.0009138121739696858,-0.0023619574415185696,0.015127455070152784,0.014001077478762225,-0.0023413494950367264,-0.010472751284617332,-0.006613251684327692,0.0057510494496775255,-0.00731020513541758,-0.18932904615409518,0.021711180900123583,0.008322751678537355,-0.013584064743535684
2023-10-30,0.005729640934950764,-0.0028707661542984875,0.009923103066885819,-0.017376918412481235,0.01402296262752234,0.010588176846533015,0.0015475260510000588,-0.0013038787171214539,0.01451459971253799,0.0038407403793276895,0.0020585822714220825,0.009818681587896894,0.03315318351159524,-0.0015378218778000496,-0.0001587491619742254,0.0043691363718081355
2023-10-31,0.012818223873300783,0.011891319347757667,0.0006339243085280444,0.010610495984507695,0.004130714956304793,0.013581662493775903,0.014024280060218386,0.0005222496136445542,0.005216133730162609,0.010457852422118608,0.004108490729849645,-0.007292330407139058,0.018540445826932928,0.014981842197972606,0.003333776376218456,0.008876111114648477
2023-11-01,0.0035155971794322838,0.007298495339963962,0.01314548406876348,0.002026161485433553,0.01180471065308808,0.00842265844578094,0.004571011399628233,-0.0031315182663590457,0.001186137681997268,0.002145674776610651,0.008070149961675988,0.018772782651188313,0.013418990805154962,0.0016553374874623827,0.006803852598004978,0.0068228825361509315
2023-11-02,0.011911021857489823,0.013140107015583435,0.008753986407988412,0.02132352141684879,0.008308288267296238,0.007782832269598305,0.024267893385325312,0.036125588001839626,0.0382051493847404,0.01574305823536104,0.02559485388022864,0.013887087887900051,0.0040298961977909276,0.029334850271968804,0.015087108193300836,0.018472074920837578
2023-11-03,0.011251456048571917,-0.011030300846215924,0.0,0.01943852122161771,-0.012272056091596983,0.0018836256881589186,-0.007631886905545615,0.02892877681923256,0.002424820715705156,0.001116027770432293,-0.002528641055423164,-0.011852959051837142,-0.021215506428347464,0.00816157010612173,-0.034989803802564,-0.0018680810962821148
2023-11-06,-0.0008558812314274356,0.0015933169761030985,-0.004958885978692651,0.003001355859364674,-0.012069647878627188,-0.008272225403726519,-0.009067907946840426,-0.020994417140706823,-0.007968167152588856,-0.0013624351907459697,-0.0012124279103251645,-0.00039982058453791325,-0.004803775757442064,-0.009688110018265195,0.00529447421047613,-0.004791772902625002
2023-11-07,-0.00736665954767679,-0.005139565248564848,0.006073804651275161,-0.015138164541720678,-0.014552598362954305,-0.0028436905559723336,0.0013899311682117332,0.003385894959851532,0.0004303194187207371,0.005705008721104798,0.0012138996761730247,0.0013332683499240883,-0.006122071454021549,0.001206144173208079,-0.022661979088509532,-0.003920880911666091
2023-11-08,0.011391055834329089,0.005043042775883633,0.009133159728283102,0.0026810089499644807,0.010574282226933907,0.004372689419078091,0.006362182019461038,0.007999123347652848,0.008602226336239305,0.02466402431309711,0.02005946389174995,0.01451400138172243,0.020255807698366546,0.009904886585155426,-0.007511473524780099,0.0068606638938666364
2023-11-09,0.0,0.016521947750114174,-0.01932813929359367,-0.0001782826492480183,-0.001262827503796582,0.008517827639242803,0.008275733919276496,0.008431505554232777,0.015493919258734223,0.008544916683929982,0.012749946887700814,0.007349994931284964,-0.0005803331873429629,0.08257128786085333,0.009542677226640484,0.011301988899039106
2023-11-10,-0.0008533452249518403,0.0028894090134448103,0.004849018506813296,-0.008557655082033433,0.001625666309740037,0.0,-0.0030779511421905603,-0.03332100874775579,-0.038214018956016504,-0.011336498666194572,-0.015576686858842281,-0.0027361248088856316,-0.010920165128139647,-0.015670827694238998,0.01108218297552277,-0.009646246191169383
2023-11-13,0.0027326643924887595,0.006362555566826522,0.013698718046317726,0.00323680010211036,0.011722311997227175,0.005067580660162774,0.010634677352119093,0.001653513130997153,0.002037676271795963,0.0009655300884323648,0.00682774360757632,0.013195785169073826,0.0017618282244278305,-0.0003731445714622028,0.012088872019007324,0.005964482713832986
2023-11-14,0.0037473130973719737,0.007992431497555241,0.010749397377096237,0.003943289560503382,0.0023172526815238292,0.014804284962161907,0.018216843201601662,0.03644446570949933,0.026724750194897284,0.023996200646581034,0.028202388328813166,0.01315266604021037,-0.008207307740044523,0.020156739990235373,-0.0039815849955091576,0.013915518758432555
2023-11-15,-0.007975508718953028,-0.005798957736958932,-0.003342593035505992,0.0064274490853932775,-0.008714102425601222,0.01319456812991504,-0.010001181153461491,0.005023154612117775,0.01711705707241462,-0.0016486760438136905,0.010783073977758795,0.003563726332878492,-0.011112419859716338,0.0029271705882760735,0.0011193478745901153,0.0033301910069214458
2023-11-16,-0.0030790266402780375,0.005237572523020928,0.001981846148803479,-0.004967129976639395,0.003767488961107235,-0.006236085920308665,-0.0016835664462557798,-0.02694128095875159,-0.017941719920048782,-0.006841147266968273,-0.004142900171061337,0.008370410559628283,0.01398686288143658,-0.002432237319951125,-0.026353702929427625,-0.0057159765533754125
2023-11-17,0.009437121553011352,0.008052134332354521,0.006085349726215661,0.011410206776044651,0.014655884113733197,0.009412946012316459,0.008432573402631371,0.013029236391677301,0.007789205290885226,0.007007120800013977,0.0008320008302973303,0.009684236734717855,0.012614945741238115,0.011946857499664176,0.013943592024397544,0.009138755482214433
2023-11-20,0.003229663741226352,0.0011746547032907007,0.005897398960601263,0.001233882552327259,-0.001761574766536489,-0.0038398074184821107,-0.015609400445382948,-0.002720679116439584,0.00857240586265462,-0.005189359339042188,0.008833101948568345,0.0008720028542512637,-0.00547211306747708,-0.01638357627525522,0.01925259286239922,0.0017998591702166333
2023-11-21,-0.0049135347606320545,0.006570368847208741,0.005412052117659716,-0.0059858820752435316,-0.004764336518791601,0.0003670794975352276,0.002265339310640657,-0.009300639029388158,-0.0189496175231888,0.009247221420161322,0.004429179814563922,0.0016179398097291298,-0.0009365422003410062,0.003551714370724879,-0.0007936764870931645,-0.0024120531100420006
2023-11-22,-0.0013622372892749812,0.0073436059982257,0.0017942863483033644,0.0021254332613955818,0.0014183990553384707,0.006605475332243094,0.010961752294633031,0.010889933121646544,0.011646162119674619,0.00939737443633093,0.01220393468690828,-0.00037284210369326054,-0.004921480005867784,0.00829885577606837,-0.01747412761526712,0.004326717013215076
2023-11-23,-0.002216527359268805,0.0005785099691621998,0.004328410492545398,0.005655695405337724,0.0,0.0023696837015763084,-0.006595187256225765,0.005324524025692279,-0.000982793277643501,-0.0009309959380261468,-0.007193506663276006,0.0,0.015543980202649132,-0.00326806365082033,0.015521373991090881,0.0023689347157611618
2023-11-24,0.003930288606020849,0.00416334608683977,0.0005943310607203767,0.0022846948206547424,0.007613370305144196,0.00454636434927802,0.0016879159931177945,0.0012316899604083442,-0.006604705234585229,0.005125285993677675,-0.004388240787667863,0.0007458654553271771,0.0016233411737907044,0.009593208962952904,0.005253804678256424,0.002043112333741659
2023-11-27,-0.0015319141036531647,0.0006909139657429453,-0.007871604698159285,-0.010696168700415898,-0.0033386308675087406,0.0005430822783916156,-0.005841364089085643,-0.0047976896927302,-0.013580450268123934,0.003476650917441315,-0.00010248088992947935,-0.007700918960194869,0.0028942282739834457,-0.003488062086177801,-0.004434498853072788,-0.003744730562183607
2023-11-28,0.0011933684523470767,0.0033376287628361645,0.007185619467594329,0.001063549526453933,0.004231340878012357,0.005246920145269396,-0.0023730348276791435,-0.02583444430267534,-0.018356557338190527,-0.005196981407820878,-0.020092252587100345,0.008887275074324075,-0.01004257995676594,0.0020518306542320897,0.005249903843588477,-0.0021141521173376754
2023-11-29,0.004597307113801907,-0.003441099747917953,0.007431594458773283,0.007790310060544758,-0.0014045289881257084,0.00899921448632579,0.0037377549319239645,-0.007740113787688352,0.008765600025131715,0.002670152155382688,-0.007741456368152266,-0.006575748702990825,-0.010377881414711854,0.006986397877742245,-0.023896349512284365,0.002415164167991035
2023-11-30,0.018813517886331566,0.0002301387506526975,0.004721051412311272,0.014933273838197536,0.005450073553868728,0.0016054917086194553,-0.011961205776082395,0.006905400552738694,0.01766824822539448,-0.001852579146090938,0.003795518121699315,0.005495216275768655,0.006951844998431156,0.008492741964226669,0.00940336590708446,0.005934509964877321
2023-12-01,0.003659944747471666,-0.0034521873206518894,0.013803239502372167,0.0005192315806981096,0.010491305108330407,0.00908277346881281,0.017131138498719833,-0.002031972466434273,-0.004980733751619004,0.011831553908787429,0.005776760302990791,0.013166006062380164,0.003744415218098762,0.0069979582704817744,0.001606219826383981,0.004839419475374029
2023-12-04,0.005138392761507182,-0.00531181130406444,-0.00767663933528917,0.011591756208434889,0.0051912271022713785,0.000529471720586816,-0.0003368085452620795,0.018197904103747442,0.007207750914200117,0.0017195932434663774,0.0011486767290136424,-0.01152385738882511,0.00944265738729455,-0.01012953403233574,-0.015554954817410205,-0.0018458728414217918
2023-12-05,0.0034630289799473246,0.012537684757873535,-0.003357123330066214,0.02206257316063609,0.007746626157745684,0.016934204053638435,0.00898567677384321,-0.0036244239559249936,0.02075283214402579,0.006523280336705017,0.008240349191351859,-0.004836867487674645,-0.002194125652759782,0.011542190600062119,-0.00032554044800925386,0.007418987258829057
2023-12-06,0.016762582713531593,-0.00561801504443149,0.012741746792158892,0.01506026219419554,0.013495032865135537,0.0032957603160785887,0.004452826725238612,0.014299982077613516,0.007571530352957323,0.003752163371378403,0.012414621249345892,0.02180948128431126,-0.0031251578326170204,0.015174638668943752,-0.011732168027595247,0.006633283440931281
2023-12-07,0.006465155753482721,0.002536606488207749,0.0004336854602098317,0.007418370993011791,0.007753256161952438,0.0,0.003324860009194852,-0.0022261064627310256,-0.004174904471886398,-0.0060036338573844494,-0.001941553941002483,0.0008538162411020345,-0.011958523851982927,0.0005793597759358171,0.00032972837985623116,-0.0010046025624423915
2023-12-08,0.012686729241067729,0.0081656489057913,0.0250073116181877,0.01210926466537976,0.003345052146040972,0.0013830215618806374,0.009057775135712154,0.025780871491791535,0.03283967897456397,0.007293490887271048,0.014845959966523381,0.002924736983571652,0.01210326098718495,0.012970491486024027,0.0202735908254148,0.013196408557627493
2023-12-11,0.0028544227944273803,0.00741494065419479,0.003384624609438891,-0.010832571642857669,0.002166992383954014,0.0022444899683358166,0.0028461864764466327,-0.010391461737325414,0.0012175857955962766,0.004299065140359604,0.007768360325106194,0.005346223210643153,0.019389389313219763,0.00926030227665442,0.0011309210639112166,0.0033189151891603874
2023-12-12,0.0007906479855634974,0.00951206702981211,0.0026702997770509107,-0.005884298629602047,0.00033264073388727944,-0.006029161160951757,0.0018556321537261944,0.0023200120645454625,-0.008648537283160507,0.0019150817646729212,0.005856331799264813,0.012086124623659655,0.0007973908245912931,0.0022656407024574943,-0.01065025012981502,-0.001056736938843339
2023-12-13,-0.004266160582995893,0.004150328037005657,-0.0026631882660178574,-0.008385315456861275,-0.010309213999660116,-0.0053726914844918205,0.010132954515931214,-0.003532828276749278,0.001226887988590386,0.0016865314575396084,0.008708773199260333,-0.010508671289555016,0.007624833997469382,-0.0022605191781986944,0.0008154827172586199,-0.0016344546218928224
2023-12-14,0.02316727603655555,-0.022006272301800744,-0.015741635317759295,0.04261308987921275,-0.016969128118623056,0.010803278004719807,-0.0018336152211947399,0.04413210431614134,0.016745968837619696,-0.004265357429162009,-0.004933424012956267,-0.029809369478648984,-0.005873150591437781,0.013819658250235012,0.0008148894226582826,0.005925982980093503
2023-12-15,0.002791561885133076,0.005025597152707784,-0.003855392482209785,0.0033396778946803707,-0.002905466865093742,-0.003792384010601779,0.0008644679814056033,-0.021543078830792206,0.002142553439333339,0.006763616675659501,0.003222630426796158,-0.0038561102924716817,-0.0036355119354445353,0.01195525483224169,0.0035823380181845277,0.0027798937838363624
2023-12-18,-0.007732761484507411,0.0,-0.0024368343679160853,-0.011095252587920434,-0.0020568854221226784,-0.02266823004201446,-0.007989662223611527,-0.02512878304251709,-0.008818829000219242,0.002015481509186623,-0.013194949895791619,0.0037460710780246043,0.010376387269843024,-0.0006624022617238712,0.011682674796160253,-0.0036923291695997174
2023-12-19,-0.004364106520032607,0.0030685693199383746,0.005029492907379973,-0.0016027992534155544,0.007557506887329923,0.003009876331112382,-0.003156239808772887,-0.003436733976414863,0.0049878306855595245,0.007375046199799451,-0.00010014056908980162,-0.003483284375301543,0.0036113048109036594,-0.00320403790640722,-0.005773847977937896,0.0007676266569469625
2023-12-20,0.007357579848966012,0.005325177090578892,-0.014297902596737688,0.009150751843865379,0.001534284956524301,0.0028243725690511035,-0.007861175363798711,0.0012316899604083442,0.0018779713296719347,-0.003327719592748024,0.0012018702856015917,-0.01298391576567881,0.0026987326619323238,0.003214336763240677,0.002581018149133474,0.0011565195574991805
2023-12-21,-0.005594318006746701,-0.0040573034842823485,0.004641671888308219,0.00031814878042735195,0.005106327424031498,0.0001759745744855934,-0.0026411543655634473,-0.011809710171927112,-0.004686042645980826,-0.0023372163109074418,-0.00340160001956491,0.007715678332899989,-0.0023550470976856364,-0.00320403790640722,-0.0024135236025124573,-0.0015863894251865185
2023-12-22,0.0042193215457762,0.003507989431173586,0.006641538853865869,0.0020674162556026943,0.003894974113694216,0.006511862775076871,0.00264814853462636,-0.009585490847112133,-0.007667429034904916,-0.0014503684344079337,-0.025599931795243558,0.0031379871060495113,0.0042715291447652515,0.002881894485879055,0.004838725583426573,-0.0003407663256832505
2023-12-27,0.004824055135744132,-0.003044595411814899,-0.0001435345510736319,-0.00031739141380482394,-0.0020241976861584687,0.0005245648748140042,-0.0029712541854006735,0.012569246355241592,-0.0031178105228263364,0.002569693073445567,-0.005975614885403879,0.0007508117377843515,-0.0019027948640232273,0.005194457398523422,0.0027286380532145493,0.00039636298256184865
2023-12-28,-0.004336311646229274,-0.0035064020352471026,0.0018649415001141811,-0.008572786914797681,-0.005071010808075482,-0.0076897085468028425,-0.0013245126465263324,-0.011296023402696309,-0.0059832066322735855,0.005794376043059435,-0.00974286593944207,-0.0021255252664849067,0.0010093590630424476,-0.00296865907923638,-0.016967940807258608,-0.004841592750463031
2023-12-29,-0.00046660705926182544,-0.0004540023399720594,0.0007160924385407608,0.0022418060850293298,0.0020387862948856306,0.0012327730228780531,0.003536688373613872,0.0018833805908338164,0.0035568044150477984,-0.001440196239145819,0.004186696378592147,-0.0010024294632426933,0.0056015035986696216,0.0023157257335804093,0.003093830914100648,0.0010643462600590237
2024-01-02,0.016495525830156454,-0.006927050611922891,0.01073104010775694,0.012302246585604859,0.007799192914590414,0.002110883694751653,-0.0004404723986357606,-0.01491242436229212,-0.014449290669843684,-0.015200295875365533,-0.011152778860348378,0.0038881286414853555,0.012589188320888844,-0.015953212467043065,0.018567271601665603,-0.0016333048147990636
2024-01-03,-0.008573294096638429,-0.0168096172200336,-0.029161972624748067,-0.02667301479128592,-0.0010094103019990808,-0.008776485422195113,-0.012450431698206477,-0.0302760072044872,-0.03817424593554697,-0.011266368319188702,-0.019078774319039038,-0.008870619706723648,0.011992536143868415,-0.022137825258096155,-0.004032966192341836,-0.015801648438608873
2024-01-04,0.014515201401198219,0.0005814704742215238,0.016185508112791513,0.020107084029944433,0.0075783345652704615,0.0139896915918154,-0.002677783863080818,-0.00446001985764366,0.0034511489116038074,-0.003304387825847299,-0.005695214272053883,0.010588656480392977,0.009241085014157768,0.0010290701965931515,0.011985681115984637,0.005230808494278039
2024-01-05,0.00837139935952469,-0.008020457968028749,0.002295801489087035,0.0014306384999813737,-0.00133715480778962,-0.005588493884346568,0.013760071702983767,-0.0027672660746164146,-0.012754310233501376,-0.007088240854908334,-0.016643315582514973,-0.004989349437324986,0.007002053250458662,-0.01142202876039522,0.000320093236564567,-0.0040184443298300065
2024-01-08,0.006792449351309626,0.003281001049117549,0.02505374553461026,0.002222163581596881,0.0011715234902991423,0.0019317496821062985,0.01842856819199068,0.01863106538881598,0.003483804229911014,0.00967194292354967,0.009011939457524987,0.010279542068877712,0.006953365415548918,0.006470213865053642,-0.03120010499288528,0.003982148991815926
2024-01-09,-0.0016492109099732755,-0.0015184236417190577,-0.0005587243698319533,-0.00807720769286413,-0.009194209181416002,0.009816032362571114,-0.0039007750313962974,-0.0037618797213618826,-0.015333337448115714,0.004675526558881593,-0.005445989222616188,0.0037226552677898095,0.011261052636217572,-0.0017219176709979411,-0.0071015439186185025,-0.0031703832956309075
2024-01-10,-0.004354960703069954,0.002807381477159865,0.006428188011650127,-0.0031933859070176762,-0.003374399661091765,-0.0013886909011537885,0.0029370819610641252,-0.005989415297376621,0.0033787940095755253,-0.0011350268734514612,0.015222842681446469,0.011373397401773122,-0.003571887370854232,0.0014948302314843342,-0.0058214873544206736,-7.271666706776259e-05
2024-01-11,-0.013876266835379236,0.0075819715559706236,-0.0011107076776994962,-0.026109261022842944,-0.010326751157260339,-0.004867029078379437,-0.008243036902241707,-0.027639661539738625,-0.015812543590393857,0.0034090215710151917,-0.009385172233884687,0.0022001129113111695,0.002635776837386139,0.0018372608150978298,-0.004852045145222528,-0.005179039349547443
2024-01-12,0.003211961786421025,0.01667053457903589,0.03697524163349053,0.0004934291015714631,0.006500222159029567,0.019039390865678518,0.00995184826226958,-0.011989702853545503,-0.003421613863732076,0.00883355739975844,0.00010894409027706331,0.027564424057123338,0.005783465118849529,0.022464109066085758,0.011096138190769267,0.010493233044143402
2024-01-15,0.007470554563175025,-0.0009109987032399625,-0.007908821170749092,0.004767437688982357,0.0,0.0046280216720531175,-0.04038974357717573,0.0006901603823510349,-0.0010449526420275301,-0.0475976665786938,-0.0018509560243086254,0.00011878109504515066,-0.013486715028430574,-0.014460219573945166,-0.003325478221346323,-0.007161280291919314
2024-01-16,0.0004540499697587297,0.0005699057465859969,-0.0024321142180602218,-0.006053714426060619,0.006458169650945589,-0.004606701756487364,-0.0037238361450073754,-0.01034625315761284,-0.004333590752697125,0.0014143984392680498,-0.004363582183878889,-0.0036791866866277,0.009008089415165177,0.003184741357437515,-0.0060060490249609355,-0.0018457590528463408
2024-01-17,-0.00922700452053915,-0.010251767340364037,-0.004199023556224368,-0.00839505105570093,-0.0028707046221285726,-0.007884875013041803,-0.006455997312793449,-0.03512679101876581,-0.028365492462824937,-0.006355877604907634,-0.008436437330520796,-0.006432365834087572,0.001785394220533476,-0.006122438765781557,-0.022155027982927677,-0.010720472910752954
2024-01-18,-0.0007634508678574514,0.007826019097319392,0.02040262995865949,0.006972076361077217,0.0149026321488952,0.013994482775876893,0.018011860842293226,0.02167003313454119,0.02471416500177548,0.009713339913083097,0.017569019182713586,0.025296710229765873,-0.0072341813874587935,0.018252331256689125,0.004291170350427365,0.01129439242703012
2024-01-19,0.010695228602439988,-0.012104622279279331,-0.007997723463774475,-0.0008242552357530242,0.020023428430572032,-0.0054523284327333554,-0.00515106147638178,-0.008766994786871707,-0.006029526536732499,0.0,-0.004886453309052019,-0.007015925816226565,-0.006864511796972339,-0.005713626168301844,-0.003931170337882817,-0.004014127226181108
2024-01-22,0.005290984354573647,-0.0015027019292144228,0.008062202731731638,0.015179014559536963,0.004907590324023436,0.006167524069952801,0.002476318616689843,0.009557826166294081,0.005307863623281728,-0.003402225147923099,0.0017458255383031585,0.012717875916204546,0.0017013917253749788,0.014084509544140644,-0.009093953353934814,0.005644586891048631
2024-01-23,-0.0018044830887830043,-0.01736514857312277,-0.013596291513006564,-0.005850827104159184,-0.0032558184430361292,-0.012089216145045323,-0.005277302525682925,0.017380109578270853,0.011313913176387302,0.0041201233088263844,-0.014487916910807308,-0.018604652005825062,-0.017409688594479555,-0.0017777682798423289,0.006406929136823614,-0.003400662454051906
2024-01-24,0.007833644400224937,0.015904802852465094,-0.008513441684175227,0.01340528765833593,0.010615747196778935,0.011892397620977269,0.00214462011483052,0.013194539643306191,0.01939149165934273,0.005861644247318054,0.012379798879015302,0.015165877477491874,-0.00010800365330199124,0.015694560894127685,0.012732283435922698,0.009149936559470495
2024-01-25,0.0029895714689436304,-0.0035949475355822047,0.011857575128255027,-0.0048395691850932065,-0.006140897117378974,0.0032362558161336263,0.00439286681972062,-0.010281012498363329,0.002780137994889964,0.007925418656337335,0.006660113810591284,0.0032679967460118586,-0.009400380518697626,0.0010958629575255063,0.0013591915724113779,0.0011481319426338565
2024-01-26,0.0035767764313587858,-0.002094998350793298,0.005388015511735622,0.013940730123776168,0.005528418200400065,0.003904882173022317,0.008410914799727331,0.0659278201730471,0.12811900727035774,0.029370891418647904,0.06626894019111429,0.010935330334326032,0.004362970950205547,0.002298827564289452,0.011537190537622255,0.022767334337170153
2024-01-29,-0.015889570581955947,0.004665291943471761,-0.0013397580204893567,-0.00815346711658893,0.0035576212825123577,-0.011500082049795357,0.013122898561772178,0.0001300266766042224,0.0041392499398047455,-0.0010109528515915844,0.0002035262981803232,0.004027601180396578,0.006407505569560046,-0.003276458057411058,0.009895976307439325,0.0008736965467688318
2024-01-30,0.004225238184461633,0.004643628062881655,0.005232076826628962,0.002578975248453519,0.0033837508335305966,-0.0005131840644471142,0.0043907507291152115,0.002728345511535224,0.007342479274625058,0.003710743894886237,0.001016975931441566,0.0005730380036301774,-0.002374065702328787,0.0108479923272089,0.0036538446241018985,0.004797941051913446
2024-01-31,0.0001501991429226912,0.00346654799766144,-0.013746067400942419,0.00562700547665318,0.0008029575912888998,0.002054154791095719,-0.0038251780300982974,-0.006867048452237512,-0.01074165561291629,-0.0035849834047395612,-0.005486206015497319,-0.006758332972506831,0.009843257712605302,-0.008672041241627126,-0.005460885373174018,-0.0026988336345075137
2024-02-01,-0.02809490144344029,-0.002763638023582926,-0.0027063472166254376,-0.0920863306260179,-0.021180977075440977,0.0,0.0020844759923008827,-0.012785405414857398,-0.0038780024615783226,0.010456452470857691,0.012360830047452032,-0.001153213438684686,-0.04102400141609763,0.015308960278622719,0.007986674875211541,-0.008881052665948297
2024-02-02,0.015458265666839388,-0.010970147650586348,0.01288997934734093,-0.012854296406623278,0.0011475168627426147,-0.0006833146296780779,-0.010729189684325124,-0.004625248826813477,0.009732584497532004,-0.0037832125480915524,0.020686179332943144,0.01293153251929069,-0.02189217942254118,0.01615502384448031,-0.012875451804289728,0.0004624958820622638
2024-02-05,-0.00624144328301679,-0.020081542921173146,-0.0016073643361327328,0.0007134795356225077,-0.004093676849668881,0.011111109493056048,0.003430641439869264,0.02004762322282172,0.0033415858095058315,0.018094478367891353,0.00123576358742028,0.00034194163325507176,-0.0019412549406505608,-0.0037094992790032144,-0.009699006042910852,-0.00030291438366114587
2024-02-06,0.000765940291742373,0.023948413543060765,0.01797931703931055,-0.018181794945239416,0.007563313193114984,0.00371922076034803,0.013786282094370161,0.01965386901248456,-0.0015370774352415628,-0.003949522807239592,-0.003949612519074885,0.008432121189084762,-0.0019451256624077873,0.027659551808997707,0.018237067228770165,0.006457248016917827
2024-02-07,-0.003520595361832468,-0.007912428281258821,-0.006985781471442021,-0.005083543364611476,-0.006527367614352131,-0.009095462972940727,0.008376923756733046,-0.0037018574567280194,0.00590107822331376,-0.0038550297539911016,0.010161060988661763,-0.00903954812210861,0.0018343135613854145,-0.004658349995263156,-0.0316750134007856,-0.0036275110963129853
2024-02-08,-0.052073735922878894,-0.017827874431092794,0.004380091142460962,-0.0047445756244779425,-0.011990729458172478,-0.007649124808925878,0.0070126866876243366,0.049071055288195,0.026017176552418864,0.0021008092636534137,0.01815513454709672,0.00011401953244338792,-0.018308695768981642,0.019864738957008576,0.013529732001376749,0.007143379527401406
2024-02-09,-0.010695152668976471,0.0,-0.005418121522740016,-0.020168657262968792,-0.0028263903570395765,-0.005310038371517334,0.008677968896309673,0.009037690750223204,0.003729052675125022,-0.07580267280513087,0.04795170278622729,0.005700593251612984,0.008275903284270969,-0.0008157423154590004,0.00912487963311781,-0.0023624755640569983
2024-02-12,0.0016380206586401602,0.004299074928603153,-0.003720439961170552,0.013660095161494912,0.021340476388261642,0.00034438593347418944,0.014338792169503067,-0.0029048873250694385,0.01783284240840577,0.023519540809323614,0.005058625401899386,-0.008275744586404454,-0.00497105135371978,-0.004490808769551102,0.0016742880139533067,0.005528561553061584
2024-02-13,-0.0024530129021504976,0.0011890410992887457,-0.007068594158639807,-0.006276336491644274,0.00016329491109678962,-0.011361629887130409,-0.013507905595826375,-0.002427699755666035,-0.025672241677542784,-0.0015164437436465672,-0.023143839703436364,-0.007773183550230156,-0.004415052103494466,-0.01671101419287835,0.00802413038440064,-0.008386401171905478
2024-02-14,0.00016386481376340356,0.00866980497507397,0.009133626311201848,0.001671790755695346,0.0,0.0033083111629637063,0.012206758061700018,0.012655188221014857,0.002247705692427493,0.00771034540507598,0.006098945745232953,0.01336412324272418,0.0004668440519159933,0.018663239818242916,0.0019900640625887256,0.006824645642291127
2024-02-15,0.0022948041197787816,-0.003767787981933446,-0.009050958240871543,0.0016691667463093474,0.0047331082807566816,0.0026032512734419644,-0.01363250535832139,0.0174236715092555,0.016197508756739643,0.014954740126032595,0.020284559646329026,0.04115501419569223,0.009098340167410512,0.014636615565638333,-0.011089116999832505,0.0086058110387488
2024-02-16,0.0,0.011109800543479098,-0.017192689190263177,0.006850556726998747,0.0064977474988128225,-0.019906462879713427,-0.003720983632140684,0.011220033611688773,0.0002451003548917807,0.010622466352016025,0.005027295963306644,0.025769840836214364,-0.0005780716553764886,0.018359811659496295,0.002343101189676622,0.0031975863579738473
2024-02-19,0.010956737456277121,0.0033898053628409475,-0.01394016263762432,0.007171706725787486,0.0009683561319870915,0.007771045852157155,0.007576460692145126,-0.0002336743332111979,0.007477358948045687,-0.002486434856611819,0.006139187876219365,0.006599967858861744,-0.002775734773783123,0.005448261311652658,-0.0033393597910533757,4.7582432163739696e-05
2024-02-20,0.006146825351669882,0.08259552008403204,0.004573749697223128,0.013328546587078938,0.004998390500375205,0.002804153078808991,-0.00169451115869923,0.00046738188992079266,-0.0020683524868114755,0.0052119592033812445,0.0031638969822498364,0.007085432938374048,0.010554308807708246,-0.009113343703037402,-0.018260959076610517,0.003433125979337426
2024-02-21,0.0061092727192386675,-0.0024749499832225075,0.0062086365066933435,0.007207190186498069,0.00032084646524799254,0.006116690111944267,0.004880095967474407,0.0035029288700385575,0.0017068566987312739,0.0021414662063177214,0.004054875888785947,-0.006615649381876865,0.0027545806686517516,0.006711437274124821,0.005460593234254185,0.002164099081399584
2024-02-22,0.006231990886550909,0.00010784496133342536,0.009735417434216798,0.005724494627695087,0.028388199319131502,0.0033003400446758313,0.01414694547701223,0.011170592074616126,0.022882189449937806,0.014846528694337557,0.018622418796463425,0.011839407073951369,0.015680387745792723,0.024938230333805267,0.0035642355509317714,0.012737981244015373
2024-02-23,-0.003493629335470816,0.022004094666038254,0.00461699045021402,0.00302377806870191,0.007485881973880337,0.010734073426590163,0.01145114509347267,-0.02036819519038091,0.011542144646643271,-0.0021056987780835312,0.013656388446412038,0.008253243869587923,0.010930884125224027,0.01084075579105126,0.008963371544710386,0.006961939107781312
2024-02-26,-0.0073306924972899035,0.0012665067232477956,-0.004190291460721363,-0.018620230731295373,0.0023219892440846657,-0.004796239006156444,0.0016468908321691789,0.0055209293712203955,-0.009293014709407688,0.0009995705014298473,-0.0028248377536094216,0.003315718628591924,-0.004793269447734616,0.0009532649927144199,-0.007878073314314893,-0.004626814526150547
2024-02-27,0.00497670934693728,-0.0021081134327400886,0.0044793816118444685,0.004698116785623707,0.0003088549938981,0.01239244595474065,0.005651318577325037,0.013084184607105476,0.009736337029098374,0.0015533036650559051,0.0010894948290114392,-0.006919328191305918,-0.005040298600662463,-0.021428561240295463,0.005237329906514265,0.0023430643491109127
2024-02-28,0.004313096745446776,-0.003274543072224745,0.038648733497608,-0.002697644227696583,0.010035544240223349,0.007140541888659202,0.007458995922056788,-0.017527830038765346,-0.0031749856928317,-0.01063475613076248,0.008489380716402373,0.004679715696207953,0.00011253876049721612,0.009245741009855424,-0.0016804789666009512,0.000753640285918955
2024-02-29,-0.004294573833024451,-0.004345146750965423,-0.00507414763480063,-0.0012624459660277587,0.005197217865106296,-0.0006751684685539772,-0.005273815912246849,-0.002229971532180852,-0.005780310777910858,-0.010861048912305549,-0.001511089340862859,0.00248417451033478,-0.010693434368383548,0.011571856511594314,-0.006902484231838368,-0.003389318410854436
2024-03-01,0.006389763277089289,-0.00510907266375471,-0.0019615972181408203,0.013903892855348321,-0.015815085789490646,-0.009290594139550024,0.0072388880015783474,-0.002587867286462875,0.0042714631217655175,0.0005660430455558529,-0.002161561963470948,-0.001342297001720394,-0.006599041071387313,0.0004765573532867773,0.013731147951559386,0.0008501804423759474
2024-03-04,-0.00015883587069664973,0.016796921139542897,0.017819666198207518,0.019946604329687645,0.008034545043730246,-0.0013640661459509706,0.009818781606729443,-0.01934188080163768,-0.007797745721122795,0.003733413702856181,-0.0034661873138656096,0.015715508252362342,-0.005612205920751845,0.011910512082169644,-0.006856314599941182,0.0028030952946549448
2024-03-05,-0.0026987341583664115,-0.002946225844446815,0.014289420309626433,-0.0005238429935745526,0.003218881945274976,0.0047805345974953894,0.009673318188701652,-0.011425216558054396,-0.012741109633814363,-0.011834994947345967,-0.014565042345047408,0.006820017698011327,0.008984017414005008,-0.020951068402728312,-0.0038725585179395505,-0.0029649466993251217
2024-03-06,-0.0019101897446465177,0.006648367067657368,0.004188401211594472,0.0005241175488803762,0.00015277587043294183,-0.004248093833279176,0.0009927556363820145,0.0003649761277435548,0.004221451416093869,-0.0004562951311150032,0.0022057973028686284,0.004549526581166585,-0.005479413654060905,0.004087532650149717,0.013860682057294627,0.002763255770580786
2024-03-07,0.021052562000376973,0.013523509893609731,0.0006318974260370869,0.019556439955191296,0.011304599825833206,0.014334480813834816,0.008926340295879909,0.0007296859375387488,0.008647583769882283,0.01643275546047218,0.019150447947339444,-0.010567667996913888,0.010101034148054522,0.011973258363934036,-0.0010004485364654148,0.0077287225801636605
2024-03-08,-0.0023429598893546233,0.0015515296211776608,-0.001768297576332678,0.009248156381544748,0.01268887797578544,-0.002859918799489103,0.009338903673257182,0.014460998569207462,0.0060728752614602755,0.008195788202896237,-0.0008641167452044796,-0.006001290968468798,-0.0035227377178613795,0.003549478683841256,0.0021696772588875035,0.0014707119397019408
2024-03-11,0.008454583603881183,-0.004234218171181858,-0.007971690668781006,0.0020362714705204343,-0.007159954042718852,0.0008434974767301817,-0.0029217826794827317,0.006588476522068731,0.006509645451803214,-0.0016703798710688833,-0.0036746118281992812,-0.004707416689643362,0.007184478952144691,-0.016977222471239006,0.0013321129543260035,-0.0010313621181308186
2024-03-12,0.004657800857614358,0.005600477848778818,0.007653025716603867,0.011177075706856776,0.020432749157178298,0.0037087779917595043,0.003174631999529387,0.01428056522026977,0.010112970090267348,0.0052426328547381384,0.011716052172754843,0.01747895375174302,0.00022628327698015482,0.003837906133525415,0.00898064350203609,0.008447915349394375
2024-03-13,0.003554242265735086,0.004537950984319528,0.00810118759231293,0.020767028153333644,-0.004122536004672384,0.0058783508739046475,0.0038947353425606845,-0.005983786430490912,0.009545917263230841,0.007989395362592466,0.011151752843782115,0.0054567996404875085,0.0016981023457420807,0.021266384691999818,0.017636419640391532,0.006194772386113101
2024-03-14,0.0036957452198875806,0.0025666483341018065,0.006780644009439785,-0.011484887978322256,0.005470192414724462,-0.02320913771160904,0.009699415872775008,0.006137847636136229,0.006457618568919354,-0.006495000770651016,0.014846173400727025,0.007035068106521436,-0.0031642237864014655,0.006785227655837556,0.01571097832591839,0.002929598667063882
2024-03-15,-0.001227434769258795,-0.000819203439051952,0.0149662560587569,0.015933572777714566,0.009410362048795307,0.0,0.005283327697463092,-0.00011731987068086536,-0.012030265336094748,-0.011301989434548076,-0.0010449728466902508,0.00973064925054179,-0.00011332976195665978,-0.0006971339251865549,-0.00366767445604832,0.000359027694849523
2024-03-18,0.007219779627889222,-0.0055345577525907075,0.0028263037957734216,0.00245069330403469,-0.00262190500531323,0.0008545999129745407,-0.010511198933362942,-0.006335710999849087,-0.004870716742242265,-0.010310390069011355,-0.005230013976670778,0.004941922606870763,-0.0022676046229862523,-0.0013954604968310358,0.002400802864278573,-0.0019854563735762776
2024-03-19,0.00976040760846053,0.006080610897615246,0.018134968036909616,0.010430222582106685,0.011245688268133103,0.000512453067876173,0.013037154438245713,0.005903857931883527,0.00244731547837973,-0.0007925865966768031,0.011356422344410477,0.012294011944927297,-0.009090939087191718,0.00279467419980417,0.026664631978681186,0.0064934656352211295
2024-03-20,0.000906234577622067,-0.0012292718443316364,0.011313040592712653,-0.0011290747369130383,-0.0007220667670249092,-0.004096943049626711,0.001429981860543661,-0.11914550481007358,-0.016275234813211026,-0.010086197539137864,0.0002079096924840762,-0.004857897064346917,0.005045883604745782,-0.00023219166451693418,-0.005664089040666176,-0.004833484661298293
2024-03-21,0.011166553973350757,-0.00666651330895307,0.007378360368851533,0.011464502767847717,0.0015898180618276747,0.0006855841655319939,0.0026177359865409144,-0.010394382363547394,0.002008956239087034,-0.004121339516606759,0.0022869496782149668,0.008786946230290082,0.0007987519099097451,0.007665422799031818,-0.004430354844785711,0.002243492024442295
2024-03-22,-0.0001493308351003808,-0.01662370311607586,0.003543988311800028,0.0025543441054254323,-0.00490623352595565,-0.0034257182337997794,-0.00925706921816305,-0.03568552245051593,-0.02276217909146716,-0.0052879776916161525,-0.01016388679038105,0.0029034694468526023,0.010717131055816065,0.005302031622922199,-0.001112466717851035,-0.0033986850697289572
2024-03-25,-0.00014919035541738346,0.0038848494158760793,0.0012948638494623133,-0.004936267351322243,0.0027552420273506684,-0.003437786971859258,0.004551988370333548,-0.012009366462670257,-0.003741258158110883,0.006471782777706103,0.007125004336477669,0.0038600348156760944,0.011280282807203168,-0.014217000362512056,0.006046015025899187,-3.923299318631113e-05
2024-03-26,0.013136327093592026,0.006484789599168872,0.0030566898363091344,0.02912453646197921,0.0007229448277550343,0.021559186269650255,0.0004770016720507808,0.031519326092753985,-0.004482099182924748,-0.003444714812302685,-0.006658414190740647,0.014179305595233282,0.0184049749668318,0.0023261376060452754,-0.003953770838192927,0.004066674265986281
2024-03-27,0.0004419944725382319,0.004468396503949368,0.005625871981260744,0.0055979073571730265,0.0026011897070905565,0.01350658537099303,0.005244362603079367,0.004658882634885897,0.010343098151213148,0.011637254919066864,0.0004187624993701178,-0.00781985694918752,0.005038276618078541,-0.028544887857644197,0.0009526635197458777,0.0024508470402273552
2024-03-28,0.017378425710673717,-0.002482871183710933,-0.0051281437696661936,0.018401183706819424,0.0036032947360316037,-0.010827777897615687,-0.005454146207644284,-0.0006819657118111166,0.004094931478218156,-0.0007972623159026027,-0.009212711523243433,0.003343594339343836,-0.008718424743542341,0.0016722366460781846,0.006821228310946115,0.00012187973303090516
2024-04-02,0.004270452913356149,-0.007363649682748941,-0.020852874567883206,-0.006680856365058108,-0.001579772056034101,-0.012714745597129262,-0.00572242393209621,0.0013647734124486721,-0.014273695319624302,-0.0175538378275355,-0.0021131413208983485,-0.02261356521527469,-0.02671493176682449,-0.02528012325062068,0.03923114896497193,-0.009232454759745878
2024-04-03,0.012972966174704448,0.002089611508104383,0.005383989717333115,0.01696729129600172,0.003164604730910181,0.00852872252548953,0.009112709162765853,-0.00109031293976658,-0.007057772903626192,-0.022276352866729576,0.01440068490048696,0.004870910951383811,0.005082998157387442,0.009052983564731054,0.010612398718186089,0.0028511726666033965
2024-04-04,0.006403411842121676,-0.01178187621751614,-0.000594878561178791,0.009469499501449263,-0.0005735731244566056,-0.016913269128800867,-0.022813617805189756,0.007777325216587139,0.004166771375755607,-0.0021359480346238024,-0.004592891790603848,0.000969414701706528,-0.0029220074806748375,0.008971915257607543,0.005850558623829771,-0.0002060748666816714
2024-04-05,-0.002827887180594457,-0.010867286169453871,0.00035710108992836886,-0.009082823635224502,-0.020372950198108586,-0.01548387560107023,-0.011186835021428365,-0.01760094574559834,-0.023920023427976833,-0.018432693898576047,-0.016359149027064812,-0.004842681175939334,-0.015554653505842397,-0.0019226423818485827,-0.00372845105479247,-0.011070256363011843
2024-04-08,0.0017724804147989381,0.004053322631295542,0.014998183860655212,0.0066115207218127026,0.005565362900646242,0.01310617628445776,0.017707786064740105,0.006615354293358244,0.009377336242187617,-0.0036346040356289855,-0.002558542196365865,0.01216554129240377,-0.003892734098107087,0.010113221894824997,0.016915971936181107,0.007193588346342095
2024-04-09,-0.004600156209875084,-0.0048867971419523926,-0.03436144395571061,-0.0052245895918517915,-0.013690645125535528,-0.012074067249357112,-0.015466465766538318,-0.0027382309472743227,-0.014988089139526095,0.01045716511990924,-0.02436941300107187,-0.021153864889068896,0.002528789185909819,-0.014779579904238727,-0.00780220663396658,-0.008637429889214343
2024-04-10,-0.001066528205654338,-0.00032027732248163243,-0.0027931556886838793,0.0013504949203464456,-0.0002953724975383043,-0.014404385080172832,-0.011291101994507668,-0.019906795120231857,-0.002766711084711382,-0.0012033197289159636,-0.0004382512287571805,0.008840816759019043,0.010318684157561098,0.010646135297487147,0.010089127768955652,-0.0004708608588569474
2024-04-11,-0.019572909951215856,0.007689025552968687,-0.011935369165758658,-0.01828263843361011,-0.011816878459042224,-0.0013284904225847605,0.00893750130436377,-0.005182704789340131,-0.0031525555487740275,0.009277135288129124,0.004822435947283044,0.0,-0.016454870342614836,0.0007181630485260104,-0.005581740127877488,-0.0026896987777704773
2024-04-12,-0.0010889022625305556,-0.0071005247729286625,0.003944249060293004,-0.002289764087606838,0.006278022616720502,0.0026608175425371083,-0.001968491251658322,-0.012954086782185015,-0.011764649963134977,-0.010385631848467525,-0.009598583341218547,0.001947476715389529,-0.0023076350961548364,0.0019138276689154576,0.02053167739742623,-0.0016089947920659986
2024-04-15,0.004360436314707172,0.004909839972527585,0.004297244255661248,0.006272823785379522,0.004753407255932318,0.0,0.004930894773619965,-0.000855856850910719,0.0174089787329752,0.0022919602527984306,0.014537413587715209,0.010204039124382946,0.011333354632483639,0.012894036953982058,-0.011579045103351171,0.004279180162597207
2024-04-16,-0.018089777057977097,-0.013701527905352506,-0.011194003671120889,-0.029496512672858688,-0.017740915728726714,-0.009730339588279069,-0.0024533105136114175,-0.028269605584955504,-0.016356227500692322,-0.0008424555049233451,-0.006079133613667298,-0.013949009981979898,-0.007547140814250675,-0.016030218881746938,-0.015229040824192297,-0.013983649932919118
2024-04-17,0.007000778319697254,0.004199829973447589,0.005660363970627635,0.005013164030993833,0.00722454902026759,0.0031264453674504367,-0.01032959488334273,0.0020569839130417655,0.028396044655974784,0.007588416509633822,0.023154308970988025,0.00829265955917946,-0.007028422152300373,0.00383330870757681,0.0060966854255686265,0.006164415392480027
2024-04-18,0.017563081971185612,0.0011795773974958568,0.004753010219930909,0.020420920588545277,0.01075906205605115,0.01113091305575753,0.017395655035361557,-0.0014662308964967785,-0.008955354634340607,0.01279149854356798,-0.007258649995090516,0.0072569181287214235,-0.011023301416683395,0.0279236428428562,-0.00354719934207548,0.00523083993204021
2024-04-19,0.009349185440570729,0.005569876685572739,-0.0038591731643112803,-0.0004582341855983163,0.002365522702124645,-0.0017614307877664714,-0.006839272322463841,-0.0041116468571625875,-0.00025088338686019007,0.050401352321866044,-0.0021506214120690093,-0.011047056603886607,0.01947664302814478,-0.032273076567462367,-0.0020766183278000394,-0.00010589329023602545
2024-04-22,0.013181368953841144,0.0006391218306776025,0.008747781902869178,0.018187443982857543,0.01268439549623146,0.001764538900912882,-0.00147562233260623,0.02123264055111984,0.00025094634512923264,-0.008877516632315174,-0.00431018776780745,-0.002913969794221094,0.014731164459748092,-0.01823408673315663,0.009215281938952602,0.002237445690465689
2024-04-23,0.011603394863710426,0.014264357290954877,0.0079287970305717,0.021464947956975067,0.01718596771315517,0.012715642665277915,0.008866977342159243,0.011262019142699087,0.013049612649318254,-0.0006801867981236498,0.01948040561433184,0.018022362927472724,0.007712460808218635,0.02223837935032713,0.00014736655772895624,0.008136442023417345
2024-04-24,0.004518534277461406,-0.023194753909062338,-0.0030728423894638146,-0.0047023477299587,-0.019186546945620497,0.0004484968355191743,-0.0004882978234672652,-0.06867518017326324,0.0007504499188681901,-0.0010211178247842012,-0.0008493327503028558,0.005741570911044658,-0.01294324570700589,0.016734435258884073,0.0,-0.0017172834994223507
2024-04-25,0.001730161654596829,-0.013538087974267143,-0.022808554388239477,0.009301591357311123,-0.013138729496851909,-0.012550430497974885,-0.015144153769074742,0.0035260072710558976,-0.02774314472499073,-0.010221472401386711,-0.023799393927016577,-0.012844877999873217,0.044697897961189614,-0.005878241883018331,0.002208790909941083,-0.009294520939343354
2024-04-26,0.005526758867972381,0.008495818324606663,-0.009210168484706238,-0.019748450141507057,0.0014792948883679546,0.008624603393028174,0.008432585822985006,0.03253898724700699,0.01825193500350486,0.015146209089231366,0.023073664923685344,0.005301247249333452,-0.0042567163033049304,0.02814577524768569,0.020863945549668195,0.008930205622465825
2024-04-29,-0.00034356600532392534,-0.004212170669197435,-0.007385656926973461,0.010595517472937521,0.01004430888343344,-0.004500446431259797,-0.00836207193374583,-0.006805783163705392,-0.016410012613714553,0.001951102408163985,-0.02212770823055421,-0.017737328787442386,0.006686270098503977,-0.005981204126596973,-0.0033103892976316107,-0.0028548029437993616
2024-04-30,0.0,-0.002820023496267199,-0.007825682536728329,-0.0016244060172038166,0.007140608622081768,-0.00316450212958419,-0.003968228511456284,-0.016833011486089067,-0.006160130191122826,0.007216488461071036,-0.020452423948409293,-0.0034162864516670277,0.01350187407844139,-0.00439705688555081,-0.009530795175486828,-0.009946464422091905
2024-05-02,0.004123684293374952,-0.01533599892057802,-0.007111291548365983,-0.002366508280856938,-0.017570811085968807,-0.001360595491289196,0.0014940746631568746,0.007176270072632107,-0.009555786239025865,-0.006709802931340936,0.004709438223872819,-0.006855994945980437,-0.012677243885982792,-0.007438434169700026,-0.025367914290790217,-0.008801614026715532
2024-05-03,0.01095145603237091,-0.0024302281666209735,0.004948395028159913,0.002816903092713874,-0.013806097872920198,0.0068119460689175515,0.004475296037886434,0.01781279645253364,0.019556687877972267,0.009617506073774429,0.020089304089792703,0.017751382870772492,-0.006528834413979667,0.013114721172615695,-0.007329912613869616,0.005422845281165323
2024-05-06,0.015572138465873353,0.007086758866438059,0.01503184243848521,0.00872263708692822,0.024817003425457784,0.004059618771848905,0.02418382279089859,-0.005326374212143881,-0.0003835892531117713,0.004762980616160206,-0.004814035350983015,0.0,-0.0030669271991881075,0.01525664397417792,0.013562425044639781,0.004909829679544897
2024-05-07,0.018333290798214108,0.011434838919342605,0.014043129186219527,0.020079056045570365,0.013349876908860914,0.010781632350745252,0.03225807207810227,0.00933304870309537,0.00985028467918303,0.004288931959083309,0.008795022038785127,0.0116279456158217,0.009448475126237366,0.008652093311950493,-0.0028248313494007027,0.009884156059438709
2024-05-08,0.0075286932226910075,0.013914573753780468,0.016744293236785834,0.004885223515489923,0.019607870900864688,0.012444375654117934,-0.003906269811717267,0.003789544183793847,-0.0019002067787466936,0.004832525817247468,0.004795257578894541,0.011015386737848631,0.013060602905825558,0.02212184015526719,0.0023855809238995107,0.006900964284826783
2024-05-09,0.002599049474279802,0.0022515561527312045,0.005695910883362965,0.009579560460668102,0.005108174510195962,0.010535665747961387,0.00784317718971872,0.006493538715224512,0.0013962019751316834,0.01521092616802222,-0.0008676844932261618,0.005684454199579303,0.0010742701905841479,0.014796832875017207,0.016659197416840632,0.006916358296171099
2024-05-10,0.0012961206219879173,-0.001711586552853528,-0.01600589431359556,0.008355681892244338,0.008071818271543796,0.004344044974655459,0.0014590665111133827,-0.0024005943462021007,-0.0007605319726058379,-0.0008813541499224087,-0.003039641285106476,0.0009420172591072529,0.012341784633454145,0.018498419758674167,0.004827896024665934,0.003846005443483458
2024-05-13,0.011003223224156145,-0.003322006905407293,-0.011761776141229197,0.006039382962244932,-0.0008898131058767689,0.001730073765366269,-0.0009712938251166259,0.00015035067251045753,-0.0073566577953086965,0.004631088225906632,-0.004790863432065029,-0.014117620651414753,0.02362813987884138,-0.001068382978310578,0.0010194778901975177,-0.0011995629009509123
2024-05-14,0.0022407780691979795,0.002795464858541985,0.004684735036838639,-0.001535673665467363,-0.008014257323698093,0.000863614221594089,-0.0009723135213302037,0.019097841528367132,0.011883520508467749,0.0029634871779902205,0.00656448460496728,-0.005250638779727423,-0.011002020440854077,-0.0004278642116541942,-0.006254569205502936,0.0020122995804456867
2024-05-15,-0.0009581366127385804,0.0018227193824900123,0.00819164850956211,0.003215790064282631,-0.0014960540537160005,0.006039655627806173,0.012652076092759534,-0.006345021352253788,-0.003662071352636298,-0.00021890169559390937,-0.006086996090939767,0.015834985724981543,-0.012324221259490176,0.012625777708206165,-0.012441721667428407,0.0017251124540391682
2024-05-16,-0.0009591252532226147,-0.009631876954909413,-0.006500032773274489,-0.0019511683308929273,0.005394092926602312,-0.005145849970965122,-0.008169163122668244,0.013513433623786097,-0.003802340043023822,-0.007224113271027122,-0.00131212652575452,-0.01842228265863677,-0.0035335166895400505,-0.015849571099621262,-0.014969464245063846,-0.006250007407187952
2024-05-17,0.013759985414335985,0.0030257252877416985,0.0,0.009775289610225446,0.004172803450601892,-0.0081896558783634,0.010658950392180788,-0.026959735895860537,-0.003562347992239534,-0.013009904285499085,0.005256056761134387,0.003368609706429604,-0.011857317100943288,-0.01589006668564652,0.007372926693275383,-0.0025633827206490434
2024-05-20,0.0015782667667434414,0.016662982825181638,0.012455953929184416,0.008159302280689396,0.0017809725804180943,0.003911347013116018,0.004793906750100829,0.011594659908023441,-0.0052349986234497825,0.002904293535578084,0.00261439611716896,0.01918461570436314,-0.0001121073929868377,0.012437266723851481,0.0007467147989048684,0.0034857332797673113
2024-05-21,-0.00567286215350582,-0.004421024994990863,0.0024853045949502217,0.0005855457005019549,0.004740777257415063,0.000865857398357095,-0.0014313696281295085,-0.007740380726273255,-0.01411883190267027,-0.0030073190625088397,-0.008691821279805945,0.0004706387027861858,0.00942129303709116,-0.0032327797094451327,-0.00895510112151543,-0.0066508012405582795
2024-05-22,-0.00380346170117396,-0.01007246661109873,-0.005826163725876854,-0.01199875096072267,-0.01032140712457974,-0.003460218985951835,-0.0043000419389821465,-0.009450970094710631,-0.021090888005747876,0.013071163526621188,-0.042525263847183914,0.010818424932000026,0.008888889675598088,0.007783861994849595,-0.018524061772095535,-0.00606157837697785
2024-05-23,0.0006364115107617696,-0.005908118922123284,0.005486335328904746,-0.006368482988714619,-0.00536349411122139,-0.004774294414153113,0.005278328538718791,0.007572393560048685,0.0011969190200298296,-0.005403566633572221,0.0018316278417016552,0.013029262091497129,-0.007048441223104218,0.011585476892904456,0.008132373026815687,0.0012629851814203175
2024-05-24,0.0031795482423950805,0.0028615562661151728,-0.013392963144941872,0.0017886318158695236,0.006590657463275695,-0.004361167368046925,-0.006205291358612808,-0.0006012310704818224,-0.0037194546542876905,-0.00798319825665772,-0.003656444339361742,-0.005512119531432269,-0.007098562750427084,0.010392338583456784,0.004414008725834195,-0.0009083637929193644
2024-05-27,0.005071305314067853,0.007901604745369495,0.002136851572200671,-0.0022317510563150122,0.002678554715530579,0.011388543999314438,0.008645596015730117,0.0022560203944697044,0.008266676849906673,0.00447080143682399,0.009174257394279461,0.010161600230280676,0.0037980834382473905,-0.0023090255578577246,0.006213224332436651,0.00463497931869461
2024-05-28,0.0040997353012393045,-0.011650695871469607,-0.0062711281374076,0.010885778489579945,-0.009498321615257543,-0.008228671039827162,-0.016190502696829867,-0.006152588052539376,-0.014281939989306824,-0.008234134749287692,-0.00909085554557032,-0.00785215583972032,-0.01424443465829317,-0.006192570295457611,-0.003915709124330036,-0.009184201583396057
2024-05-29,-0.008742485294287894,-0.013110062537019074,-0.010854506058002422,-0.012686297303907135,-0.009889100113386728,-0.011790333157548294,-0.016456948973568086,-0.023101307308650898,-0.028441003806904952,-0.012004962368104333,-0.014678880415734175,-0.010242081982201445,-0.009821633870186086,-0.022990934083502057,-0.0077109163455343355,-0.015236171474479976
2024-05-30,0.00610583840258383,0.007032895011662932,0.015056842950440075,0.01284930743821766,0.0012106934390050395,0.01193100366567057,0.006397680035126196,-0.008964527968563507,0.014084427294382529,0.009993251693621641,0.01070758856168097,0.0056444005856484125,0.009805081692667361,0.005718010198312751,-0.004875912076699573,0.005479498079526524
2024-05-31,0.006405926576012133,0.0002217057611297868,-0.0201131760658958,-0.0013277920311050018,-0.000906967632596567,-0.00043667366200617064,0.003912000272914273,-0.010604992819069015,0.0006807525025278593,0.01664039955907315,0.0023032159855540524,0.0014032161234309726,0.01343574027784844,-0.005248216967604469,0.026029816131504457,0.001799878922799758
2024-06-03,-0.003350108676154928,0.012412675955919106,-0.0038486796205584595,0.005317609497951237,0.0027231905116478217,0.003931924209181981,-0.0004871417165556169,0.015605308841042831,0.004218309287284949,-0.006303938822647126,-0.0027573706241428297,0.006071890561534676,0.0038992096155952005,-0.003956861259295286,-0.016266238885130346,0.0006443120266244051
2024-06-04,-0.010420163670389337,-0.0024083289969507593,-0.017385664370331066,-0.018072201831585755,-0.011466548034310686,-0.01218451195956649,0.00048737913926610865,0.00046557144751435686,-0.0040651035444854156,0.006343930572873635,-0.0032258271959820783,-0.01903431205182149,0.0017756255329770543,-0.009490216507369809,-0.024120126815020404,-0.00751687505666232
2024-06-05,-0.01324732607395629,0.01327773988736003,0.003800705577561514,-0.008977952049450066,0.01068378925540081,0.0026431258314352224,0.01412559949731751,0.002947606461794816,0.023945589745257845,0.007741665993161506,0.0249653717951126,0.0033127875219580716,0.004652722382623153,0.01849376616879006,0.006062529222639945,0.008650892896082452
2024-06-06,0.00550777257235735,0.004440176141512708,0.002219610414129436,0.009361272644728302,0.009060730710080067,-0.0008788645488121416,-0.001921202191098259,0.008352745954480767,0.013420251248320358,0.001207155970948337,-0.0031574401658850393,-0.005188713750571949,0.0035285392371033897,0.0008750855478356634,0.003862613765907019,0.0041903453920135725
2024-06-07,0.0023964993448650773,0.009595677956468984,-0.02292851215722147,-0.007180212777515571,-0.006884196498214923,-0.025945387056903746,0.004812362692968364,0.006596038925809289,-0.00026227997142136417,-0.0017537523775479347,-0.004072424363825378,-0.010905602310435691,0.001318440256469211,-0.008305976302086404,-0.0004615778610163046,-0.004766136816548583
2024-06-10,-0.03586071298772264,-0.012537452602613741,-0.0035999489822725605,-0.047611932868332985,-0.025617788904826355,-0.05372457035089062,-0.004789314773228859,-0.0004571284398987574,-0.02124594904443733,-0.006149155819941465,-0.02816896943534808,-0.0014381216375279893,-0.009437021521261912,0.005289791636781782,0.00415756406586798,-0.01347444660582342
2024-06-11,-0.03896564204956121,-0.013204900664809394,-0.006423220896135895,-0.038917834547961605,-0.01639349764371456,-0.03864507742698453,-0.008662163320566019,-0.026223637942075606,-0.012997452951624355,-0.0025411893683495723,-0.004207717091546881,-0.005280879823647555,-0.004209580753781972,-0.009646977890994335,-0.017021868880120916,-0.013272141529427683
2024-06-12,0.015849611369070038,0.020012106531862583,0.00579126307038802,0.01761312952359817,0.014150980951936898,0.02332506846352289,0.013106778032775379,-0.007985000372497497,-0.0016290120877989755,0.008750628260294047,0.012206652741565627,0.004826253029114991,-0.006563571830748294,0.04759794679083762,-0.002496114231577362,0.009691641996246059
2024-06-13,-0.02503619085469555,-0.0351022469601846,-0.023835110061844245,-0.02944035535528655,-0.04031005839249879,-0.026188114218945735,-0.01149974476045812,-0.007102206568972647,-0.005303249503469054,-0.009772748440927015,0.005565898733837837,-0.02593658981207636,-0.015341526993623344,-0.02937452366679716,-0.025492550686589843,-0.019921951490869838
2024-06-14,-0.02977304925389579,-0.024497796084047674,-0.013580128644213763,-0.026500005387787073,-0.049111519745091314,-0.022510013669682194,-0.025690731293232738,-0.0383086547568382,-0.02747776109802036,-0.02317579744712739,-0.025830194682193164,-0.030325527361356075,-0.017059048454875825,-0.036795069424984894,-0.01428349841322607,-0.026563241854741793
2024-06-17,-0.003835855219402884,0.006906177564909299,0.01376708746301758,0.01249786618203097,0.018688394415030007,0.0016304136491822607,0.02587058513922047,0.007107368718344498,0.00843402629029022,0.014644049517656521,0.006155106271065414,0.016526878295643366,0.014346807473146539,0.00858954613431484,0.00944318906238939,0.009102671836374476
2024-06-18,0.004620719413171992,0.011722040007655421,0.01591219872750793,0.005410905691708878,0.018345612647670206,0.02238041478420283,0.0029098676338408236,0.019858963648837324,-0.010175650843572748,-0.011971383922683376,-0.002823430686987094,0.014006998636152401,0.009581504571605226,0.02017033763065834,0.013870884035474651,0.0075585356534244585
2024-06-19,-0.006515845895613603,-0.00542330103853661,-0.0012151423015633878,-0.012613537369806527,-0.0019653115275457544,-0.0009950076195425206,-0.013056074572983856,-0.006758914949328898,-0.00436563210516816,-0.011097237853483821,0.0037752725586146507,-0.009373417038305076,-0.01909399459995831,-0.007249589328477857,-0.004672056965765892,-0.007681366777903098
2024-06-20,0.01736108272624648,0.018093884216890288,0.005542729142130387,0.023846076671767857,0.01542503590821731,0.019920219735104938,0.02302792015494859,0.02446521597663387,0.009335257098344929,0.013741000544420068,0.02021639967688249,0.012948125349029782,0.014858346151849,0.014383701816843342,0.008578920767349896,0.013360234317201458
2024-06-21,-0.012135061374149658,-0.008642661154927622,-0.0012099144407726747,-0.012976239898576436,-0.012281881025305252,-0.005859354518334414,0.00047882752965011655,0.012494189835452474,0.005184934120192164,-0.004518271660364226,-0.004147492109119799,-0.004424739485914042,-0.005561156539753753,-0.011780084044029637,-0.008666342859684262,-0.005575299804517986
2024-06-24,0.01996165266607064,0.011542121811404016,0.0013460254283945705,0.032698501902739485,0.011125657849791137,0.010805557653970066,0.0,0.012808465737983443,0.012825950886960369,0.0032905972178700615,0.00786666385302559,0.017283982791457042,0.03127136073137238,0.002869700011219445,0.011979800369615212,0.010266709790261563
2024-06-25,-0.010914508791127098,0.010682303183949582,-0.09409865003794693,-0.01158804853033657,-0.004530730404698313,-0.013605447091622813,-0.007180459709721032,0.002930136619837098,0.014177557027864829,-0.012666829527744117,0.014233219915615658,-0.03276699674565253,0.005644119601703856,-0.0030816765315965222,0.005919160281541158,-0.005785774967623225
2024-06-26,-0.012176619358888141,-0.010208953274689625,-0.02819415175031903,-0.005118901105589768,-0.0032509839148611164,-0.0034482160887505664,-0.004821569487657218,0.00415196898344683,-0.013300828720365088,0.0025200978228459014,-0.0036214590995548024,-0.012045164954217369,-0.0008804312324827146,0.003312002805170744,-0.013358796776618997,-0.006936546950464528
2024-06-27,-0.0038520304213163215,-0.008130126507693847,-0.002595754894693214,-0.0038174691597477883,-0.009458511365844524,-0.022244294852153845,-0.016472820908331465,0.046707540506354395,-0.01581841729053368,-0.03370660388176283,-0.012721685546063899,0.004826027452347059,-0.010243374233484093,-0.003961215217503811,0.0,-0.010307286425759954
2024-06-28,-0.014694570680301111,-0.013457308179198546,-0.018218059146248966,-0.008163904259172239,0.006585397079971855,-0.005257812113063198,-0.008867059028829227,-0.009509899446332293,-0.002655456346494778,-0.03027083093455163,-0.015186135257817202,-0.0020223219154538175,0.0008902383849729301,-0.00883786107837825,0.004674315493079062,-0.00681479473886748
2024-07-01,0.02825755637294103,0.008308482048564603,0.026352794957645642,0.03594818257624732,0.022571181533995066,0.02561500589962007,0.0029821804259611007,-0.007385507138156666,-0.002242169512718162,0.005365234429609567,-0.017757123069855774,0.023809633620796022,0.021236367037214876,0.00468124929710978,0.02053593587759206,0.010927344644740655
2024-07-02,-0.00992372188134294,0.001598906794403554,0.0018231215411343982,-0.00713468602180467,-0.003838833035896605,0.004459701980308983,-0.008919786758502912,-0.01979157312219515,-0.003370767900515048,-0.01600973155323493,0.0,-0.006927337174592041,-0.015351037895246056,-0.0033281695067711725,0.0062882808823283565,-0.003020691894463856
2024-07-03,0.022359331486824674,0.008104032828499808,0.030027275068043036,0.02449775653156494,0.017019968457306023,0.014307018900795887,0.007000016433237111,0.003795297235127615,0.007328061178451417,-0.0004929624931830912,0.007136107423223237,0.012456436723918607,-0.002321988172868217,0.020480867847097572,0.012810568329029604,0.012441818844391994
2024-07-04,0.02262444829427368,0.0073081894708642015,0.001914084812334238,0.018970209108658542,0.012946064904744148,0.004863809165055244,0.011916644683480415,0.015880227629051724,0.006994983776128061,0.006289291307350453,0.0023617303629959174,0.00738184899115546,0.008533683672209191,0.005890075906910708,0.014807868010015879,0.008346310098845233
2024-07-05,0.0047934255582249286,-0.011729060404506164,0.0013225771199762981,-0.004067572006303477,-0.003740770686077921,0.018392950742920355,-0.007360222635400482,-0.0023820100665323807,-0.004723537310344472,0.005024447136042998,-0.002827422368308241,-0.010747431625345083,-0.0006592926031956381,-0.012144919236664498,-0.006535900014262741,-0.0026195744332022652
2024-07-08,-0.0047705582424187876,0.0018351996074161825,-0.004402883999205298,-0.01759345169269433,0.0015644597596593535,0.00427757116748384,-0.009392030464765111,-0.027906168388505903,-0.028894444152386622,-0.011218065898417784,-0.01276006591569201,0.015308674826832958,0.012755637858972158,0.0046103368828451785,-0.010403949736484619,-0.006275704260967352
2024-07-09,-0.012905624997182952,-0.018075170231345417,-0.028301796194556417,-0.023504971908677397,-0.011871271748356893,-0.024136272977535178,-0.01596799129848525,-0.011667342973921024,-0.012649180735770038,-0.013318620949253734,-0.013403392527216673,-0.017509721055668948,-0.0007600456753894536,-0.016171325555826677,-0.02257260939585992,-0.015574017007086272
2024-07-10,0.0041090164557018305,0.008084632503794875,0.011074058242834361,0.009006046767839893,0.010749291783262782,0.0077594827930165255,-0.0027890558821391798,0.00947501899018266,0.01557716026989775,0.008373949800105196,0.012130051974191591,0.013861380844215399,0.016516389806706444,0.012216841431201386,-0.0028473326466762483,0.00864197434524816
2024-07-11,0.004836375987132158,0.008266452194723106,-0.010052468236243395,0.006491384235209674,0.003127940733172352,0.004331171523900945,0.017035305336440487,0.019695388058290852,0.01777534338145781,0.005205823707667312,0.014860954354189548,-0.0024414430033478096,0.0027791732300226357,0.009216558132242092,-0.003489810029963736,0.007074632042670004
2024-07-12,0.005183243506236446,0.016275134202093255,0.010609116248960104,0.006772071679090885,0.005612749542384554,0.013416311830657612,0.017000028835680192,0.023690951291057916,0.020845072825277366,0.017509246273810453,0.025035471862285164,0.0024474182354752294,0.006289387746091224,0.02152636948006803,0.010824546186039896,0.01274266242997446
2024-07-15,0.004051580469085714,-0.017700262095179053,-0.0026993229798418783,0.004804618156639684,-0.0021705358543101516,-0.0033096352793012818,-0.018682398988536186,-0.052771284906647065,-0.02649009273978198,-0.01526908692343698,-0.025806387898055116,-0.01757811837777512,-0.02086866903306339,-0.012771377471673562,-0.003464529494927926,-0.011859926228587447
2024-07-16,0.004768807922835627,-0.0028193627596586612,0.0,-0.002709674207413304,-0.005593563446285366,-0.000948828466828977,-0.004509011848884414,-0.030967918814211903,-0.019132681114471417,-0.015505770577853073,-0.02317889654983807,0.00795228323282915,-0.005517717676103873,-0.000431222086608507,-0.015486715062013379,-0.006901896711764888
2024-07-17,0.0018255718264175158,0.012415580487557198,-0.006917378967074894,0.007351779801818781,-0.0006249890895354548,0.0014244767289575133,-0.044539484412292274,0.008671891958100142,-0.0027452376943977175,0.008874999650456017,0.0,-0.0009861929186921747,0.0010878810107397552,-0.01682484964374975,0.00850717994846839,-0.0012163179860525952
2024-07-18,0.014212799657499442,0.0025497393915121513,-0.00908536187034159,0.009836673558996756,0.008442786343179742,0.007112487405998236,0.015011789588007751,0.011622375953574515,0.00014486950365322215,0.006566820950631103,0.0009684085812946552,-0.01702867847651135,0.002608198334911549,-0.031154003883413717,0.015438500718044867,0.002079004224374126
2024-07-19,-0.002515260714969214,-0.012716555960117226,0.007029305883133441,-0.009426628396513426,-0.009612390871163279,-0.0061206540105325224,0.0007784512215753825,-0.008341232208634919,-0.01521083090411246,-0.004308269354493133,-0.002418799740777855,-0.0072809222434354615,0.0010838718589603058,0.009510837354248736,-0.016771182347891544,-0.006858161680307173
2024-07-22,0.005763643497548987,0.01324839230241115,0.005766360929417402,0.023473454080753742,0.008453296554139733,0.014211341526098042,0.020482278808165777,0.01222020355105169,0.01809359706206992,0.012115181377413187,0.01115416979818007,0.01618613493196519,0.012342968204511084,0.016599439006054206,0.006535950345307517,0.011613214879405698
2024-07-23,0.005730687253385769,0.006537489649860229,-0.0027157329829907706,0.002479539343852366,0.006830182638528637,-0.006071977911831117,0.001270257755583426,-0.01254308838181084,-0.0007224501615578083,-0.011359451390847597,-0.0014389179652424255,0.023394754061442313,-0.0075935691112333226,0.012356487495244872,-0.01599617766774475,-0.003068758237162017
2024-07-24,-0.003917393568465433,-0.004089438149723512,-0.012102839064507376,-0.009429667339424741,-0.009867358536312154,-0.008458577811501722,-0.007358462940462829,-0.045411136868230395,-0.04655866106154727,-0.015937739080097546,-0.020653173248175616,-0.024805475688711276,0.008406066501177367,-0.014603236897029248,0.005311589598782529,-0.011173054044359643
2024-07-25,-0.008223113805788551,-0.0047101208315679655,-0.01255741596755211,0.007490593517438082,0.004048606051344272,-0.009952668529692899,-0.01405935069474451,-0.0746840476253291,-0.01031241177473996,-0.01481479401007657,-0.015693947072601966,-0.004987529444740679,0.04189380957367006,-0.04423803932112891,-0.00784508185125743,-0.011540201892122126
2024-07-26,0.0010815082651838281,0.015168049411445672,0.015043263359594494,-0.0015489270141221256,0.007444100685610966,0.03446628753202097,0.07389164422803685,0.021750973593588352,0.01608944736296447,0.016439331840478077,0.03388150963758685,0.019548826702222133,-0.006872543382756446,0.016200018937047922,0.002581810688692343,0.012206801114253985
2024-07-29,0.0010802665009532753,-0.01087739780953656,-0.0051946828579532145,-0.008532412205011108,-0.007697064715724844,-0.023137493540130727,0.0024143141912671418,-0.0042224794529198695,-0.012667702885029053,-0.015546585843690064,-0.023614608134914672,-0.017699033808472153,-0.010741567498473548,-0.00523807829214229,-0.006277080501388421,-0.009822223119990148
2024-07-30,0.0017985745961033306,0.01268880048543175,0.025802455102947208,0.005163465057321126,0.014272417679834781,0.010421655669729857,0.02215793981455061,0.015547778372845045,-0.0035130558990124072,-0.0007641810548785211,0.0009871732663737642,0.026026015975849415,-0.0040717840195553245,-0.010531035981205417,0.005506948029060599,0.0041779643717565484
2024-07-31,0.007540363451209897,0.007040558491966387,0.04776169790398055,-0.012141865644720307,-0.006117972307400632,-0.00984542732540783,-0.0023562888115149505,-0.01009044184449126,0.000919676048922291,0.02128473154759747,-0.002465437853136798,-0.009268251558333107,-0.0006290343833719181,0.031235518829412,0.006443191786277058,0.00756531736870536
2024-08-01,-0.004276480641658753,-0.01706368138984049,-0.04315523985824277,-0.03151597497997283,-0.020929582733108076,-0.023674147906205145,-0.003306537045415281,-0.02601059232177172,-0.016845299808833647,-0.031948060448384163,-0.006426079819084052,-0.04825214837887015,-0.003146984470626335,-0.0410590320251738,-0.009122906733074587,-0.021382227693463096
2024-08-02,-0.05619186301524293,-0.014587013239939162,-0.015083704689055066,-0.029287377904365086,0.01414640564939007,-0.008244360334197065,-0.012322282472688406,-0.016961459189923755,-0.01791285240478191,-0.017532585252222788,-0.02462696244692897,-0.011122623307719737,0.011785787149394933,-0.04773043602204996,-0.012437342872482215,-0.016098119854396353
2024-08-05,-0.017064818992017727,-0.00293613132842907,-0.010614003818195772,-0.017767305466991012,-0.026658310944965624,-0.012225049682516476,-0.00431861215235585,-0.02588093923549084,-0.00983337787435945,0.010234985054648593,-0.0038255161942869487,-0.012293945176904408,-0.019760813393522092,-0.00859954273163277,-0.026823692498259,-0.014177110935418402
2024-08-06,-0.00771610663765665,-0.010429416632709132,0.019463513378011,-0.0131398859673858,-0.0028662879548776443,-0.003960245912599802,-0.0024096601581237165,-0.025814957894100155,-0.003844284062722303,0.000779286649637223,0.0035842527143783443,0.0031778830715243345,-0.009336837503261197,0.004708816869053001,-0.004537849518429171,-0.002650751321687461
2024-08-07,0.020995348784153434,0.014135138588976526,0.022098598247935364,0.02818601401525589,0.022995832352748824,0.030814983486122882,0.012560469399518048,0.0058026326323450395,0.015275698714786623,0.014925328596035126,0.021428583234302856,0.016895535311796772,0.020134957620358884,0.03280708156325152,0.028532923648921793,0.01906998078798705
2024-08-08,0.0011424614959441026,-0.005135112319246238,-0.0111779747995423,-0.0006727408215146946,0.003434314677527972,-0.008196738940042025,-0.00572525661768053,-0.0032692230222566288,0.0030091525475886005,-0.012787727646607183,0.0004995037325239426,-0.005451771300894137,0.003989405517112354,-0.0007165063338135935,-0.00016426104204414482,-0.0025543002158219252
2024-08-09,-0.0011411577671344153,0.00528446119857362,-0.0007438057256022867,-0.0028609319437055136,0.014312321230403935,0.005833718034097046,0.00047982099775523146,-0.017750356401890044,0.004263408519405987,-0.008419643398319354,0.0064901821811853555,0.0052205672546494775,0.0064833765033678326,0.005975167360372735,0.007223833103830346,0.003071392700207509
2024-08-12,0.0057121523066820945,-0.007946169991638885,-0.004465564981663617,0.0,-0.007668670816323275,-0.007733071071544417,-0.00575531362529591,-0.018463912456565534,-0.0014151360740571883,-0.015937358472615126,-0.0049602881526993325,-0.0018177291016248098,-0.00602600380155871,0.003801393150362431,0.006031079135070616,-0.002619091980946786
2024-08-13,0.0022717910026337496,0.0025877576990529505,0.004336032285739977,0.0003375625968171647,0.0012365166146166562,0.005845083598045253,0.00627107083990186,0.008805325242389639,-0.001417141522147225,0.0003982709365908388,0.01445666228013831,0.0044225353808851064,0.014947235574031215,0.0158579776019816,-0.0061569869611408645,0.0034755678556641634
2024-08-14,0.005289061468107592,0.005162252447767024,0.002382091835974265,0.008098485150062062,0.010188368938465642,0.0024211854688551693,0.0071907858056246,-0.003570836721027759,0.015767942925931422,0.009952232286534857,0.020638954584895508,0.004402982748243245,0.005046359055550731,0.016076412867412904,0.001956331640267317,0.007901425557053976
2024-08-15,0.012025536607250586,0.009537735873247355,0.016782990517522522,0.012050210110515547,0.010696787825485776,0.010144992077367299,0.010947103744057385,0.01811668408623257,0.018317322287180415,0.009591422936886529,0.01973989519790642,0.005673065092942631,0.0036888785392970025,0.014904826562581519,0.016596111134676406,0.012274081128479608
2024-08-16,0.00334203783355691,0.004602834758439034,0.005112398017802722,0.010749168276977583,0.008769276004426452,0.009086641254726135,-0.000941569688638122,-0.0046929885910209634,0.003201057511618366,0.0029931914033978213,0.0014164397606017953,0.010256406198316359,0.006329813905731951,0.002711192352594427,-0.0024007117134507983,0.003546917061839183
2024-08-19,0.003700989710491598,-0.0028937440086286292,0.006539847809982291,0.003926678824172525,0.0023980396453560093,0.004739332411111352,-0.002827517350342812,0.02554033895207697,0.024920442199309445,0.0009082912843787483,0.015087203011260764,-0.0025381092366872915,-0.002333466373348303,0.008337122626954852,0.009465748630922866,0.004626995135212253
2024-08-20,-0.002212465836372357,-0.0010882797957212365,-0.0002888478572490305,-0.007333708505168346,0.0011962114941823643,-0.006132202690604105,-0.003780664321963889,-0.009578520870582974,0.004892438829783963,-0.0015556232586744212,0.008360365757466015,-0.005089056725804175,0.001728759476769648,0.002905039629733208,-0.015098471464340069,0.00020844777844897244
2024-08-21,0.0036955191021490474,0.002057837377257732,0.004477287910301442,0.00443269212278552,-0.0002986505568218778,0.002373001306032796,0.009487603514868548,0.00038684624969986814,0.0014753843403196854,0.014022342253490638,0.011054770994951113,0.0053709012799518785,0.004161980207306959,0.005570363126430555,0.002581810688692343,0.005208608175385709
2024-08-22,0.0014727800127405377,-0.0033824352989976214,-0.0015815820458394692,-0.0016344316236238665,0.003585237524237339,0.0028409384240930535,0.005639090075655995,0.004640237711537543,-0.001178512869358661,0.004481403444783982,0.0018224489886276007,-0.002289551705414783,0.0009099208916387713,0.0008864008203044449,-0.008208469028878174,-8.111285802969714e-05
2024-08-23,0.008455825210174517,0.005575751117042449,0.01382486686571971,0.005566426225830368,0.010717468012614084,0.008970806463879155,0.004205601789429192,0.0007698819692685266,0.004572230353319773,0.0054811745177070215,-0.0018191337102372307,0.005099515944938293,0.013432864879232786,0.004649053157237182,0.008763249018914676,0.007034742546697448
2024-08-26,-0.0014582831343645797,0.0015670123399647018,0.0024147719898637288,0.0004884545035661603,0.0,-0.0009357979233094449,-0.0023266844782255935,0.0003846144732067014,0.001321430853886918,0.0022819227929236074,-0.001366638069214443,-0.0025368214112333476,0.004783783861022739,-0.003966452632069628,0.011261244170078566,0.001759272493780939
2024-08-27,0.0018255718264175158,-0.003971505142308374,-0.0019838385999082497,0.008787615299703955,0.0029455159452995705,-0.0009368292196004768,-0.004664148818329439,-0.002498911437177065,-0.017888617382997962,-0.007715611381813869,-0.02691600544265693,-0.0005086860437771845,-0.0009918470864747064,-0.0015487474692130743,-0.002227074349912428,-0.003239674963354977
2024-08-28,0.0025510096115970438,0.010149757083587785,0.0,-0.0017745315509637427,0.007635873545420724,0.006563489130777311,0.006560465178789832,-0.011755790244864062,-0.005374709030040448,-0.0021669796563565935,-0.005157205753396732,0.0053435684586695675,0.002581410192888711,0.005761157898157121,-0.004942664168978483,0.0015715679092429546
2024-08-29,0.0032715026516110246,0.012799014035464573,-0.0021298067583912506,0.00371691220495296,-0.00029154296979094774,0.002328790607829312,0.002793292258902458,0.007605348019409153,0.016811706407281024,0.01826773676251725,0.01790775207180295,0.005315088391220746,0.004555393586005652,0.015201579195703419,0.004806943506806771,0.008350888081681163
2024-08-30,0.025724593255646022,-0.0036611912534652014,-0.0123790185008118,0.00756723763482503,0.0029155769184352476,0.005111666177015417,-0.0055710230223224855,0.002515899563117596,-0.00457628056231818,-0.004892709644344628,0.004166693585527792,-0.003272967374908564,-0.0023659936411613014,-0.0030381393171430293,-0.008292121665064989,-0.0013087377543874457
2024-09-02,-0.0007063686891912724,0.0011853544509023983,-0.013686844915085095,-0.0023969347894061688,0.007267402126001743,0.0013868620218935312,0.004668503534833723,-0.00830107806541347,-0.001631327932933413,-0.003151791125503789,-0.0027662695261945203,-0.003788853797670244,0.036166049017784196,0.0039181697463765985,0.004663041481944408,0.00202723463874821
2024-09-03,-0.009544050335627219,0.002723225349334557,-0.017382524632399865,-0.012013469449897562,-0.00028868222999078874,-0.0032318602092514803,0.001394050169957195,-0.010512008258499295,-0.0034165148512365073,0.005438195723333816,0.0004623238333638646,-0.014198778517240385,-0.008010704639829114,-0.016261922680830265,-0.03153004371229906,-0.009327217828400625
2024-09-04,0.0014275042075453381,-0.006021981033212942,-0.007135298313908689,0.0038910280717465717,-0.003752908538922628,-0.0032421859576642342,-0.008352656996837626,-0.022230913454369228,-0.04218208242226429,-0.015220049253313439,-0.038354972941277765,-0.004629588471146917,0.01480481286022739,-0.00969807686579749,-0.005618889390795689,-0.009785993829366846
2024-09-05,0.012473292417406245,-0.031242543977729853,-0.013774450407815109,0.02729326561218448,0.006085290726787873,0.020910803321377625,-0.02573702801743505,-0.014285743347399071,-0.036414558401655195,-0.009963062170438186,-0.0641517897530457,-0.004392823091201037,-0.006062888575114278,-0.020476309434014794,0.006481762304677785,-0.009200177034390133
2024-09-06,-0.005279798785033818,-0.004537173104963599,-0.025808522333006345,-0.022480739313619935,-0.006624452867141084,-0.006827524344349745,0.002881914980120026,-0.03551743228088933,-0.011627943701162824,-0.01225642306333996,-0.019512193249443643,-0.0015571075189954042,-0.003621796280678047,-0.023176573447058813,-0.011558904380907564,-0.010718593300918622
2024-09-09,0.010261800789735265,0.02365118074603756,0.01106436507798958,0.00627209403272988,0.012177405033998667,0.006416172655796304,0.012931016240710358,-0.025185191426271625,0.00686270689808377,0.0019591994959877734,-0.002618503429697938,0.008838011793909972,0.011670187259257059,0.0202373463743164,0.018376222772028106,0.009923420273338701
2024-09-10,-0.008055988215351029,0.0167267644961695,0.005240442688459579,-0.006233000070183681,0.0014323157697944122,0.0004553655269410317,-0.005673750963351765,-0.004342220568287036,-0.006166760733758103,-0.01825051140283318,-0.004463077162822793,0.010821909257070494,-0.0017019179923617456,0.0027359181350852246,-0.017880615530529442,-0.0023850964809996045
2024-09-11,0.002118573496723064,0.0008285174740154666,-0.001686523574784382,0.006915474021296442,0.00972540295668245,0.000455158263559019,-0.00475515423068229,0.002180613286205002,-0.008817819824951889,-0.023502821931148277,0.004219370740920825,0.0002548872065109009,-0.009660970506027544,0.0006821309865259195,0.005345022383714593,-0.0014471352667404513
2024-09-12,0.0059901501626027365,0.003547836597633136,0.0024572139766994017,0.013735823277354342,0.008498491975341471,-0.01637846827938705,-0.002388862807677694,-0.007615368089987973,-0.00032945282251173325,-0.006799022641551633,0.00630256183904554,0.03160039780585455,-0.016832382067663354,0.027948164866467007,0.011961976429125443,0.005169747809516068
2024-09-13,-0.002802079754761322,0.0029460630396536125,-0.0003062619180894677,-0.0015755934619617884,0.013483250330423635,0.012950975917513263,0.0,0.004165743312764203,0.002142357008559692,0.0039703464879616845,0.0,0.00444667707998514,0.005836537585365065,0.004420884400739622,0.0026268798308441976,0.004059165077769933
2024-09-16,0.0017562477542376609,-0.004112318192536546,-0.008275927653043968,-0.001262397649230751,0.0030487550183715406,0.0009131507283328677,-0.00335253519092793,-0.015065466847004605,-0.007400109466803695,-0.002045497359318693,-0.010438415533333023,0.0,-0.0007737407011875197,-0.00022007131021462012,0.0024562087821602407,-0.00211782038026187
2024-09-17,0.00736322304727155,0.003657303354313468,0.0023180698826856805,0.018328201518277965,-0.0011052584003746757,0.009124156219229018,-0.01249400104088727,0.01817781438276822,0.006792557659452081,0.006695840797050767,0.01582275527991417,-0.003935069979106309,-0.004064975777980595,0.014087664144441181,0.002940283758709139,0.005098367228608014
2024-09-18,0.0024364674292949307,-0.01375331012234382,-0.007708866212854826,-0.004654647025640446,-0.004426036563355384,-0.0022603586639887707,-0.0034062962616215886,-0.011539339940895177,-0.019417506971527665,-0.006922829580908618,-0.008826576001929376,-0.007901231858497448,0.0005830478602406597,-0.00499242272725986,-0.0027688241078522857,-0.005678861340075891
2024-09-19,0.0,0.019427812239441122,0.03666863975814305,0.015900239815435535,0.006668514348042498,0.0022654794601144612,0.017089845265448433,0.026431725113009508,0.030374251275134823,0.036085358640083776,0.04347828073362092,0.040318590919701025,0.011266566990467242,0.0401395732414227,0.023191226316318758,0.022902961240965913
2024-09-20,0.004166740358147569,-0.01952531207627206,-0.019484334689459537,-0.005984394423747097,0.0005520745390477089,-0.006781225363098997,-0.023523780738449962,-0.03326179144460262,-0.035993406744925016,-0.022427462912882,-0.031124573413956247,0.005741624674677537,-0.0055705228266353934,-0.017617455677010563,-0.010534602790122194,-0.015120707652298337
2024-09-23,-0.04460587263619087,0.017171525018356393,0.016050139958099896,-0.03658539825776119,-0.0030345682691386155,-0.0050067408991466555,0.0,-0.01487239871011814,0.005406252857666827,-0.007287454825017359,0.0023316859778441668,0.005708846620059882,-0.003863241690360786,0.017719969212882436,0.0020971080535485687,0.0010426722199465832
2024-09-24,0.010133944092932445,0.012895666744576761,0.014893985396886356,0.006569517720308671,0.0005534494009136193,0.005946831671615138,0.012291009844820344,0.03177099340659262,0.0319273719416977,0.04214244718889004,0.03851129803389708,0.014664174948185282,0.005235606542002058,0.006922555176595013,0.009336727208430151,0.012776859929809925
2024-09-25,-0.010390487144604554,-0.00462964752491124,-0.010524876466816657,-0.008118403396259022,-0.018252171756929503,-0.009549705475495718,0.00048572220665299426,0.0,0.0055365613779028156,-0.0032611541588611903,0.011448430926293218,-0.00606063963211001,-0.011959900877710927,0.004791621173793281,-0.01938300667503079,-0.005048605883049451
2024-09-26,0.013396011964284193,0.012790702189952707,0.0062921124169803555,0.014925336931636668,0.007887299197753217,0.007805266260219268,0.012621366895186004,0.09609090673233345,0.09878542667292445,0.06962444248015176,0.09104334139629655,0.013602282673434107,-0.001171409794214484,0.0140991656518632,-0.023225171227422514,0.023325216417038774
2024-09-27,-0.002500882773694979,0.011366160486448118,-0.0038705591711896137,0.0009487943168999813,-0.006987218180065979,0.007744891173903756,0.02301051457799841,0.06335921323357385,0.03669872338724267,-0.00660712581777434,0.006765830812191842,-0.012494246437146805,0.006450348748398893,-0.017174407170294947,-0.0025294187196762685,0.006419480568624625
2024-09-30,-0.016833761542229375,-0.01657390951829152,-0.019429239844965585,-0.027646206762075187,-0.02814519235924462,-0.051085002032941085,-0.003748774975427027,-0.03747414994064502,-0.021182901536978327,-0.009607118518078606,-0.01164882095014852,-0.010777841860292958,-0.0007768190331878255,-0.017266490931596157,-0.010989031076168554,-0.020026211984694897
2024-10-01,-0.004371587457467241,-0.013390261181592034,-0.01889952458744326,-0.006661241307676535,-0.003185609253734567,-0.00571690910692213,-0.005644467597744396,-0.028615916554910692,-0.03558460547632092,-0.02599178741404007,-0.026745189559700955,-0.003315999213762466,0.009912510309001421,-0.0014817352716716137,0.013846245055242568,-0.008077814986248932
2024-10-02,-0.005122554320254991,0.0003510335224745642,-0.010874714967025856,-0.002944011593118412,0.0005809890030084031,0.005749780077007216,0.003311302716341835,-0.02424850196803885,0.0066265326374403966,0.006894795789508468,0.003260384488829038,-0.0028517099808821333,-0.016743654846652856,0.004027933945834894,0.022424442784267917,0.0004647461157532007
2024-10-03,-0.008826779951019548,-0.021403532358148403,-0.006125303109664415,-0.014271657068116284,-0.01509869327706681,-0.027632199587783735,-0.0198020257907654,-0.022181157660705053,-0.011071216112256477,-0.011666241018944645,-0.007892228850110872,-0.012869357920002766,-0.0191818150565356,-0.015202697938219378,0.014511974226902646,-0.013171742025081201
2024-10-04,0.010018521261121016,0.0015537150712310321,0.0022123814639825046,0.012814067191969203,0.013266485717139398,0.027927488429818403,0.010101071112635251,-0.006301248536609294,0.0013616135124894235,0.009366220040752937,0.0004679487194436671,0.004345687666477582,0.014967093916420149,0.00664661518717069,0.018367891988186003,0.008502534168124187
2024-10-07,0.012490773779472386,0.00023865514535392762,0.004415057912518616,0.015609638457142694,0.002618604851300166,0.0038131680721649186,0.011428481574141669,0.045656403081413055,0.02704322426866934,0.0030506588999839046,0.011225399747008646,-0.02163464445309138,-0.008454617169904255,0.00575088810111235,0.010055843969039246,0.004596008793952278
2024-10-08,0.005805543887445586,0.007516075032694802,-0.008320336899495073,0.0014560496734568051,-0.002901922980260818,0.002848875013247154,0.0032957858698272613,-0.044471416610776915,-0.03574565827723808,-0.01938920545711309,-0.006013105042041,0.004422564999739587,-0.0053539605827259695,0.00995331728339477,-0.01896330281981884,-0.007220175655750727
2024-10-09,0.005771960590143843,0.0024867296704400577,0.008706777555929524,0.003231044395983762,0.00989523000368675,0.02035988922538201,0.002346264426350775,0.015443228326252001,0.001372941862369803,0.008012418594323334,-0.01582118489589368,-0.0024461454675190897,0.00837323062543116,0.01593631934235873,-0.001610899886671624,0.0051546830127353616
2024-10-10,-0.004662758782016274,0.004134176902112152,0.003609555315478241,-0.0028985677728750048,0.004610986454380406,-0.0018559631536501087,-0.012640504586646562,0.0016665967835649553,-0.0021328980080137505,0.0,0.0,-0.01275134435781411,-0.0055358012100589216,-0.012796748498156041,0.006937817887429976,-0.0024470608659887816
2024-10-11,-0.004684675371511959,0.004470088859084509,0.03924941208904076,0.0038760144561162946,0.006597848721569433,0.0009296302753483143,0.014224805754227798,-0.0051995892059041315,-0.002900731289016689,0.011794948848269371,0.008037877145523176,0.01738701693052902,-0.004572600786059922,0.010035582958760392,-0.000641006121075427,0.0048133475461853426
2024-10-14,0.00506876925850519,0.007729244856470308,0.016551282724112326,0.012226396183189658,0.008549351984132647,-0.0032512211550134174,0.007947652298474495,-0.03826054456028949,-0.02342674881271034,-0.007729376394032261,-0.004221415504892079,0.01953124264197248,0.01437993404934712,0.00869382256118878,0.0019241184696370262,0.003189531840516402
2024-10-15,0.009726194273464772,-0.0016269041660931238,0.004736446103698055,0.012555660349347075,0.01215036900683275,0.00047059410407856994,0.002782927485547315,0.001739126253903489,-0.0194418554874366,-0.038692409233329284,-0.018370232021807764,-0.0019157820071689091,-0.009056893939952348,-0.014364861580846822,-0.04800772215417759,-0.010535281638489824
2024-10-16,0.0032108840056341847,0.0003491452180124366,0.0014732496396758776,0.012086104781737772,-0.0016750687501844164,0.008936928346679363,-0.003237786146781385,-0.008246507987497598,-0.036776428386330884,-0.02178531172315823,-0.013435727543029241,0.0004798833293375715,-0.002781728444651188,-0.006037917196366704,-0.0013446587771070995,-0.003984357021862062
2024-10-17,0.014580391074874965,0.00430531428279135,0.03927627469164485,0.017524804202025512,0.005872577596861106,0.0,0.0018561220193220596,0.006564535537505467,0.011620261057144976,0.010727871707717274,0.005350108042681878,0.02829738969069151,0.0063757572833547105,0.03665690924268228,0.006227735588032468,0.012243724034803893
2024-10-18,0.0035050368881903715,0.0061405760797841324,-0.012314188474939813,0.010059351749434953,0.0030580783500879782,0.00046620629716342954,0.00463181574300342,0.034999984545678986,0.022645200961484813,0.001477929162593039,0.010643393979842708,0.0032649601844569887,-0.0019797669208450053,-0.00565766858557426,-0.002007273208909477,0.0038661482270940795
2024-10-21,-0.003143522179505087,-0.010363794423416839,-0.005159150079211305,-0.0070920894020496394,-0.009977875334869046,-0.017707278988322805,0.0032273369513320382,-0.023524479810700383,-0.019576439034078352,-0.024148097683820757,-0.011009886973216143,-0.007438397808941288,-0.009819475771602582,-0.011176634574520783,0.004693243613993481,-0.01009054533853837
2024-10-22,-0.0077085078925824835,-0.005585367841880684,0.01728612090602266,-0.0015198649559055033,-0.00895852291086685,-0.005692592699512611,0.019760977974763838,0.008388948846414168,0.008183329544133366,0.009760790745701575,-0.0024201511445601787,-0.014519936689213586,-0.014925429106386168,-0.004726693897970091,0.005171885440371726,-0.00014992679568270884
2024-10-23,-0.004237290879177014,-0.00947801484982902,-0.000424815335833606,-0.007153618932804751,-0.008192145843605059,-0.0023855257861953305,-0.006759792581854995,-0.014718529116250822,-0.003896184627024679,-0.02491492077109192,0.0,0.0004752483264183205,0.0027456196403534694,-0.008465797033064604,-0.003983505248565278,-0.004992649958187267
2024-10-24,-0.0024823313251240986,-0.008269421911174302,-0.0004249958806014087,0.0015329529205558856,0.004841926844450173,-0.0023911518930658238,-0.0036297122354687072,0.020350746338591685,0.024609022070940068,0.001675520464672342,0.010674438482798365,-0.0014251410241590268,-0.010242376579031043,0.0024989687904495295,0.001166554439334222,0.0007735672122644033
2024-10-25,-0.004621319431060256,-0.002739676601035801,-0.004535179308313375,0.0,-0.011054371496277526,-0.034036541411403665,-0.00045541982775509915,-0.002970500138100407,-0.0027040941906576466,-0.00850296045323018,0.010561638468601364,0.006184547133111451,0.025409889180936673,0.006855033658565546,0.0031623067597448262,-0.0007649649564054339
2024-10-28,0.0074999683471952405,0.01624461341603234,-0.004271023044566724,0.010561750862773778,0.012611073279107154,0.028784154239876347,-0.00637807632319265,0.02489892330543153,0.00813397658729964,0.010965777287264888,0.009501131129318052,-0.00047277660386157994,0.006994345562806092,0.011553455996696993,-0.008959603539682282,0.007922585545962368
2024-10-29,0.0010634172687149501,-0.00811005005918608,0.003288431871934172,-0.001211662278042036,-0.005377913970439074,-0.0038591894581565533,-0.010545629976606241,-0.015157771509412,-0.0018984232767332854,-0.010985875352498287,0.003294256546033214,-0.007568587587744258,-0.007342692412234841,-0.017540225866396808,-0.00552481341205302,-0.006064634426149906
2024-10-30,-0.009560877110190935,-0.01706368138984049,-0.00427517072150041,-0.006672800028013959,-0.008537302105488198,-0.01259071896819719,-0.008804484017379988,-0.032258053771772155,-0.02028853084011073,-0.01940381891970855,-0.013133292681886344,-0.0014299695191869466,-0.013294642124900724,0.0060203686851056926,-0.004377112438764708,-0.011017013664589181
2024-10-31,0.00715049890615127,-0.007474308731543533,0.0030055138802183023,-0.041984742120766194,-0.009184800375212743,0.007356558580490891,0.0070126130639356354,-0.0028321683496377315,-0.013428191087356933,-0.012761746428287424,-0.014258529576775536,-0.008114518955041339,-0.01620909889278821,-0.02104830679908698,-0.029421662849394292,-0.0104989186750708
2024-11-01,0.0031949265370856406,0.009959946635764494,0.010274016475747993,0.004621582160453386,-0.006952486318029916,0.00486845037402972,0.007428078678644701,0.008083808629167688,0.001967847388893551,0.006535967769274231,0.0033750823630394056,0.012993220799133676,0.016373139461643094,0.011382779310288305,0.008710772490059915,0.00799139977406016
2024-11-04,0.009200265023463494,-0.007215902727617407,-0.009322063949913084,-0.0026967791689892495,-0.006126001920310653,-0.008236378735671956,0.030414775252526338,0.013003801526293879,-0.007037587004469215,-0.006060600626074164,-0.004805353515510702,0.001900236902846908,-0.010131754042012497,-0.023343023820469044,0.003108780826283297,-0.005047826666614852
2024-11-05,0.0035063375110961914,0.007389531949580919,0.010978174030287002,-0.0020676857918920932,0.009392381065620237,-0.002442629376843808,0.0,-0.012622924356550769,-0.006757953928665739,0.00842045093474253,0.003862893278669066,0.029872003988475004,-0.012077779136602684,0.02283393177511739,0.0036158138369963844,0.004807560470236227
2024-11-06,-0.03773580204516713,-0.020442645036412355,0.0038075891841744536,-0.026617828202881055,0.00203546914244912,-0.010773805756657873,0.010733367880088052,-0.0006500526135264639,0.0008297506759389339,-0.02764180859559029,0.0067339304586027104,0.011049790876457521,-0.00922090290294253,-0.0016691074792568594,-0.012352136812869174,-0.005068081456083617
2024-11-07,-0.03594777068395616,0.001227648872209608,0.014329751146689329,-0.0330768010804563,-0.00957624087441844,-0.003960283784434915,0.008849568449172507,0.041196915944800905,0.026363798304071873,0.02443001088252217,0.030578317768670482,0.01593802736300809,0.0010457596258821589,0.005433668684626136,0.0029528767704329884,0.0075974489034988935
2024-11-08,-0.006403030149087274,-0.009931325102604749,-0.014542829141867775,0.012023704579618322,-0.007910937426774067,-0.00347908722215573,-0.0013157876843196137,-0.07955019114882544,-0.03327946861449316,-0.03251915764299762,-0.04126115730778679,-0.014791602241554846,0.00010442511188446524,0.0008314313061521528,-0.01558712211103086,-0.011706821622226582
2024-11-11,0.0075814804674332326,0.013622295667007789,0.022347047444763568,0.019745664311061395,0.010041348965183827,0.011471219189497006,0.014492733888279208,0.013122140053272169,0.0018383480801080765,0.006871823435215418,-0.009187560174145015,0.025932692059277063,-0.0003133258238301462,0.033437180209869855,0.005629837627288747,0.012019883967606226
2024-11-12,-0.01316781719433957,-0.02516796418788303,-0.03684360739633363,-0.02559893972533056,-0.029239782918000556,-0.014792842370284887,-0.02034624829449605,-0.05761493904142723,-0.04520448424981749,-0.02373893341262323,-0.03416298331522061,-0.03813752635998413,-0.010239211776021495,-0.040795858076825176,-0.025192439976297165,-0.026915731168126733
2024-11-13,-0.007243528718718584,0.008772916881219173,-0.01184679255117016,-0.004378635798053754,0.0030119955073966143,-0.01301301120994236,-0.0022094761810971253,0.00805685213149454,0.002795269411819623,-0.006230925593429082,0.012127289000457786,0.009681913523055696,-0.007283916775417287,0.010685146826475478,0.0021537556758306486,-0.0014044458918083258
2024-11-14,0.006912368481051923,0.009069567477004936,0.0033221565740151338,0.0059201935637991365,0.010210213182039185,0.01724134498401697,0.015057529166234263,0.039727218096511585,0.01811854984340422,0.008716866527578526,0.02096855842140566,-0.002283068988113368,0.003828218073583578,0.01720564277284553,0.023459801018455906,0.013159479374519778
2024-11-15,0.012585860011232963,-0.010096064610835453,-0.00633463977677029,0.010761760748418281,0.007134358880747094,0.0024925535320010628,-0.0008725540753551364,0.007008872457037185,0.003251053621173172,-0.007883522834329915,-0.005379007843995476,-0.006407320165724206,-0.03273311056566286,-0.012634998293825417,0.006299229901699066,-0.005767379168117426
2024-11-18,0.011299442398666537,-0.0034825618811379355,0.0036221173627726255,0.0051571528107980935,0.010920914440204044,0.003978088503378663,0.002620083670451079,-0.011674870808878857,0.003922902838350728,-0.007029432722709172,-0.007866263173686106,0.005527404564206417,0.0017522901814175373,-0.01093909185519637,0.010259043079361652,0.0011830172642741665
2024-11-19,-0.005214206651040776,-0.006240614528513544,-0.009239274428954003,-0.018371381740613923,-0.0061313678474561595,-0.00643883042228266,0.02047037721710221,-0.022262697127350406,-0.01919811728230325,-0.00907960896018467,-0.009167490256917543,-0.0013742904206047735,-0.0028424580203844085,-0.0025042483537041083,-0.01084342144102357,-0.006676052265508492
2024-11-20,-0.006364598315873327,-0.007410280356874965,0.004225699737534727,-0.013825570463960046,-0.00029385544602456015,-0.000498429157127056,-0.002134035309113491,-0.0011617073081925389,-0.003290928408756999,-0.005435685792578027,-0.009752376684201813,0.00045875082596036343,-0.004495084592859966,-0.009204993020622165,-0.0017400472078346052,-0.004314176199149755
2024-11-21,0.0,0.00759198495833302,0.012042978821612316,-0.004616236450531663,0.004995711921425228,0.003989992830691902,-0.00598803784919999,-0.030239592978786978,-0.0008690836775078203,0.008432236159668927,0.0035353133000801673,0.005960530851333079,0.0007709273708866871,0.013935800977138646,-0.00331175824222818,0.002065670873979686
2024-11-22,-0.01657873407467647,0.006153586560444513,-0.011182852481118166,-0.022329171762177413,-0.0035088280044427433,0.0004966958995609172,0.012478490680323251,0.007915548685569318,0.014089383128205402,0.019046099632339608,0.01660799624569509,0.003190553643064309,0.025310820100129305,0.0068721641737359285,-0.0015739630640134727,0.0057795775623694645
2024-11-25,-0.009578537032718937,-0.00798802924946962,0.0027549015417887013,0.001054215656691948,-0.0002933926282036037,-0.0029791020180598426,-0.003824899169206364,0.055211825590718355,0.016294953250923783,0.014131659742946612,0.025247439986736175,-0.008632471525743646,-0.0040785538395011756,-0.005791129584459487,-0.02119458816757691,0.00033913796097251314
2024-11-26,-0.018181921360559627,-0.012456065467144506,-0.011712035856973668,-0.01193406541587827,-0.01203410251183834,-0.01274893478490946,-0.012798683457408422,0.007668001815351877,0.0059071583503014224,-0.0037458804951366886,-0.0038628331164889396,0.0,-0.011531375806533184,-0.00540873591017943,-0.017000764136146596,-0.008675261124734157
2024-11-27,-0.013396250982787405,-0.0044590607108294655,0.01960500322276726,-0.011900507879484601,-0.0430778324956117,-0.017352737327575474,-0.004753622365025412,-0.007385837733049572,-0.009899292363334977,0.0012031962365024462,-0.011148884456263275,-0.0027497698801226544,0.006432528276541172,-0.0058566035636956615,-0.015110133659374747,-0.007155453553585933
2024-11-28,0.004392906061671864,0.0,0.041325819009124354,0.009167681142981499,0.009003414061972581,0.017659172306024207,-0.007815881616178633,-0.008793665910369342,-0.006100627317160767,-0.01186721415350811,0.0,0.006893415365789357,-0.0022748637351186485,0.007153471162616443,0.002218018240865094,0.005070707519520434
2024-11-29,0.007554663464470979,0.006398746351834017,0.016673629659019307,0.00890634173678917,0.014769220572369957,0.007465592629173345,0.005689315282034757,0.00432210075874484,0.010230122359190297,-0.0007601852255965103,0.012254982048726326,0.006389773882701677,-0.00010862737463457339,0.017338564289650638,0.013832643975218772,0.007780737999268705
2024-12-02,-0.008681878023871326,0.01436921977463479,0.020059547929794697,-0.012358747378116042,-0.013341369346076215,-0.026036285016026617,0.004351581442940233,0.008607001191111019,0.032538294689062,0.01475741361571048,0.04745763182288343,0.005895654350030588,-0.002931873808677543,-0.0016426532840595476,-0.02128445219751096,0.00024606031852192345
2024-12-03,-0.0039809212310149,0.0030087395793840788,0.01036401909511464,-0.00286021581717133,-0.007682871990501883,-0.001028268684664435,-0.009965346511376372,-0.007186078849830024,0.005114784647891613,-0.01169418206034345,0.012944952127651677,0.024797140677376595,-0.0016336854275901258,0.0030851623657346394,0.0063198280867009515,0.0025604624094308637
2024-12-04,0.009991999332259915,0.007124102861988613,0.014071618599746705,0.012907852897487526,0.016723525254429328,0.015026727820724117,0.004376338961744608,0.018095409547643992,0.0016414682482075449,0.01107407758990342,0.00410762626833594,0.0057193454907751295,-0.003490730616965143,0.021529586500440123,-0.0036941450098240125,0.0065964291242404105
2024-12-05,0.022952159123058813,0.0031024464681479458,-0.004409284287249515,0.026017715830552346,0.024977145495667097,0.02311909856499028,0.0013072553278659083,-0.0011108616011049621,-0.0016387782457514266,0.00870209187715898,-0.005454354750761836,-0.0730534399942111,0.004926098065398676,-0.0018065106216287319,0.002224674551915662,0.0037326043514935847
2024-12-06,0.008510591007615531,0.0024743385028824783,0.010550951106923723,0.01035012109963973,0.010401155699890863,0.001982104075096025,0.003481238169055656,0.059608539049607945,0.0347997424125952,0.02216275436811288,0.03244959106590728,0.004719205626723344,0.00413942107455223,0.012266224255174984,0.0031446777943746618,0.013142257355751585
2024-12-09,0.006520922612195612,-0.002468231263233922,0.011601003872565574,0.025439743742476262,0.0020588170631468117,0.0004945660035668986,-0.003035600080110279,0.03484465147323634,0.035215712922233244,0.017753271769704204,0.00841085597974156,-0.011742562090902742,-0.003905377106738994,-0.013508137089593197,0.01346116772650885,0.00717128252329835
2024-12-10,0.004573173690764154,-0.010021018088777978,-0.004842038233970558,-0.005994040909766074,-0.010860010644501927,-0.001977286115775412,-0.014353980515378617,-0.02210948104100041,-0.025436747727854536,-0.012725252780491969,-0.019315204032574362,-0.02138786152701244,-0.0007623633994086054,-0.02235202048858065,-0.011098984546499269,-0.011411597911579308
2024-12-11,0.0007587000660613796,-0.0004998575648589298,0.00025615369058673565,-0.00184259983649937,-0.0008902816023137472,0.0014859026414939525,0.020741388006247252,-0.005807975121017939,0.012264132958366147,-0.010861697552304483,0.010295277716056095,0.021369664628548612,-0.0050135768275151316,0.02059734139262015,-0.01600737229137994,0.003870313656256563
2024-12-12,-0.003411639178589776,-0.0003751292146806362,0.023425449786494967,-0.011243473703499762,-0.003266916592559621,-0.0034619620249682903,-0.0004323830290297037,0.009806009684584893,0.003417247679347035,0.008784830207260397,0.011962861702093708,-0.010461241617472528,-0.006572505486976743,-0.012310783876269826,-0.0020568774994614847,-0.0003313792830591522
2024-12-13,0.0015214403588714731,-0.0012507380568844706,0.002001215158355274,0.0003393819756605243,0.01609048233366428,0.00446647589807081,0.0,0.008470988639524668,-0.010835917056792987,-0.003338215336850525,-0.004378203270652858,0.004805380068079623,-0.01676042962911961,0.0,-0.00018731760104451212,-0.0015321667170568043
2024-12-16,-0.00037978227363921757,-0.0025047059895747514,-0.014729708071705483,-0.002035957155933854,-0.004105559405450543,-0.013833922931209774,0.012543257844682687,-0.01802905038521474,-0.01220655467788656,-0.005096805182827291,-0.0021987829054463948,0.006217081572942318,-0.003925098683537631,-0.00020433265203401163,-0.020052427581246923,-0.007084047703037166
2024-12-17,-0.00835861661523829,-0.002510995294528806,0.004307613143041733,-0.009690508142670584,-0.006478156133716384,-0.0028057445230038613,-0.003417294189348108,-0.002086305093625951,0.006970826022238752,0.009513999267804163,0.014984671797227067,0.006178668288182809,0.032875474982115405,0.0051092968199617506,-0.01166571351792367,0.0011716764118323564
2024-12-18,0.004980754949900801,-0.00402774512453874,0.0020183821311141603,0.006523579352269104,0.001778333207472338,-0.002813392309562235,0.005143518198876151,-0.008362997739762346,0.0014160584429669942,-0.008264403985070667,0.003907862902353232,0.01133686652662469,0.0006540614192585004,0.009150097991419415,0.01006185753495048,0.002568652181504927
2024-12-19,-0.003431149270722411,-0.017439636651416235,-0.014729976766042818,-0.013985921348535046,-0.0005917650841240629,-0.007658083607332777,-0.011087427175313191,-0.010120152833493101,-0.014139873228858235,-0.007748565279868225,-0.007352988727307053,-0.013545103063434039,-0.0032679959738998177,-0.030223650935760293,-0.005172288800530778,-0.012221346334382988
2024-12-20,-0.004590668747528892,-0.0007716772377290848,-0.01111675793747402,-0.0057084485692422415,-0.00799290460778146,-0.005077318834127764,-0.0030185161551650186,-0.0023429796178404683,0.0009561585374600057,-0.007072298441600289,0.003921702756039203,-0.0056818161061653605,-0.002404341482129091,-0.0037398861484729817,-0.0007702875144796062,-0.0027267792008365266
2024-12-23,0.0011529208934493163,-0.007336845168574024,-0.005685439361883815,-0.0006959145550149426,0.003879461341565804,0.002653585872140818,0.003892795311211339,0.005977850096071657,0.0017513823193671119,0.0032644619944957043,-0.00086816925093125,-0.001904761204947647,0.005477630036446524,-0.0027111035583120557,-0.0007710415977780771,-0.00029694992024165145
2024-12-24,-0.008829115817473476,0.0006483679466948722,-0.0012995994338632633,0.001740997973367353,-0.002080849695823006,-0.002646562989980894,-0.0008617853758989824,-0.005942327751551124,0.002542866925515863,0.005324690985387237,-0.0017376307471876906,0.0004770622506604649,-0.00032684477884559193,0.0029275919745586076,0.0030858244163900483,0.0014259710021229388
2024-12-27,0.024399745661561667,0.010107503181617128,0.010409911188235421,0.017379210934369338,0.015192140114909325,0.011022645262893871,0.011211736487122925,0.016011917790986097,0.007609350541470494,0.013682573259958586,0.006962621453870055,0.0061993671195788025,0.01667574913901726,0.005212698165117491,0.014228042709634403,0.009979853099061797
2024-12-30,0.006049101635614562,-0.008210403457888815,-0.005923938217182845,0.003245595307053817,0.0011736884358966027,-0.0034321906404498614,-0.009381628464585345,-0.00357210433752686,-0.009911917447952168,-0.020609666908106172,-0.003889286499644262,-0.0028436008559398207,-0.0015008620819952911,-0.006845080240743928,-0.002843655996695893,-0.005684290243403445
2024-12-31,-0.0011274347326311052,0.014875211095829677,0.002590911430188969,0.008343295272447149,0.005861680316162854,0.010332281993150172,0.014205815547033263,0.004850262511838288,0.009852243167527641,0.013189156276348646,0.007375101974009146,0.008079881616228635,0.006441873434483547,0.006265689365327232,0.014638867560316182,0.009185700977776268
2025-01-02,0.0037622553847960205,-0.006755045843043428,0.034629848946766684,0.000506600409250435,0.002913760624781103,-0.0004010968946276394,-0.005942354307002851,-0.010073428210015112,-0.000157353657656234,-0.010969726434420513,-0.00904387953585084,0.013201242096664734,0.0061873574141899645,0.002905781645332617,0.021871511657715725,0.001763987193230676
2025-01-03,-0.009370308316622111,-0.007827513260628693,-0.009741525839974008,-0.012826953537243724,-0.010168475135048372,-0.007823502338551336,-0.017079374245905887,-0.048759821347774124,-0.03792888816669682,-0.01804197845222011,-0.02781406634911776,-0.015355938660975288,-0.015373146920400482,-0.005794725084874219,0.005025196131949183,-0.015085633604139947
2025-01-06,0.010972322821376945,0.022891831063218904,0.006684392446152598,0.026329193006674245,0.011153489377202286,0.010513644668412203,0.012163296851546823,0.02451527804780218,0.03811543864101008,0.018072218685188712,0.04514993947881596,0.009924345552162483,0.019274249513106856,0.04558699959790524,0.01314799168706049,0.022447786765537714
2025-01-07,0.0018713477760530228,0.006827622730905647,-0.007767562193650268,0.006163625184002486,0.008998537243365856,0.011904713198425121,0.007725377973433867,0.00870130602067154,0.015600500188255095,-0.0051774796411881985,0.01154829917587663,0.010294802457362362,0.012571260564335773,0.007565230492080799,0.004935256953272571,0.005863816059167526
2025-01-08,-0.0018678523746656905,-0.01017193486216339,0.0011363810776900962,-0.004304691920266168,0.002589108862813161,-0.013939656869860317,-0.0042589818006834035,-0.02221265264572292,-0.01365404660759928,-0.014275093197867794,0.00211407312686851,0.0013895674801471802,-0.0018779636119828913,-0.006520476519544682,0.0032738641701819393,-0.004931025429403713
2025-01-09,0.005613890826507095,0.004440489809753867,-0.012611857033421936,-0.003159247770093687,-0.012625433853699963,0.003609298001707506,0.007698943696994309,0.009042836085826123,0.019348804065683067,0.0013576562183477137,0.002953605752144872,0.020351590474979142,0.00658523948206291,0.016706449222607667,0.0025381121620968727,0.0050802106803080616
2025-01-10,-0.004466025630721293,-0.01427312362179245,0.006258707801571228,-0.010008352432160028,-0.01656498351244995,-0.010389625883094555,-0.0021222599950110332,-0.004152995426076833,-0.0046296448114047095,-0.01355834209874962,-0.004206801267953031,-0.0009066878828739577,-0.007165165311220023,-0.01975739119327069,-0.0009041525673739725,-0.007908882951361496
2025-01-13,0.00336452632756723,0.0025627983118234887,-0.01345522984736014,0.004886269177577285,-0.01063829029195218,-0.003028422934534092,-0.007231043297435513,-0.0017559913382837467,0.002170601465226296,0.0030543877463866664,-0.005914802545313735,-0.006805840246608796,-0.006693844607196575,-0.010177649641095798,0.012126638368656018,-0.0030143697552430515
2025-01-14,0.017138559340786008,-0.0037065633539519194,0.003473960426312761,0.019617716187428025,0.0053763102047801326,0.003847693359262827,0.0004284927271813732,-0.021739136475756426,0.007116308094052393,-0.005328831064143613,0.0025498468206819336,0.01644593096810265,-0.018216320536251218,0.00766125840025822,-0.00572244870925831,0.0020286833857348086
2025-01-15,0.015750913891978913,0.0032072215441911744,-0.010257543914696021,0.020884711463321715,0.021984645748472476,0.008069497607606557,0.013704500114828821,0.012471655248282199,-0.021198168273349305,0.008724967807021367,0.0021195560604885255,-0.0008988760616287506,0.02767056158938197,0.008203314455041744,0.0059352531503700234,0.006859130647088207
2025-01-16,0.005048736118731023,0.012020437395380279,0.018266584324018398,0.0020940657159953524,0.019767445935794603,0.011106670672609509,0.014786651261857964,0.061814173112145765,0.09149399938933112,0.028527974220192265,0.04906937840148329,0.007647285809810445,0.02149859998116299,0.00952573771571208,0.025925296229504013,0.0214259770733658
2025-01-17,0.003229244248797114,0.020343720003207277,0.022773446474966264,0.0004822516739619864,0.007981730644314622,0.015338807306329416,0.016236511794906594,0.02383461445346602,-0.007764242089575157,0.013425900246850198,0.004032284400143693,0.015178566200467314,0.0031672110687919197,0.01808532623046788,0.0015684651047751519,0.009824796040508676
2025-01-20,0.013948543436400618,0.0032197978517880532,0.016420007143516546,0.011407518380102344,-0.0005656577871540058,0.0038986842737787075,0.004096654706684744,0.019983529540499312,-0.010143461301982404,-0.0077159423032682195,0.003212972382248047,-0.0030782411919333397,0.0067215774911317805,0.006178703489594595,-0.005220219686086769,0.003080514932390699
2025-01-21,-0.00035279379048436255,-0.00715964734628638,-0.000734315480288239,0.0025416404538458615,-0.002546730138376363,-0.0009708064793171323,0.019991791161792172,0.005251504301918564,0.026643235904510787,0.0011738077941931824,0.02562046045602684,0.003970036958610645,0.0017197596043279084,0.00882757573100168,-0.009270501763883443,0.004842593303484799
2025-01-22,-0.007410062089608482,0.009573545992535237,0.011267551087608796,-0.01267625056686017,0.013333357655262557,-0.0004859941633007514,0.01400000186036654,-0.015471165865373337,0.017824086204112355,0.02476548864079975,0.021467546716154917,0.024165158379630514,-0.0017168071088138337,0.026440863300645656,-0.004590376809313068,0.008551040138094379
2025-01-23,0.012797806392464306,-0.0041871415843246496,0.00920438875509233,0.017172165468508416,0.011198238020275086,0.010695161648965446,0.003944808638803199,0.008979527036272916,0.009526398739164721,0.014013971940243453,0.008406531623213365,0.02059201309462022,0.010521057667467026,0.0070422819015278915,-0.0042567833196354155,0.0070444231027422255
2025-01-24,-0.0014040261287738831,0.012614338423194704,0.002280062496251789,0.0036288785444476,-0.006090757651888379,-0.015391971904751167,0.006286868865062578,0.04490289955267235,0.018734495070643398,0.010999974849087879,0.008715479293288864,-0.005884823457566468,0.0027030154207519086,-0.0038646291305224345,-0.005343890434847842,0.004435827250137914
2025-01-27,0.004569411099115683,0.013312221162166127,-0.007183922943795995,0.009746982122315728,0.012534683298081939,0.01074732951042301,0.005857078802302462,0.016453752136642352,0.028197724362210685,0.013111964411818722,0.0,-0.00591965960929608,0.011781059453159104,-0.09477177260178504,-0.002686227142912001,-0.0026540170633156945
2025-01-28,0.008047602960207234,0.004579902143275527,0.005788704939797107,0.0054491298203689364,0.008803369307014197,0.010149958434926942,0.007375745979106174,-0.008569850123347211,-0.0055643735026821295,0.012253862047328035,0.0,0.012760522828645149,0.0037498206913357812,-0.07469392229283434,0.0010773996714317224,-0.0011648476138224062
2025-01-29,0.00451231324899215,0.0040792281772661365,-0.0010791532419514027,0.0013935959853619284,-0.0051813937135900545,-0.013397139373157896,0.01464348533016846,-0.05397608924522557,-0.04982676661828955,-0.03060392630322939,0.007137443099892948,-0.001679965801853478,0.001376331206555781,0.047419551792350134,0.0008968545274616879,-0.0031516994074496374
2025-01-30,0.007601963500296405,0.010514999632498467,-0.0018004364191503974,0.015308546953948898,0.005756561371703883,0.01357905993161812,0.006836417163465169,0.03939081929042998,0.003645477329687896,0.020204812081209944,0.00783294913560395,0.0029448550046955457,0.017278634769284817,0.014950510140335327,0.006451581165662024,0.008785053302337031
2025-01-31,-0.0024005385613187213,-0.003192555852048695,0.004809919105080773,0.0009137610586764655,-0.0010900868257661678,0.0,0.002263293648403497,-0.009767498970507549,-0.017183532698856196,-0.013890697885098224,0.008142169513834396,0.006291976635903973,0.007527493303910893,0.018049800206477062,0.004095456027376487,0.0010740583820729732
2025-02-03,-0.009281580809656909,-0.004744976623836106,-0.0032311656927276333,-0.021302478522007617,-0.007639921768464286,-0.0033493239791355656,-0.006398203816423309,-0.037482780408653826,-0.019047641046083363,-0.012970773379112677,-0.001468529664518825,-0.0008336804053586944,0.0005746707240517068,-0.030976153440489984,-0.007448104698058788,-0.011980875998375606
2025-02-04,0.010062475049180453,0.0028605407468991206,-0.0033617360378065397,0.042444028054556826,0.018971763627160243,0.014402327141131543,0.017803024786562816,0.016396848827701094,0.0037675946288795448,-0.009043351116047038,-0.0011028567360882313,0.0012515962003798453,-0.01704004401956738,0.004416421386144398,0.01876006130036645,0.006553851723603676
2025-02-05,0.008244594777704783,-0.003803236729655768,0.005300615465190006,-0.00969429042071912,-0.0029682433100662875,-0.0023662559086720103,0.008931881765998018,-0.014519083883654749,-0.009672217734026267,-0.014401807897269414,0.0022082404596575067,0.00541663242935253,0.008959868903958945,-0.026800711310213665,0.017362261238371035,-0.0018617482981270195
2025-02-06,0.019080057144999163,0.015986728195042987,0.005991576261925591,0.02801217095225872,0.0116373896537878,0.01755208968710642,-0.0014753920053653946,0.030898253570285306,0.01588920675866401,0.02170139450784414,0.013220798350703777,-0.0012432332326264284,0.0011583705341782213,0.030550763368064393,0.010343182254455074,0.014691414099884392
2025-02-07,0.01237044131948939,-0.007045679357109758,-0.005836833834216071,0.017433235219824317,0.004815378937068626,0.02424249865831274,-0.002955373087503488,-0.04088919655329659,-0.018223599886499353,-0.03540074530663606,-0.019209981831312617,0.010788377598146104,-0.003470937198354007,-0.010020852265666846,0.004606646906152312,-0.004319676948336459
2025-02-10,-0.002641987215782904,0.003902555963363419,0.0031152808117456132,0.0005759707401060687,0.004792409183364432,-0.01502052033291812,0.00889205498109824,0.010761541760018867,0.0016076888449778615,0.005431603683222486,0.016260176826694783,0.009031195253869972,0.004256989654264354,0.021720814203628924,-0.004415673372097806,0.00416283778963078
2025-02-11,0.01357617873290451,0.0050654306521820125,-0.0013138919710334873,0.009209864527231826,0.006889174747253257,-0.012938936453758765,0.017260485485314447,0.013104024762719657,-0.0001458277397740071,-0.0032121231586975663,-0.0003636387361066751,-0.0032546773745492086,-0.001541441343963168,0.007843104315319982,0.0040940520715784245,0.002832758391775325
2025-02-12,0.0019600783791731136,0.0010548609628073802,0.01590717809986386,0.011550017399527102,0.0007894863473856262,0.0023407764264422593,-0.0036101406311634943,0.0701294364461873,0.0037944457523322317,-0.02167867755770625,0.0029102587868647944,0.0057142205715843275,0.008297990127446031,-0.022117575714545534,0.002548401673542422,0.0016552752212817268
2025-02-13,-0.010107592755015049,0.013230338452887125,0.0005886286449166,-0.011841042658953582,-0.0007888635503826569,0.008874315486901319,0.07173914606483067,0.03947119542439892,0.02820583347940331,0.024854041793948678,0.02139993871889967,-0.002435001547161031,0.008229623932575203,0.025340351291287755,-0.0052533925643520885,0.015160040084017279
2025-02-14,0.006587597334547279,0.005893246661518248,-0.008589221672423264,-0.002139743172127284,-0.012368443178399025,0.003240705502875585,-0.004394837933865414,0.017441817459501907,0.00820139070671666,0.0032140002333129747,0.0081677556122568,0.0008136693436373577,-0.015755541100445192,0.0071487213867929,0.0030665293652152315,0.001767513669328702
2025-02-17,0.0035994900311326905,-0.0005744070349248398,0.011749338518634467,-0.001715441185340949,0.001598746702518028,0.007845045239551984,-0.0013582675072111305,0.00035713267092840617,-0.016129100120965578,-0.0010193972335378332,-0.009345874784096764,0.024796769998512103,0.0032787313379811778,-0.0024336561113942334,0.00033969929723576264,0.0012948330263617969
2025-02-18,0.014998335584993638,0.0020688931140631084,0.01466276370416364,0.018043685509685714,-0.0015961947913587515,0.008241710913031275,0.0017001172770965134,-0.020528300570403224,0.005131948871883507,-0.0034985650919077127,-0.0010679264294115587,-0.0031733426485953675,-0.0034601850944459,0.01951617754913615,0.003225838762595634,0.0021283930954107966
2025-02-19,-0.004818473743762097,-0.011241074130651785,-0.02358380865779397,-0.011112527137609796,-0.02025043462245002,-0.014532201917617948,-0.00237608239836129,-0.01494455749302015,-0.020138899845574265,-0.022966592947524234,-0.02957956166699416,0.002785483506404507,-0.00578699924594217,-0.014157522476928364,-0.006430932374258624,-0.011700339274615668
2025-02-20,0.0019368004582556164,0.002204144328340041,-0.022732626087715646,0.008107986086808516,0.0019037199483467049,-0.002765011351262059,-0.004763588724200574,0.0,0.006657864896904897,0.01182812496074881,0.0033051465265478974,-0.01626986590913182,0.00485058249336201,0.029935332628910016,0.0018736863260673253,0.0014844928949875325
2025-02-21,0.007731963499691963,0.03252690054688889,-0.030772915183509775,0.003527688952024599,0.003800205369922871,0.0032347908097802858,-0.005470007552770051,0.024976915931344656,0.009920926080105641,0.024267508186715192,0.006222569292073654,-0.014925336901301711,0.005213365958941951,0.010997564956507278,-0.011900836462492737,0.003930978481331282
2025-02-24,-0.0006394300012713128,-0.02029142436665321,0.027124850285723312,-0.0005624460974399392,0.003244940695255716,0.006909268957539405,-0.012031626867680889,-0.011191356066380442,-0.014664107984297292,0.004767416849176032,-0.02000727550460002,-0.005323534899967952,-0.007107226692853019,-0.06915298667670011,-0.0010322830959555995,-0.007789497232287834
2025-02-25,0.006078048121090918,0.004119409277900443,-0.0014602160736896241,0.014490664980111312,0.012129467063450194,0.0013723118388202504,-0.027835801846600283,-0.009857560294703416,-0.011414426836405589,0.0,0.005567844781776188,0.008645561884336406,0.006964551289193377,-0.035684485582112235,-0.010161884648270503,-0.004933933795476131
2025-02-26,0.013672494233350818,0.0025072119850522157,0.02084088014925234,0.008459312649553796,0.018375579624943184,0.012334403741371291,0.010737279505961927,0.01788337490731462,0.023531175279007055,0.008051724312004627,0.005906345904163057,0.015102003617633253,0.00576372801166003,0.03224409644677584,0.005045988990530548,0.011532640963682006
2025-02-27,0.0031367223261633548,-0.00795733275510413,-0.014207349329580676,-0.001512695453334656,-0.013859983489635352,-0.0022562720176427797,0.021246430152868756,-0.008512878796559376,-0.010281394988325254,-0.0012835946464477832,-0.004036770247693555,-0.0008041814706439832,0.0013371577546399394,-0.01341717895175043,0.0010390007604537121,-0.0050835350471150065
2025-02-28,0.0012508675608133846,0.011917067781020751,0.0033910500795224507,0.0034431526534883794,-0.007159913182429256,0.004975038242633012,-0.005201048918156648,-0.00949941014864708,0.0025971627606427017,0.008283267790188953,0.0084746384433656,0.006438691687953302,-0.004578375389401201,-0.0057374453033604,-0.0006918537620681509,0.001124324686553102
2025-03-03,0.007495192778796511,0.017325297199460632,0.05238392837364181,0.015920832261100193,0.018963801648102185,0.00495063063041834,0.0010457130950600746,-0.009221657326831889,-0.005900205385644064,0.01713881180657273,-0.0007307402964809029,0.03118745078353613,0.0318129506792062,-0.018380003771169662,0.006749606202064884,0.010858493224848775
2025-03-04,-0.020458661235561837,-0.010129067239868506,-0.032343106029106394,-0.03147787925028622,-0.004980385216647454,0.000895593897800584,-0.006267508409002698,-0.04877147154195416,-0.03387371783609039,-0.0029243811996747526,-0.019378414711906822,-0.011244634859301494,0.015044589177059642,-0.04724573002542409,-0.026817769955209236,-0.018511635141439275
2025-03-05,0.030379765769983802,0.01720450880155333,0.02394208457522584,0.041428409129506516,0.009483607222100732,0.050559254478628635,-0.018219945205884103,0.013894296608473633,-0.004644996136193291,0.017877124548315804,-0.0037285354480910415,0.02235296331723502,-0.004574547613817925,0.03359224232814206,-0.011128882494407355,0.01563510563555459
2025-03-06,0.01842746699967912,-0.0023214298592992844,0.0016204601021478915,0.033619040217856,0.00861182950643613,0.012350881984401374,-0.031049261198216604,0.00019300743667982623,-0.017010277367944582,0.003841871574157718,-0.031437134951492696,-0.007671650289706733,0.007536703027734903,-0.010612399702791375,0.006073685621102332,0.0029264317938522133
2025-03-07,-0.00030149666952783427,-0.0011080805370421443,-0.020224082563016,-0.007775051223092411,0.002845926410394828,-0.01556575897776935,0.0018415228280308504,-0.038981006185139,-0.028024583028017136,-0.017085844829220598,-0.024729487124744987,-0.030537319878366054,0.0,0.0006703937607077659,0.0039061778235132127,-0.009377069084274381
2025-03-10,-0.01659137425054069,0.016417026026391612,-0.03798070493785244,-0.027817726974705415,-0.006191946291328243,-0.008547044995463438,0.004779386409635045,0.024096389330528822,-0.006932484443218145,0.013767234319339128,-0.011489709009215754,-0.049441829558668826,-0.001277070349027909,-0.02143808954017834,-0.002476090699801481,-0.009013854397567744
2025-03-11,-0.011349628376714604,-0.030994151947647097,-0.000735568594231073,-0.019881800836835217,-0.012720625533521157,-0.012068975121462322,-0.028540028625910874,-0.011764738391987883,-0.015072123126520065,-0.02263370065659931,-0.008817594969400155,0.0008389906299337557,-0.0186335634199023,0.016659055033596104,-0.004609910119065308,-0.013133100567090938
2025-03-12,0.005584862416493586,0.011938301514190952,0.006748504115382525,0.010005544761926277,0.02077305457688805,0.013525331599054669,0.016949188171339058,-0.008928627463846484,-0.014497470747431684,-0.017543864239420226,0.012130931575877746,0.04987421486554622,-0.013961300491500572,0.022671106651972917,0.00872810138635649,0.00592424287883353
2025-03-13,-0.003085427510967076,-0.002337276653891829,-0.011456538619411316,-0.001899906144135155,-0.0015456198551587752,-0.0008609663921705923,-0.027407446196940244,0.0024024594142166844,-0.01111465137653389,0.013857121691105645,-0.01158600805498966,-0.021556817323612365,0.0026430132817583107,-0.01185248169112918,0.009712169059530318,-0.006352516503793426
2025-03-14,0.011451496275415085,0.005577932189888113,0.04302799256608636,0.029503802079307917,0.0018060836994697738,0.010771283194024095,-0.004569681623000865,-0.10705014139837943,0.00016528635344204012,0.03395803418910437,0.014146982506556771,0.022847744910005963,0.0,0.012883145596016554,0.005421522943096058,0.011346364566062972
2025-03-17,0.012545918366710707,0.0012203243324468982,0.01205673432501042,0.028922301856877386,0.01107384731429506,0.008098852793265499,0.008416248576464946,-0.027510680280828703,0.0076021223392004345,-0.009403062175024957,-0.009166966819393219,0.008376573612023375,0.012238657266228525,0.012500050243276162,0.0010435951839835589,0.005692401926125745
2025-03-18,0.015412428938829548,-0.0028809577616153437,0.0031534243044080146,0.02952124248691379,0.01655628393373343,0.009725210476677182,-0.00037934254584837124,-0.0009198650000334929,0.0004920365927614245,-0.0088045689516697,-0.016090095806535643,0.0,0.0011161383184747908,0.017110678570621207,0.007297977739580297,0.005027241069235799
2025-03-19,0.010714354148106509,0.0008890429363463959,-0.002794222147644687,0.008103755030498094,-0.001753940954682176,0.002931222621045393,0.006451623531504858,-0.012661212902972951,0.0009834867664217928,0.0044413889914511895,0.01717089699171237,0.020569612719751662,0.003158718169448571,0.028747852327451362,0.014490276950594128,0.007012126564636345
2025-03-20,-0.007656051014262144,-0.013100980795069828,-0.02300053384339884,-0.02238439815807547,-0.0050200935888445875,-0.00751568325895946,0.0033936019391209715,-0.01888549442295928,-0.00999010109858256,-0.0034544709385581074,0.008038530688875056,-0.021317851712136404,-0.016484635157749894,-0.01883669057156523,0.00102031091686694,-0.009456073081057892
2025-03-21,-0.0026705946388236868,-0.0014623869821782653,-0.004302168877218571,0.008475683461184769,-0.003279534490213787,-0.0050483059022592425,0.004885355469123276,-0.017110224985965816,-0.0033085646757656795,-0.021769306407569466,0.0019936566192921834,-0.008316859443969093,-0.0033898086428830743,-0.022151921755926285,-0.007983662713877293,-0.006331694146838651
2025-03-24,0.0026777458124345177,-0.0010140660206068297,0.0034805784276799034,-0.0036378381936672533,0.0017717996506447786,0.0012685147365665284,0.011593200316276198,-0.021276669853198538,-0.010290483496710467,-0.010063783863294762,-0.005968871505155349,0.0023962270208797154,-0.018518499006880074,0.001078752989694065,-0.0075343178824525125,-0.0025637504506141884
2025-03-25,0.02640952265622243,0.007781697293105294,0.030498735645410946,0.027067911113892507,0.014148515139004614,0.007601307707888472,0.02476900737360732,-0.00642281940256384,0.0033540625389438805,-0.0028636180547096934,0.005604385389222921,0.011553749859907647,-0.0015401776180737903,0.008620724285455905,0.023982010576250934,0.010752457800285553
2025-03-26,-0.009251273668463234,-0.011078699564782135,-0.01032965448126455,-0.014464237670769209,-0.001992989594523986,-0.004191098572576046,-0.014430030732060617,0.004972664052089737,-0.00635132176353248,-0.015652002432463674,-0.01592355835951398,-0.01220949684256012,-0.02178950788736611,-0.023931652866339137,0.03159153934364811,-0.009608288182044622
2025-03-27,-0.0026261756941443615,-0.001697481006388113,-0.010789298956457971,-0.009079657675569619,0.0009983844470322634,0.0033669764760548837,-0.014275405939371488,0.0007421081278971009,-0.009083314033489942,-0.002188130051688164,0.0008091768324729465,-0.00956943598451998,0.003942519513187026,-0.013572665961795072,0.0016553247998598586,-0.005051914858015483
2025-03-28,-0.008484509185476496,-0.0006800941162218299,-0.014463453298532825,-0.014057978040601049,-0.0027430192815113275,-0.004194614638778682,-0.010025922857766267,-0.014882565130384662,-0.003395055998107299,0.009064340528412318,-0.015359816698662487,-0.010869530780645453,0.015118756548254897,-0.03617399699795021,-0.021483993994908857,-0.009265177378405709
2025-03-31,-0.010032484525753338,-0.006692363675190771,-0.020931105167705022,-0.020878389298935596,-0.014753656180086505,-0.020218947234376672,-0.004501119173939583,-0.041758734733074454,-0.026230486522761276,-0.006519868781518445,-0.010262707032142826,-0.015058978455394612,-0.014313355585697018,-0.029472689711439903,0.007600099023379769,-0.015837398807263647
2025-04-01,0.014008961498979122,0.011305156384478598,0.03243642628154597,0.020543436181522656,0.015228363228139141,0.010317989132873073,0.007535745812540018,0.002723724047360987,0.005947070417358535,0.029896445312344255,0.005806720873464011,0.012809944336527268,0.000981142279698366,0.024436486031023774,-0.002849502637995438,0.010993850723900245
2025-04-02,0.001469734641659226,0.00564586812468626,-0.031655341782195756,-0.009427907015554071,0.010000026122320538,0.006383058702978284,0.0007480194761031456,0.0029252296002186817,0.0001739884354745591,0.008920977258028318,-0.00041248121563208784,-0.002856070419811174,-0.015879175292890846,-0.004168541422744254,-0.0013447663616241723,-0.0022256201418592303
2025-04-03,-0.033167040552829596,-0.021446121981795407,-0.02900324109071095,-0.052090147093524664,-0.016584191361012635,-0.004228313284888707,-0.07212256727780497,-0.07510420854921962,-0.05615437054415551,-0.015017575697951924,-0.03506592514673568,-0.04582649944467054,-0.006772916837571752,-0.05581395852877313,-0.04729854092679486,-0.033064730382648344
2025-04-04,-0.044626593243602075,-0.006310960163372958,-0.07037103851809035,-0.0682496083982832,-0.05436703860716019,-0.04628452085366319,-0.01973426905258424,-0.03784206136863166,-0.023761439088669567,-0.0034197114252683125,-0.028217165223157648,-0.06389359929187244,-0.037304527634860585,-0.06650249810851372,-0.06236741947964208,-0.0426412210571796
2025-04-07,-0.03558943130223435,-0.07274823455131507,-0.06875416181527183,-0.037425360934309815,-0.06334843661850997,-0.04719501848083707,-0.043138809278801094,-0.03944752984278599,-0.04226406190080645,-0.03960543124660265,-0.06071271640116249,-0.077874525065037,-0.04781241873807984,-0.01551447582496368,-0.052383554565047286,-0.047812021908977265
2025-04-08,-0.00032947832062191207,0.0337483739944735,0.025146274637165122,0.001361613154003738,0.03523735585242349,0.024299062419997686,0.03821386185987263,0.010967558254449283,0.02403462064944817,0.02307576594960903,0.0491802839148896,0.05017389086649238,0.019363290126325428,0.03098191318813215,0.0031814724625267576,0.025017583318283965
2025-04-09,-0.012854292500191877,-0.031923824964485537,-0.0482030983376156,-0.03641038137896502,-0.028822419955403578,-0.01642333846212074,-0.03267169022002292,-0.0542429737089245,-0.041169621707873416,-0.023282857813047397,-0.008035637600544043,-0.05156103943843804,-0.06889892494038963,-0.025579677098853115,-0.043508416836637975,-0.03343462850871226
2025-04-10,0.020701090820036905,0.03907415225242561,0.04480076874241168,0.054092324672958325,0.05144156094644203,0.03756950965532457,0.034630203448584584,0.0340299666796291,0.05176561908273092,0.034117917834436406,0.029702833889739155,0.057356627095572765,0.026394717035317372,0.04962120581124685,0.026111207635918232,0.03832132199112581
2025-04-11,0.008178013503502779,0.00802390400670605,-0.032984490828912416,-0.024096462283591857,-0.0018817145057307139,0.012516846915560986,-0.0033058019601496236,0.03549867412555874,0.00038152707882477266,0.001584908356342618,-0.00043696209851451506,-0.034433986126017446,0.0064008786035298915,0.001423316925366791,-0.01716648777764962,-0.0029778494567218594
2025-04-14,0.0223880409546926,0.01342524950481061,0.03262637858414785,0.04404816889032559,0.026124376206430266,0.02207504051958664,0.024461080875228358,0.01773596296685298,0.010869493967437416,0.00920586436532278,0.027546958319730086,0.02979973447087314,0.025217493941490865,0.027918815145761222,0.03195320074019281,0.023691070421005822
2025-04-15,0.021897856943752014,0.021453625632684936,0.01206383734478056,0.030364991311715217,0.020472452738798497,0.0207343164667797,0.01659240760719949,-0.05216370396207237,-0.07819272631066132,-0.019954343610124825,0.0021276981070688095,0.02229604362055526,-0.0028296874088360457,0.030617252662405114,0.007765905407719043,0.008563007918578558
2025-04-16,0.010869519137433947,0.002410241265694557,-0.0031218685482510278,0.014168256733151807,0.007201623652318467,0.01565811844631848,-0.005573199811223173,0.016905290876271017,-0.007060272273444634,-0.006399020490584384,0.00339708899149338,-0.0046403694021894815,-0.013425080395468636,-0.013655945957934845,0.021142005360224037,-0.0007402033389161122
2025-04-17,0.0006144188634102932,-0.008587141891924333,-0.02875436072254256,-0.011735112398003511,0.008937663873847645,-0.0025000991751221724,-0.01000803390811933,-0.0020629495066649683,0.0008244522715492586,0.0007318321042901754,-0.03216255793042677,-0.010722642449526587,0.003540250366040665,-0.0026718591186460916,-0.000580555111434955,-0.006017807749501225
2025-04-22,0.008289874169016942,0.00981643670577026,-0.0029972919571966683,0.012439927984799315,0.013414371544118397,0.016379352699155136,0.023857651249121314,0.03307399700989877,0.0035007622201859157,0.06303932125175571,0.008307759277396798,0.010367573987250633,0.0049608538281531445,-0.027764207457259715,0.004259407646334035,0.00557385844973024
2025-04-23,0.016443372295615433,-0.0010293744327515286,0.043439088849676954,0.03071775267878918,0.007242806400038937,0.013570825411253207,0.016192731614828926,0.02954328201492129,0.026677593180347126,0.0305448388857239,0.02254995499355661,0.023320887130073187,0.02281699265137438,0.04684363982902373,0.002313558484570155,0.021277592601367745
2025-04-24,0.0,0.022209527145950814,-0.01138008792986922,-0.021538936811581255,-0.002479649811744311,0.007531427823214143,-0.02059851549070202,-0.009717608872978456,0.014001666470954133,0.01682241501927617,0.011450377247942845,0.006836790141552251,0.001179779115620061,0.01938263089155945,0.0030775207095059542,0.0027290750843471656
2025-04-25,0.011383988109952448,-0.0007838914993960611,0.024333497994682984,0.008029790026948369,0.008451407155994906,0.0037375317951240383,0.005158764190062115,0.0072731565333041814,-0.0018010914716570792,-0.01733188272032038,-0.0016772834790655944,0.041647861199269665,-0.010605243907298556,0.022769971453855176,0.011696836623340312,0.004462343481677067
2025-04-28,0.014514278520544321,-0.0013450298964690077,0.026458052329845216,0.017717404202796327,0.009120054014826628,0.001241161162248483,-0.01263324409132005,0.022922610133913723,0.006415380721003228,0.013361842094884224,0.005879989346360803,0.005215121935647993,0.008012088550477747,-0.0034427495736757407,0.0030326833481999493,0.0049759431291167555
2025-04-29,0.007299264862472565,0.003479245950104959,-0.0023559854240967626,0.009446743203326058,0.009281861433603211,0.00826445631317907,0.0011994565439064075,-0.000672232196000877,-0.02529884848430597,0.023206737398657085,-0.003757792839939933,-0.003891082512831323,0.012137571809731407,-0.06379545536824438,-0.010770939157786819,-0.002362056493882436
2025-04-30,-0.044057979949878145,0.009730419025811399,0.021947544659119966,-0.006818268559407814,0.006050403690933015,0.0049179769750264946,0.009185373933174423,-0.00022428665432083772,-0.0028611918101294487,-0.002577336305111033,0.002095595234059333,0.011284718443284492,0.017722512396375567,0.004673988892627712,-0.022731561933014177,0.005029202383132647
2025-05-02,0.0009096119180658224,0.02591940299842821,0.053146709269036085,0.027863801584144143,0.01828248243688324,0.024062095630550173,0.01899482914586259,0.035774415171957674,0.01629436849156929,0.016279055203984427,0.025512172805592703,0.044206027059048525,0.021063623445578106,0.0568071287961982,-0.005864006844040981,0.02325689807118536
2025-05-05,0.0033323361219248504,-0.007125893126529226,0.0214248779386097,0.0,0.023643525406517263,-0.001991205336144941,-0.0023300939075645566,-0.02534315947807142,-0.007260303701639992,0.009189796590025834,0.015435410446878794,0.0004109833525107742,-0.01960787822782173,-0.015060300584122333,-0.006881629393326705,-0.005475827078179174
2025-05-06,0.0006038446374676543,-0.0023923453058144473,-0.010361376178172232,-0.004714428191123776,-0.004862649106384231,0.004389404572265887,-0.024133891346707292,-0.0007947749763994594,-0.006399132266784235,-0.022444529596022722,-0.010944493746817496,0.0016434482502407644,-0.002083292192433639,-0.00047047942569666823,0.010888934009567253,-0.004012750270885435
2025-05-07,0.0024141053543931257,-0.005232164273127449,-0.013151191325997846,0.0002630550893261141,-0.006840918084759173,-0.001986521758491122,-0.012360701324246492,-0.027159089089082156,-0.011449634879299286,-0.01758071923308069,-0.011065601149401916,-0.004511924929103683,-0.043110692052944155,-0.0049423592481536716,-0.006071280663684231,-0.0091049509201504
2025-05-08,0.009632736621829396,0.0010957319983360136,0.0245827787138726,0.012891390353818144,0.011562051374257587,0.0,0.001641399919091402,0.024763430931495245,0.00785930712146743,0.002537425808008642,0.013261559881974971,0.030902369562299636,0.0009818847477585102,0.019157998268463317,0.005911301640550981,0.008863447907805133
2025-05-09,0.004174102740126084,0.006457955365339663,0.00037875520825214615,0.006493478169839806,0.0133754681747833,0.0027866031254257795,-0.0073740393557977235,0.01402026524099309,0.017340507016588402,0.020913829694599206,0.0032718720968312187,-0.007993602157908897,0.012641561960520242,-0.0030168813711577425,0.016454488663669498,0.006408531221147928
2025-05-12,0.009501173423137832,-0.014246840267266303,0.0008836564170433547,0.020000043337038642,-0.02351810859849479,-0.018261175917951955,0.02806439523777149,0.058565666452897513,0.07009578398828387,0.029618933257772095,0.03505922690415142,0.00846094654348728,0.024045024747100463,0.029096805362791356,0.022740417305221916,0.013733668785310682
2025-05-13,0.0011764913149496792,0.004633639489206365,0.015891086644372443,0.0003795177267600369,-0.0051609508862161535,-0.004448041722499352,0.022480894048631406,0.013592454762109352,0.012064176251324277,-0.023824595583099795,0.022449697921405498,0.005193734572951358,-0.015690150480055842,0.013124596747049466,0.006406683157418991,0.0030228889025039063
2025-05-14,0.018213797500016282,0.0037338422214761025,-0.009931795356550976,0.010622040223810414,0.004446647905417267,0.00731111054160638,-0.01884571303207827,-0.0309062039515422,-0.021791840016364583,-0.03258467607905968,-0.007704088233668083,0.001589824534202533,-0.009697946220719733,0.0006817904385654217,-0.005616974034901134,-0.004704195886244045
2025-05-15,0.00432784648019191,0.014004397118632106,-0.0017554702184384707,-0.004004016308557734,0.00245938205844487,0.01774194744382429,0.013205294647284926,-0.05005409933509075,-0.03408227105113326,0.01154049308247762,-0.0034937654819493513,0.01031745652680005,0.011593949247520552,0.002271178804734042,-0.004707239523396911,0.0021284448987541893
2025-05-16,-0.0037346685616269637,0.006905491316619106,0.0064062358167087385,-0.0026381628344565033,0.01202163146822155,0.008320126583805099,0.029620913701362328,0.015818877487864702,-0.006702162193320316,-0.008092299926665492,0.006622482837858268,0.005891622820013875,0.021364171695414047,-0.0067980967210165,0.006999577936034784,0.004229942388997987
2025-05-19,0.002883527959622878,0.009490594130684205,0.010359458145717593,0.03418239438049753,0.010181773792613535,0.002357599389745113,-0.0007672121122588305,-0.016244727729888164,-0.010517887916868918,0.01257183793692862,-0.009674974712451045,0.011714169562898169,0.005120396731836507,-0.0022815423861529682,-0.006575157705438706,-0.00038800290318052877
2025-05-20,0.014663697662037789,0.004430473618528552,-0.00037061638852042833,0.006351226377593111,-0.0014398262834209863,0.009800101494792157,0.0034548710037787256,0.0397449294295511,0.012635331255873794,0.006604147617532696,-0.003516975555208246,0.008104945857246415,0.01365699628941508,0.013263248279102857,0.002458343733146018,0.0074572297198618465
2025-05-21,-0.0025503278984764233,-0.0016137052330181811,0.0016065997824641354,0.0038640811684678145,0.001922567055610891,0.004270250457192759,-0.003825554794756436,-0.02541069409182939,-0.022281621997954026,0.011547105511136024,-0.021176523378426126,-0.006125572101306154,0.002459402963961077,-0.008575983430835432,-0.01301638036369579,-0.004020145977431833
2025-05-22,-0.0014204071880243863,-0.0015086140629795297,-0.005182131506665466,-0.005645450370135974,-0.0028783625770589794,0.0003863087852402636,0.008448587782631911,-0.013710965087622706,-0.017319974222906986,-0.014787941436021357,-0.02363770873132609,0.0038521381905092245,-0.0036266276041666545,0.0066014670945748755,-0.015672774516163,-0.005821420873340921
2025-05-23,-0.019630312570063535,-0.0075545494277048375,-0.02455650922937458,-0.02141941836549055,-0.014433449086500683,-0.006955038378286593,-0.04798174337645966,-0.01264811308666991,-0.012574711007031447,-0.017906485300773434,-0.026261913637738,-0.022256381530525227,-0.013596019940807502,-0.01786527407503491,-0.010291301550700793,-0.01653519386394442
2025-05-26,0.011779326964861836,0.008699467809073491,0.018563229565064843,0.018196290269254733,0.00805462549487701,0.006614885552783223,0.020799987792968766,0.011194449750902002,0.009290204473178632,0.0029493914732114934,0.006742602653145413,0.02040815584969291,0.007054498916698737,0.01819024783815637,0.015891752022555217,0.01211858471920313
2025-05-27,-0.0018381605305046733,-0.0007546323114718811,0.01235800112845431,0.002589928969042088,0.00048427259402283873,-0.006184862480445585,-0.007836990689328416,0.0012553712799900918,-0.0032061383452898218,-0.001737719336176502,-0.0020929578409791816,0.008168051550609956,0.00010779325500331893,0.008367212997092643,-0.004635081141439623,-0.00017115757787078412
2025-05-28,-0.016267727569276857,-0.01488838975578699,0.0008630763151853404,-0.010849846557789755,-0.006050338863659688,-0.002722716965197991,-0.022116867741792667,-0.011284612248778858,0.0036314416043263797,-0.01861269899050877,-0.0012583464365831798,0.0011573602578736075,-0.0019396583971593717,-0.0040367522260756905,0.0019402836870754392,-0.00494327064009048
2025-05-29,0.004368155787241035,-0.00350454170824932,0.0013552436643291532,0.0032645702025289047,0.009495967678265771,-0.002340067077759689,0.00040384023530593005,0.0,-0.004962253587387333,-0.0009551264616084465,0.0008399545782391549,0.00038537997501197907,-0.007017938961386028,0.0015761803193716784,-0.004453822561024334,-0.0010759855044777389
2025-05-30,0.0006213252133249192,0.002307935920463411,-0.002952702177548505,0.004034829129761608,0.0012059632938890008,-0.016028140472560626,-0.012111425260238784,-0.006456044271430761,-0.006233782414942657,0.017208379371584703,0.018883737949627166,0.006933697036397568,-0.04838539217758531,-0.004721168263419617,0.004862895885795471,-0.003577259510168518
2025-06-02,0.002794168120025642,0.003179834706484641,0.0030848480391372224,-0.0055742041961538424,0.009154446723215415,0.015494680763622926,0.0016346921138623571,-0.005453719335438922,-0.0021954425981641768,-0.0036251507133236993,-0.01359137709954672,0.0015301985685691744,-0.018395715753087627,-0.007454299118030194,0.019744402090588364,-0.0018950141381219865
2025-06-03,-0.0006192092333154875,-0.005355753363325388,0.023742115880497794,0.006648391535429843,0.00572933115215335,-0.002347515097370856,-0.0016320242566801868,-0.00011671661679102385,-0.007544051744573288,0.009837015319076325,-0.005427995884702441,0.012223118243847253,0.01001039395062131,0.009103322839240535,0.006643804449000923,0.0034430605083268784
2025-06-04,-0.0021685160307104434,0.012637379405262772,0.022470579831866067,-0.007510977925014095,0.005221870411305396,-0.0019607517663644547,-0.0032693218705964755,0.026837855527825027,0.006440025584099729,0.027088320164975643,0.0,0.0018867924528302993,0.004033722681301866,0.015110537436307192,-0.014331462913935944,0.005259005717108911
2025-06-05,0.006830215056081057,0.00010854189978126705,-0.027500296103226796,0.011221242728001846,0.003541948790637406,-0.0027504703301149958,0.006560090789484274,-0.004318160769384516,-0.01374169642948253,-0.006755894666183981,-0.01763226241464344,-0.0037664783427495685,0.0042469594297851465,0.004665643357117943,-0.007652588121543791,-0.001845036688020607
2025-06-06,0.004008666879182332,-0.004665801737077979,-0.0009668123990497213,0.00825807428948,0.004941154928768343,-0.0023641017815524412,0.011405307746467752,-0.010500009310378977,0.002446240813419598,-0.0023544640849819665,-0.008547033767333012,0.004536908155127639,0.010515554015355866,0.006855319553857875,0.008290030422444694,0.001874145263212501
2025-06-09,0.01289920611888662,-0.0037065731477426977,0.0009677480298442287,0.004479113709006111,-0.007492383556162552,-0.005924134785367796,0.004027386176840064,0.025028936527293322,0.0006365868390079132,-0.006424576289022599,0.002155205401406457,0.0,-0.010632308590313055,-0.010322824106005268,0.0005736728231506838,-0.0017168642325311456
2025-06-10,-0.03092784936086468,0.005689947214507107,-0.009546802931875487,-0.028029056790212836,-0.0044821568635214915,-0.004767589236176151,0.008423549213878667,0.023517426037759748,0.006998261498941227,0.008973327926242503,0.009462361622520454,-0.020323764267857314,0.0013718430949227756,0.011762067734529147,0.02407789505071789,0.0016505053509350276
2025-06-11,-0.005319091796467057,0.001958357834942026,-0.0018302462484691695,-0.0009175460937119739,-0.0023697224410049733,0.003592805200482996,-0.0055687904951217115,-0.008904928342463925,-0.008950244734317936,-0.0104629875169292,0.005538902447083993,-0.0015366650604782262,-0.010046778059257577,-0.0206185435892301,-0.0007464847665737961,-0.0036428720334289455
2025-06-12,0.005347535830434014,0.00010861262491279611,-0.005011561049407476,0.00341124697049211,-0.005225591780985139,0.003579943162072663,-0.013200012207031264,-0.03128121511002502,-0.003718639493229481,-0.006740649947798438,-0.010593069578506031,-0.006925693863947036,0.011186728531252133,-0.01007838745800671,0.022222322874663858,-0.0013876257665363934
2025-06-13,-0.008448014960870665,-0.007600401301188664,-0.007493824751624967,-0.015690445956202392,-0.006208264794635321,-0.011890534396692964,-0.019051467395146515,-0.01190888122230116,-0.015889977043426762,-0.012508349187042467,-0.017130775895609407,-0.018984924600537245,-0.010036464990363592,-0.002488701591664255,0.0010960557501129564,-0.010357829949106945
2025-06-16,0.018617804837370633,0.003938737465443154,0.0027231398794425044,0.02948992680000906,0.009130251750778307,0.004813422794209377,0.00330579773453632,0.11762661588142032,0.012895594795650611,-0.0022907306667578897,0.004793080479632561,0.02330177419583257,-0.010599144769514068,0.006804264099636859,-0.005109425083453023,0.00749023476281474
2025-06-17,-0.015799205105927583,-0.00697470983815196,-0.007900243077023972,-0.019741863405408067,-0.008809498378208658,-0.007584754724642151,-0.009472829583398013,-0.04085437816707016,-0.014229202100865979,-0.0032415239531656814,-0.005203746106895113,0.002701588857444648,-0.011993465442919349,-0.000225289715905852,0.01815834078503098,-0.007557276981211225
2025-06-18,0.0018885572891995661,-0.006036029797842124,0.013935422692803678,0.007897837218519,0.003122681962108631,-0.0036203277846765802,0.003742178363760562,-0.023459469056389293,0.0072715166116135155,0.0027100271002709064,-0.005666979163744035,0.008468099732107826,-0.02404243903610126,-0.019603384246850597,-0.016393384125078403,-0.0035932891123753308
2025-06-19,-0.025447674140241516,-0.01545767396043074,-0.00748554867547091,-0.025205780504779174,-0.004310260960563861,-0.022607949563898444,-0.004556714467848222,-0.03188319425363573,-0.02478180020485743,-0.0172972808013091,-0.024112167113344407,-0.015648878257693233,0.0037435719976797177,-0.013560086908113611,0.02139538830097676,-0.013410176473657054
2025-06-20,0.004835577573072847,0.0023550419287301505,0.035484688826375343,-0.004555111329195727,0.024530942716423754,0.005369566024524763,0.0020807323913862863,0.023556380627175022,-0.005745173104397927,0.003712888011149662,0.013926293196944384,0.00891825655284828,0.001203061487208723,-0.002562921883107916,-0.004371602048735879,0.004793830633843532
2025-06-23,-0.006737279156473375,-0.023271361217015674,-0.0029850280981206234,-0.016419897951056805,-0.020422510869648747,-0.006162658010191779,-0.00041530773358888773,-0.019662598036367385,-0.00033342938069691463,-0.016303636136490773,0.0031013563913562248,-0.004611883746094669,-0.0018024696428577958,-0.00560615244631435,-0.006952076835486931,-0.0068633286548877015
2025-06-24,0.02099488194768373,0.009851094848664532,0.021556865609834386,0.03147221844651238,0.0035945729097621726,0.016535745682071612,0.007062721104262204,0.028376061840367894,0.008337009305604548,0.012674060704648493,0.005300499998257324,0.015830139395813125,0.007102491506592701,0.026309563937729763,-0.03279292829947822,0.010403938137233615
2025-06-25,-0.006010772868994874,-0.011002735712453582,0.005509948031441114,-0.0022551971272142257,-0.002865395022002337,0.0008133510255663445,-0.017739224015018262,-0.020279199642743384,-0.01929222785169915,-0.02049231725925882,-0.004393739852505463,0.0022805248559345515,-0.016734418654023808,-0.013504220597179262,-0.004190473995873689,-0.00759324478437251
2025-06-26,0.0063653966407959395,-0.0017203982300575404,0.026582781342959327,0.0007977016457370034,-0.0040708375425785315,0.006907800780661555,-0.02939941125812784,-0.013233862260398577,-0.016299463076510423,-0.01783208647761081,-0.01412186363545842,0.013651783918429139,0.0004862741853701724,0.002552218337623202,0.004399395977455756,-0.00011247415226400825
2025-06-27,0.012966411422568935,0.014361213084236102,0.011924979446689798,0.021655473433410233,0.00889634360488789,0.008878133047115488,0.013846805987572486,0.05570838503053355,0.026854068546608767,0.015439582263000462,0.018352768871524594,0.018331554948882722,0.002308563851355361,0.0645683719101835,0.00019045014897245416,0.017762900430570605
2025-06-30,0.003122144634079671,-0.00815495767626051,-0.005274955967905504,-0.007542233006172516,-0.0069113661071231736,0.0007999486105150222,-0.005975284409040937,0.001954387966512705,-0.01046067356458702,0.02238494254162493,0.010549416672745782,0.013592878484659954,-0.0033943361201110855,-0.018260856296705152,-0.007997004296322219,-0.00333348272956302
2025-07-01,-0.007158463801397397,0.0034258656252519337,-0.02786864980734083,-0.014675172478815446,-0.014638752638796548,0.002797740619316036,0.008587376781507894,0.05938452813812867,0.054993225897102205,0.02685210640624547,0.006524568577423784,-0.0398695188232846,0.010461022015921584,-0.01527899424984247,0.004798493372988988,-0.0004331269780526448
2025-07-02,0.0200627368228965,0.0007966278893389855,0.016596989468876888,0.019016027290817306,-0.010228981237097146,-0.003985585472193964,0.007662848439881298,0.036466778399123045,0.04146683028946807,0.0,0.003025068553194288,0.005284990293474401,0.006500552756845579,0.0058465831224829845,0.019675331862443635,0.009896142123129614
2025-07-03,-0.007375589173762909,0.0003411277969529447,0.009019270942561164,-0.0006524674430380406,0.018700840247159345,0.0024009330441832066,-0.004647194165224744,-0.020774654329038356,-0.005322433564727391,0.0,0.012925448697005626,0.013894150869836919,-0.013634725287961502,0.007824726348125921,-0.0001873461364874096,0.0020843897042732706
2025-07-04,-0.016718235942220216,-0.0052290448799539035,-0.007807120394838218,-0.022198994954165108,-0.009661872249663306,-0.007984025620167201,-0.009337912351600641,-0.0015118232249954344,-0.017596224333441657,-0.007777910282987022,-0.0038281330225877763,-0.0007407859519675819,0.009943005731620769,-0.01552795073103408,-0.007494802276998946,-0.007515560106535202
2025-07-07,0.0037783038734251484,0.0021711210990025265,0.01083359075062873,0.014155959800479678,0.012926799495045938,0.008450767661209557,0.014995715901999107,-0.013828655187927974,-0.004189787339355711,0.007568557103876383,0.02476526336948215,0.018161692497267845,-0.010205288327264639,0.009238409680687454,-0.022276828466715415,0.0035342049127009556
2025-07-08,0.005018875751968244,-0.002280466992036767,0.009250894832905976,0.006189149424685514,-0.001926270616634529,-0.0023942896874170616,0.010552976211102738,0.013306132062010034,0.015357082820586676,0.0033534540576793948,0.001666609811502573,0.0010920559870331026,0.010795722504751248,0.0004465555029176116,0.0202741973953231,0.005598486805924008
2025-07-09,0.023720296498646265,0.010971418108258968,0.019226496456256292,0.03219471073250291,0.01447523433238529,0.01639999282170579,0.05639097888129996,0.009090864777651753,0.01077388958038683,0.0009358451965657544,0.012479289231877688,0.01672729492187508,-0.00012003043334551933,0.01629097900811538,0.008326944936424496,0.014388331811287403
2025-07-10,-0.009146318415812038,-0.002373944004590456,0.005154623361217414,-0.012171942568966698,-0.009750293813341138,-0.007083869387481068,-0.01146695913987017,0.033033026816116084,0.03515424598810779,0.021103228977375377,0.016433799210087585,-0.012875558029075251,0.010081660710055562,-0.009881423057337302,0.004129201801181592,0.003019630635994197
2025-07-11,-0.01538461538461533,-0.00793197675061974,-0.0004364633042713839,-0.016814260920499646,0.0012007501871618143,-0.0027744538369337546,-0.03040002441406242,-0.03740314299339598,-0.03425741527806303,-0.021975131187663477,-0.015359815765142004,0.0126811594202898,-0.013426863517607579,-0.0011088933394725053,0.0069158129663664525,-0.009232808495997946
2025-07-14,0.002187490463256836,-0.0013706766693210026,-0.0012007133709900364,0.0010443361322378664,0.0019189693857040169,-0.0043720219078074996,0.005775615472462636,-0.00855639326052271,-0.016711105658009484,-0.0020061521673275795,-0.011083670536557011,0.006082333477750446,0.006142384002510992,-0.006882784514930629,-0.009838438219127665,-0.0026975775686078896
2025-07-15,-0.010601813402660087,-0.006061978467881812,-0.01562846322814937,-0.005868480956144451,-0.00837927423946927,-0.011576830820649975,-0.006562781310449628,-0.0016245225126404472,-0.004587654739393376,-0.01474135596361803,-0.004981457345753282,-0.004623109011779647,-0.0100551108221143,0.009836853418603075,0.002624663691650042,-0.005373853458279232
2025-07-16,-0.0015757717548653405,-0.003797489358575157,0.004774114480226688,-0.0019677767755350573,-0.0019313862842562646,-0.008885368533585458,0.0028901608466651574,-0.02267874130524139,-0.003666055861552664,-0.009793269977536045,0.00959541324658586,0.00035729226758252075,0.006045949437131437,-0.01461148090580644,-0.007292465503993539,-0.005681035847526106
2025-07-17,0.00883834522094773,0.00485154407330346,0.023646393071818483,0.014064179225364626,0.006047411685467852,0.013855010963462977,0.0053520094047914135,0.0010404979596547737,0.002628292857450587,0.00013732910156272204,-0.010743843592365354,0.013571384974888412,0.0040865862951493526,0.07728598837287826,-0.002260209282801684,0.01293822763935637
2025-07-18,0.007196481502656615,-0.01138059418417181,0.005073386962638482,0.008943505235947224,0.007213254050490336,0.003215418717441576,-0.0016379766645499005,0.025675752072025215,-0.008598150339045985,-0.0041203132819579436,-0.011278121137206387,0.005285412489496766,-0.005027509747934977,-0.010844655280565552,0.003398106793756739,8.564585464077012e-05
2025-07-21,0.00310662606662504,0.0008139499398165384,-0.0010739650557857194,-0.001284650153800193,0.0026259396503773846,-0.001602588225714685,-0.0012305293191243738,0.0,-0.008355371069994844,0.00041380339019125856,-0.01605415506070107,-0.0077111173627163465,-0.009865251055443891,-0.0059034110584691435,-0.00545624930086952,-0.0031254938883308325
2025-07-22,-0.004955089590448769,-0.0030208218560746625,-0.02526610653618322,-0.00848975956371667,-0.011666706630161783,-0.01484748143031056,-0.0049281188839515044,0.02665456966698798,-0.006932617596458801,0.014474772052125662,-0.012022342090818539,-0.02684565856468646,0.003037666959049501,-0.016755024170698518,-0.0011351347078466523,-0.00690029995451058
2025-07-23,0.0015561542296418374,0.003612693122110766,0.011361143987618894,0.018162942912443913,0.011563560017890717,0.018737229921373055,0.01609572367876244,0.04935832580957866,0.030931212496098315,0.019024323325912418,0.023033538558882904,0.011252290756862626,0.02543910837658503,0.01876613799593141,0.01022729473865791,0.013689876619678909
2025-07-24,0.021131146635396725,0.0038317950666026945,-0.004253491157677369,0.00394999898460191,0.005001168756331609,-0.010795717818189332,0.004061738474392618,-0.0009408012216580719,-0.020210467717797442,-0.0034671776722842162,-0.0029736653678399394,0.0017946876850183369,0.006733605251619146,0.011645141101318313,-0.035245622414597944,-0.004095366738524064
2025-07-25,-0.006695107018160562,-0.007056109102198893,-0.013143499149727567,0.0010154085747748898,0.0016587605108693282,0.004042098312955877,0.010113268733265457,0.04425612304019855,0.03923452367354563,0.002810165469553816,0.01619085614582705,-0.005732734032697251,-0.0012907839565348134,-0.011092482060224063,-0.002526137746039603,0.0020848950685670165
2025-07-28,-0.007965634999848037,0.004193856310693356,-0.014206408959469008,-0.018891850438583657,-0.0028388675321796564,-0.0068438395806811325,-0.014016820355530424,-0.026600585091999696,0.0010231356904419897,-0.002935698072269899,0.0012578188459624329,-0.006126170115427931,0.004582298047839606,-0.0006348947999339494,0.020845464877140785,-0.0043014679761324
2025-07-29,0.0015441394506248152,0.016937433475129104,0.010132887139277624,0.01421556331838536,0.007354627458397989,0.014592650203536284,0.06904961604188364,-0.01597956139740897,-0.029435863477876856,0.0,-0.00418746241739576,0.021392402738216854,0.004093549404925012,0.009106284798407582,0.0024808973486287744,0.007240206401997185
2025-07-30,0.011717578308335197,-0.005703855568239269,-0.003232341918413373,0.007517866481790536,0.0035327727063885206,-0.0019975696520914132,-0.018617113171743194,0.01623905436364881,0.01253158487618622,0.04001601029233104,-0.04541632225009351,-0.003194974707352971,-0.0038439352000008142,0.003987395375623093,-0.004568835946448857,0.0005854508048876994
2025-07-31,-0.01554410590929256,-0.008719620287956253,-0.015766560475380165,0.012520434576575923,0.0016427996672503387,-0.026421216988075202,0.008904446067532712,0.0027791220284767437,-0.017472654858162406,0.0020589842637521727,-0.05242296606556929,0.03098295080214064,-0.07811039017057031,-0.045777579799098134,-0.005163484203796198,-0.01144622289363828
2025-08-01,-0.014241458060000878,-0.014930565888253589,-0.0394227538537133,-0.044091844244636746,-0.07849106021948271,-0.023437398147583277,-0.020337693505857235,-0.0016166734101769054,-0.022652749892313917,-0.03403107690327667,-0.03393769427975735,-0.03177897135416663,0.01902587607400852,-0.06286968720050645,-0.018262269578678714,-0.02905441636439543
2025-08-04,0.008479913833848718,0.011867020667223782,0.019041953468033723,0.025741549625101445,0.016526765342492533,0.010105214676320973,0.0035253002135333666,-0.005088998649751764,0.001407997870634059,0.009970752297642438,0.00914333305208026,0.0264003736579832,0.020662232235209466,0.02524548531724924,0.009986362716519537,0.011376595195093486
2025-08-05,0.0015571235163549524,0.004412415714107221,0.016713058008296366,-0.0015287395497183276,0.015507727338260002,0.005418940115236692,-0.012880632916910884,-0.016972874787791192,-0.012545967580151252,-0.017243696736342407,-0.0009537110295563256,-0.0006952109786054761,0.00036583877191320724,-0.0205198355557612,0.006203979552142691,-0.0014373313058256842
2025-08-06,0.012437858450770278,-0.007167661810196901,0.015410966954196859,0.011737778009078381,0.003940883089296188,0.0066335332873208586,-0.014234839587224823,-0.01017022652253552,0.0026287574303394123,0.0036164107893414954,0.008591828581531402,0.009043499490489104,-0.028769970077668572,0.00023278887824651484,0.011560624056397018,0.0018356741366065688
2025-08-07,0.007063867706866844,0.01059622369833213,-0.0028106112411171447,0.002521996329036824,0.01987245845550234,0.011532102509376863,0.011632546574346758,0.018399046479720793,0.00742839384630356,0.020018684431294176,0.004259435658911848,0.003791816892010358,0.014685555363817882,0.025366519866964143,-0.0022856855248735153,0.009730157072462609
2025-08-08,0.032021933752472975,0.0011521888819705506,-0.006651594309951769,0.025157312599418225,-0.0043300530790764125,0.006921799110069182,0.0027755628735628424,0.011966208896081243,0.0005421887174548168,0.005756933775137529,-0.003770016117368047,0.0,0.0011133593686589727,0.007716735926884155,0.006300149053511284,0.004368760999568844
2025-08-11,0.0073877068224801334,-0.00736562773787619,-0.002383407196379972,0.0006134794712362446,0.005556886823580243,0.01010920321608788,-0.004744946529074978,-0.011824711923073772,-0.007261271674295244,-0.010277122789917215,-0.03642382522284471,-0.013736263160442963,0.005066057471503793,-0.015090117583403617,-0.003604671600034748,-0.005744540936168163
2025-08-12,-0.002640074866091191,0.0068405372509057205,0.028782722516560222,0.002452413379681717,0.012013455377985371,0.0008006525546788712,0.00834329014293722,0.0011731704213537864,-0.0018559324613978134,-0.0027602203202308218,0.0044182326427806284,0.011838418356449942,0.0038112269725278924,0.01623600800756697,0.012376220556410189,0.007131228106761922
2025-08-13,0.001764746273265061,0.011860967896448305,-0.007187871177359195,0.014556683053623898,0.013057911942257805,0.012799938718166093,0.03191485716048126,0.018748515867854643,0.027233990349116777,0.023197542246954583,0.01417405780834513,-0.00412942939376193,0.01873850276428901,-0.018901876714339072,-0.01241300831238723,0.006648716758305584
2025-08-14,0.006165563006621966,0.01638778612724834,0.02350186270766108,0.012056850595717483,0.00515587602868095,0.010268592124215159,0.004581948205411468,-0.0257649114472579,0.007027190115683757,0.001545809900683981,0.0019276450927290245,0.014512827559124197,0.0043279707745944584,0.0183486238532109,0.001142700893834947,0.00837538480056299
2025-08-15,-0.0014589797605100152,0.008957597957977237,0.016868019224583364,-0.002859235455534792,0.01189093363227145,0.013291648335072015,0.016723655622999933,-0.00047228891116568583,0.006766806542598092,0.01067522545719446,-0.0067340147215535495,-0.0061308524289070965,0.01687809453270872,-0.006306278812992838,0.017119965190355524,0.006748164960713288
2025-08-18,-0.01870249464693874,-0.0012207369837585746,-0.014233730455990301,-0.016845833774412955,-0.014285777068747896,-0.0123456812775955,0.0011214496933411588,-0.006614662350747591,-0.0005251065180059689,0.0010180552372056617,0.003874079576204892,0.004112447762961047,0.007416184878692222,-0.009519519698155343,-0.008415939847676857,-0.004972630565445946
2025-08-19,0.009529472226778912,0.01811108059353317,-0.002062762754022618,0.006926736653131371,0.0035063471285439185,0.007812493710613655,0.014936520471734882,0.02972653649938617,0.029526076872203655,0.01703537354432383,0.01591901122741146,-0.003071651523837482,0.01063327895822308,0.021739130434782705,0.012825362656597061,0.01205348466735967
2025-08-20,0.008849534618207366,0.009494737233003203,-0.02556571664204066,0.005430788018444099,0.008851643731980552,-0.003100760427653393,0.013612996222242435,0.02378746663802267,0.007450520763629953,0.016750030517578285,-0.0014245699797461597,-0.009928085709990264,0.0062435070975246365,-0.03449046785326848,0.005772751542620247,-0.0007582694884009644
2025-08-21,-0.007602401474570031,-0.009189172693200964,0.009936391755027918,-0.007081914600129635,-0.006003281643643832,0.0003887466983960586,-0.012704174228675091,-0.014888231650039052,-0.017323483748471924,-0.014752888664644748,-0.015691804189867375,0.011410745690447532,0.005055756033296888,-0.0025516262768306985,0.005184282945241092,-0.004357157445771365
2025-08-22,0.005008897776112242,-0.0009820399976724348,-0.0011054265456987844,0.00797864907783885,-0.010685228632400401,0.0027206007255962117,0.0,0.02495989227710438,0.020824769394833798,-0.004242605827905366,0.01207724058795323,-0.006837606837606813,-0.0014862796501451392,0.0018604367278345357,0.0062626334594699795,0.003955499507984461
2025-08-25,-0.02961014711691201,-0.013324609580973257,-0.000996062273369569,-0.03538012965891646,-0.038271919752885686,-0.05813948844181305,-0.010294072768267437,0.0020107312013679657,-0.014239581433224235,-0.004761889464873104,-0.006682467947201287,-0.0020654254854238774,-0.012365402415200455,-0.009981401844967763,-0.009701640782293963,-0.0158914466277722
2025-08-26,-0.05438064410993437,-0.022249220592373442,-0.0036556976512772676,-0.04227285729588848,-0.04028314814604406,-0.05802477914903292,-0.0122586112960833,0.005351144521891227,-0.0036881059544775496,-0.0010072875606556009,-0.004324933227614625,-0.006553963216580194,0.00023181825378149057,-0.011488848526340911,-0.021996235416726795,-0.016987033064372214
2025-08-27,-0.005750747674588386,0.007924792638191569,-0.009005991409395953,-0.006490895937431129,0.015517597922770854,0.0109218262965729,0.0022565104072518327,0.01796406982180332,0.032390718617932635,0.0114695932769322,0.022683339668940983,-0.002777735392252567,0.0030134694008927543,0.00308346246240232,0.005669934096088625,0.0044255457564053025
2025-08-28,0.008354701623446648,-0.0037066363650386513,0.00201952888353496,0.004834691590080098,-0.0005009179354612536,0.012100236138929743,-0.011632293071353161,0.023965125760270656,0.022111544184274967,0.0027414482330607726,0.002831544459646951,0.002089051394277064,-0.013635316532150221,0.01064081358464497,-0.002067242172847039,0.002410910409986533
2025-08-29,-0.0038240578423850424,-0.006651593666174516,0.0024632706268898907,-0.0009102677317783803,-0.002756907422176824,-0.01024760319642859,-0.01214875384815195,-0.024893643610607974,-0.017540426523413144,-0.011060052540141752,-0.016000036206790913,-0.010076421193493945,-0.01019215956374453,-0.01707999040060071,0.007532986747743831,-0.0075619244291900145
2025-09-01,-0.0006398099045819006,0.00045398836965437894,0.01641914831607849,0.0028635066290219058,-0.0002513731088293891,-0.00388271588220368,-0.005764796040080511,0.0028366398940808946,-0.0007934913558595991,-0.0023874885750820862,-0.013390680095616614,0.0024570453563632633,0.0023671982801940494,0.0009521397064340409,-0.0009346296307866098,0.000519217545750239
2025-09-02,-0.01376441447907184,-0.007941061435276509,-0.015604438674067578,-0.014406290656124865,-0.014580141632867138,-0.020788122061782377,-0.0061847933050547255,0.03829418247727312,0.018463400899352722,-0.00037794283776027005,-0.011148732101050718,-0.021358564331769192,-0.0021254020543961527,0.0040428352129160405,0.0014968063688425293,-0.006960378705415771
2025-09-03,0.007140578530237196,0.0048028108976199135,0.030922046572081197,0.0032920830732010575,0.003316353713904485,0.011057009962155862,0.003500559607618303,-0.009010965289776851,0.01520460958842862,0.007056497975518328,0.0034313160185781566,0.007513438653007576,0.01905100662234327,0.029133082513833175,-0.014010917998148464,0.008552106468628473
2025-09-04,0.02352560509450785,0.002617454425287491,0.011694680245700306,0.017981286364396665,0.01220441189650101,0.013998252827642998,0.008527179097020277,-0.01607103843971902,-0.04166663711502183,0.01201198128041403,-0.013678570342196217,-0.0024858387494989254,-0.08313984479515757,0.0,-0.00037895178437963306,-0.0026931114209859386
2025-09-05,-0.011964769060979763,-0.0046537575461511604,-0.016161836598349577,-0.013408939543955833,-0.007535871424487972,-0.0030198217392150006,-0.0023059418730473347,0.020202087381115064,-0.005710241023002105,-0.0043273986805448805,0.009905923468151778,-0.009611896575719037,0.006838917449196513,0.004833155589218929,-0.017816505284594997,-0.0031355225101329376
2025-09-08,0.015933716168645917,0.008780894305264964,0.02164933873663677,0.0023523419278603797,0.006327512291078641,0.015144980620568793,0.009244968567247991,0.006530392212738212,-0.0002015263277801438,-0.0012417732710273688,0.0024521594283990478,0.004313377558589515,-0.004654122598516164,0.03595964606040525,0.0015438884701850508,0.007825639337549761
2025-09-09,0.007841967187260712,0.00033912253682277793,-0.0014908583771421346,0.015254339109623372,0.002263585422214165,0.002983779403454845,-0.007633587786259555,-0.02365002844313424,-0.008364438999289847,-0.014422449038906882,0.024951071953123627,0.002147480732365148,0.020725381607132443,-0.011938965381878774,0.016184919684981258,0.0018811369417697232
2025-09-10,0.014627992230982878,-0.014125890272077668,0.0054388444067383634,0.003724090065124752,0.0030113613846176612,0.005949805898615157,0.019615408090444708,0.0010717568747311557,-0.004573167107631559,-0.020688815644649305,-0.000954621462574301,0.003214263916015536,-0.006066582693260436,0.0246140079441306,0.00037916372704738244,0.0015394356574556234
2025-09-11,0.011656475027656654,0.01570383746136006,0.028850258104347937,0.015992885321230554,0.007005223186028919,0.0021124103707426123,0.005658242042492656,0.02419703307735732,-0.004900447136732877,-0.011078160145779892,0.008122271544986015,0.015308004286149979,0.00572993387477827,0.0030574228328137387,-0.010803616718365494,0.00801412604057461
2025-09-12,-0.002122489260030891,0.00011287818712979458,-0.004020645470968143,-0.0013852361369577348,-0.0009938115658967295,-0.0008431829997838092,-0.007126758638357433,0.00899017795097068,0.006771312986951328,-0.007294563673373333,-0.00947858436217075,0.0014025030833237917,-0.000495428741462689,0.01023299005431233,-0.0013412489643255254,0.00021987734925654756
2025-09-15,0.0176238782662983,-0.000451375697219647,0.015940397299858855,0.012988659175099837,0.004725253562107623,0.008860759070311364,0.00680010468439618,0.05822626137599207,0.027616443931856693,0.01981372143396798,0.014832502068673259,0.010154040036796319,-0.014745909008830993,0.007543103448275801,0.008825879289476646,0.009161372591646177
2025-09-16,-0.017617202837205137,-0.015127612774730959,-0.01721855290307417,-0.01444047398989956,-0.01732675090348834,-0.014220006748351888,0.015384638287113006,0.031133692167506943,0.006941718005457842,-0.02895007674550376,-0.0009430355816590907,-0.016291203490576223,-0.008426685704169268,-0.02074868921290096,-0.0028528731378161254,-0.009967159286641825
2025-09-17,-0.010942267284346108,-0.0018339756606217117,-0.006323917593805128,-0.018946630110687424,-0.003274586035690752,-0.01230375957812535,-0.0014781740113167796,0.013862578613241805,0.007090722862800547,-0.0005300442660557403,0.0009439257372156895,-0.014094433305324783,0.007610427846091339,-0.008518990826727912,-0.013351093298183847,-0.0039958243073899835
2025-09-18,0.0018438093701811376,0.0026412003066476064,0.0,0.009270050562896426,0.0002527706926360729,0.007302379201137299,0.01591409177907077,0.006742860330350542,0.012321547899270868,0.0027840867759236776,0.011315380583628798,0.017869907856106204,0.008937551141143807,0.025115651134122396,0.005799269500519788,0.008684995079238478
2025-09-19,0.01411051903990379,0.006070310320890782,0.011267644455109638,0.015435565905495219,0.007832176459136031,0.002985119628892141,-0.002914345329576462,-0.002976729635538189,-0.013523893210412363,-0.02260713388308022,-0.00745918355498465,0.023876469810420353,0.0038677174384538215,-0.006662316069771523,-0.008840993217604232,-0.00012986253283164828
2025-09-22,0.00483968060392681,-0.006147464806984249,0.006602689848175469,-0.011557679364918916,0.004011026569572529,-0.005527226560074983,0.004384295345027045,-0.011009619953023742,-0.007050571009683981,-0.02069523609576107,-0.007045553026743034,0.009602152724148993,-0.002858510193339603,-0.004759870508280639,0.003102591318902226,-0.002989713103929925
2025-09-23,0.00933165403981251,0.004238202797864021,-0.004509554042734121,0.0031774374066591005,-0.0007490332052020321,0.0017101582669059034,-0.001818843256098046,0.018868007426078748,0.03195273399564469,0.03508290664925773,0.008987744853872215,-0.009510828298295637,-0.012090255267567462,0.002391317616338373,0.012758546758528722,0.005352435276359868
2025-09-24,-0.008947189024229307,-0.011520412090001653,-0.0022649511213918005,-0.008995316114069007,-0.005497281813759858,-0.013657705964414735,-0.0178571210112084,0.012592587885296824,-0.026949603894783625,-0.020282908609345007,-0.031411185012965914,0.0034293552094268875,0.0030279820502279176,0.008024249925129068,0.021187247909213225,-0.0056618027022502515
2025-09-25,-0.008125201970601736,0.003923336297287472,0.00020630646717467727,0.0026847194616439474,0.003266358557971527,-0.002596249072804646,-0.012987012987012991,-0.009144206700424595,-0.004517810410372136,-0.0027240533461555527,-0.001936161805403791,-0.0013670331105285483,-0.02490570260293834,-0.005808910844153914,-0.002242962346736266,-0.004092044361608482
2025-09-26,0.02518209508827618,0.008390843183144758,0.00959459881949365,0.02241557040233677,0.018281981884725962,0.013015104415338818,0.021428617319666277,0.01513480512051002,0.017561200303242597,0.002185161921965495,0.0033947066590389596,0.013004748919299702,0.010319957254917744,0.018177870126672824,0.016298144714117724,0.009654419474576237
2025-09-29,0.0026635143577795617,0.005471283587966891,0.00030649525377013376,-0.0011607424067895389,-0.002459382058444759,-0.003854312029404894,0.011777628066556023,0.047090945473360346,0.01434942161937025,-0.005042262562799382,0.024166277317975604,-0.0006757169156461629,-0.0005107369213892543,-0.004250797024442088,-0.022119831353377695,0.0012946710041155107
2025-09-30,-0.0129870846379736,0.0024940621583324774,0.008274582595641622,-0.0015493237174390995,0.0019723376146161264,0.014187386366641519,0.004001477366092132,-0.018753323840547398,-0.004970385872777983,0.009450793925208423,-0.01698903400588192,0.014536911724135848,0.003449211505766492,0.014300986567836071,-0.024882099639120026,0.0019122030936513656
2025-10-01,0.017942652914439083,-0.005314952155163755,0.008510720040106667,0.013060836453133717,0.0,0.003815233353413605,0.00326084745103028,0.0028314520965064816,0.006724271968906015,-0.005834447480283278,0.0024003022190630663,-0.005664818968530327,0.08440479943774615,0.030513467229632107,0.013954326358131874,0.008993261655128926
2025-10-02,-0.004112790419596557,0.0037517261765518395,0.014918578176987607,-0.010339514889688317,-0.001968455156468263,0.0004221697355313303,0.011917726194607736,0.012528599794915163,0.036068862957141734,0.021427612864014955,0.027298866864892135,0.017426314723167025,-0.0016435711334451542,0.023075326753701386,-0.011823956765037669,0.011256463929291805
2025-10-03,-0.002064887659983805,-0.027749513560213823,0.0074239430605158585,0.0060621853231426215,-0.004437877196284079,-0.004221120377616239,0.009278998831793173,0.038166677773335156,0.01878779941159503,0.006279998688608623,0.007459298520361202,-0.0016469037877078208,0.02069616788902362,-0.0031936249571170583,0.0015692613645916786,0.0030918829103894208
2025-10-06,-0.03428919891587279,-0.00943613225943496,-0.012036342194926553,-0.03205128205128205,-0.023278910761310057,-0.019923660387512476,-0.023691591155081793,-0.018297878425001524,-0.0229613643143034,-0.0067719768307914485,-0.024525758648084928,-0.016496205540465714,-0.011751200882478274,0.0012014539664571,0.004896191180125298,-0.013581601201716365
2025-10-07,-0.0021426292852001483,-0.00352811274456144,0.006713042620803744,-0.011523215186517,-0.007606471792759639,0.0,0.0010865186031769891,0.05745557776904331,0.036269394046236414,0.014037433155080103,0.0033206870520929854,0.002012767833715845,-0.010958293947109787,-0.01640002441406241,-0.008575389454606896,0.0003851476812890553
2025-10-08,0.011042964024594815,0.002006351495457581,0.014077552931972104,0.007637675409375877,0.017629086667506177,0.011678170352094952,0.008321339946947504,0.01811116691129322,0.027678597635601987,0.010151631123310745,0.018912585230283607,0.0170739048460522,-0.0029467233709479235,0.011793449480499874,0.004914478865263527,0.010693590990671131
2025-10-09,0.0091019188529613,0.009776228694197142,-0.003166132240863928,0.004521329535680296,-0.0007532661967076804,0.012825915892366924,-0.0025117049744197706,-0.008576808968834171,-0.028323218483955692,-0.018141508995834665,-0.026914265227708567,-0.002633271313736585,0.0027190373199079687,0.0008038462451327444,0.00039126009179213384,-0.0023287490157293256
2025-10-10,-0.006013137652887579,-0.01084801433290239,-0.012948895001402616,-0.0005295328970418289,-0.0060300971952294,-0.008442374593349622,-0.016546784545020232,-0.009932739478351715,-0.02360514548972603,-0.01728034057017369,-0.02956598269161481,-0.018811921475350712,-0.017448754565651203,-0.015060240963855387,-0.02229172515413902,-0.015340671898610103
2025-10-13,-0.003024872494383768,0.009787667120171761,0.0017327154479176432,-0.0007946696502483253,-0.0012639800308897886,0.007662883603104076,0.0043892181193156965,-0.01699022194863753,-0.01025638423697528,0.0009468581341669502,0.003439746899192686,0.00269094632827227,0.009839301178921955,0.006727803859263526,-0.003099992610118618,0.0020535192757009657
2025-10-14,0.006674794502854464,0.0009342734277792974,0.004694785201039053,0.004109193379659759,0.016957783146182015,0.018329011063096257,-0.008739963012162733,-0.01596711375553539,-0.014063677462607393,-0.004054054054054013,-0.007835370214796855,0.004696390029587105,-0.0026140828318687026,-0.007087890009157771,0.008125249712908733,-0.0018451183689405237
2025-10-15,0.014466532182685121,-0.0010500097870952407,-0.0014756440004261018,0.01425744991491329,-0.0002489332044425252,0.007953183266140362,-0.007347538245071172,0.04767474329079002,0.122184706284175,0.03134325045581776,0.07354385683038966,-0.009348874100062576,0.004050468525158335,0.007750394462892274,0.03701483459852617,0.01987215049254032
2025-10-16,0.004456373338053821,0.01611769690667364,0.012068953109992453,0.014968130918540101,0.0007468905989977959,0.011627949465860876,0.023686134742216813,-0.014849006142763299,0.007191806809667467,0.016576814926721584,-0.005977034952111215,0.020559404566795392,0.02432371952361012,0.021453159223994822,0.008827490953404737,0.013815753838058775
2025-10-17,-0.024549003174852424,-0.006781567102191133,-0.024580237414383976,-0.039625594181388446,-0.01965176369488153,-0.0032841393985462153,0.12979028598809594,0.003403511747970489,0.00581199509998509,0.011129772809727045,0.013413506329495117,-0.01948478908301121,0.0011583281825569003,-0.024767187829732862,0.0026631287339959897,-0.0017572804001757536
2025-10-20,-0.008186793860257335,0.0024302635756598967,0.01646705785800351,-0.07731340583142876,-0.007358561701349187,0.00041183770669284137,0.004479980468750089,0.048295914861614664,0.010566260495114,0.012031261437256413,0.012323171454371451,0.02088249354829186,0.001735526152369049,0.008736261044951288,-0.00398400871727933,0.0038988667302002344
2025-10-21,-0.002751456897185145,-0.0011545382168620666,0.01791861809634887,-0.016931956509137924,0.005368172415739947,-0.004940276742695704,0.008601504490381329,-0.0015408481982679412,0.007678502606502935,0.006702905920255686,0.014427477147739065,0.016496205540465603,-0.00334951385301685,0.0060422960725075026,0.00285709258584399,0.006433047372514711
2025-10-22,0.0024525393523691097,-0.003698563421637213,-0.007475293711333819,0.006477291909753324,0.0002542161471579263,0.011170874569913947,-0.016424548663246274,-0.020678983538007678,0.010376208807715503,-0.0669597836595085,-0.02266677086003699,-0.012982797535732837,0.004983199682622841,-0.012812800593562268,0.007217466202789291,-0.006295085782043075
2025-10-23,0.0024464224614968444,0.0027842865621929835,0.007045663341089803,0.005119181805774975,0.0012709516234523655,0.00531916158898893,0.0022479518970830448,0.08714157851024273,-0.003851180035109647,0.01050220501517174,-0.0022736835400338773,0.012166989855941113,-0.001268457204833373,0.010342741919262766,0.02017722906611019,0.00230418612454919
2025-10-24,-0.0033557234425840576,-0.002198084637203057,0.005790078027630097,-0.0034924019136546303,0.0002539257777469661,-0.019943013019675604,0.004165292430457601,-0.03855641154160894,-0.013369799819419548,-0.0014656570099098598,0.0,-0.010721208329574017,0.0251703070062701,0.01826570727211463,-0.003511938826672001,-1.8282840046901505e-05
2025-10-27,-0.0006120797118811527,-0.0008115906646286586,0.000719593252374251,0.010367976776694654,0.005329925795427348,-0.003322261954368133,0.009891532111961476,-0.011307081053620327,-0.0016326740656298355,0.002535312672816703,0.005925273685780441,-0.002955644980244254,-0.007433310680301508,0.02010647043656899,-0.0025969332112312227,0.0016472665170375045
2025-10-28,-0.004287999932702458,0.008702715216339474,-0.004074787758278187,-0.03540980620302059,0.002272157313836898,-0.02166665237267873,0.003159557661927437,0.0,0.005069526283796533,-0.013842624181929275,-0.002718641651275111,0.005599412566788642,-0.00998521820995335,-0.010434829785628041,-0.005393378267111837,-0.0027429441075653704
2025-10-29,0.0006152094369817895,-0.02438746967835692,0.0031287192111963957,0.002996772311035567,-0.011838821452665571,-0.010647343266722786,0.0025196465920276356,-0.006099391060717552,0.006833720741780791,-0.005803817905831066,-0.00863248189792698,-0.005568233728872385,0.007679062108255641,0.005272431821427004,0.012341006681397149,-0.001910794413639172
2025-10-30,-0.04795571855155478,0.005423878053467224,0.020633464119645728,-0.007021231006295925,0.002803992139564837,0.0021523317332943215,0.0037700667705076185,-0.03942928073062357,-0.014059471581703287,-0.0025793693210416357,-0.001833231223450471,0.005928813428136115,0.001706113842162127,-0.032634009695674315,-0.009235298995534214,-0.00531526426101625
2025-10-31,0.010009731358222584,-0.015362936673696592,0.003290954194055784,0.008876129487821682,-0.04346718550686557,-0.004295485794923115,-0.006885797205105626,-0.01996492391912119,0.0032780923595232547,-0.012794370842359126,-0.013314855260759373,0.008185985756264946,-0.005336677896352282,-0.01164656183327073,0.0057793286095702,-0.004440226431854599
2025-11-03,-0.004795445095464701,-0.0009528565022278723,0.0035145084530996407,-0.015806704401794436,0.003720419497066141,-0.003882703052727865,-0.0009454390309163729,-0.007170710998136154,0.007678502606502935,-0.002205950107356358,-0.015356029932668491,0.007794718882947693,-0.007534201417935149,-0.007110930339692456,-0.0029656714299850506,-0.0013889531059825266
2025-11-04,0.004818552197969783,0.006795418615741511,-0.006070431519509367,0.0,0.0026475634871361287,0.006496281913797475,-0.00189276373348779,-0.006237633193853065,-0.009079095374167734,0.006079816643208336,-0.015122824878983865,-0.0019335340301005477,-0.007246432771118139,-0.020871724886943666,-0.003532396663171955,-0.005211017018035613
2025-11-05,-0.007033286952485618,0.0,-0.0023490354301101135,-0.0003029794404001418,0.006337514793662402,0.008175626000875846,-0.00031607492239194013,0.0004954744306850944,0.0026177944552918664,-0.004257623526828014,0.006717858010050426,-0.009041066193678726,-0.012512967584398016,0.012539184952978122,0.0014926281040403833,0.000830513861235227
2025-11-06,0.007405069334825987,-0.004144446261325485,-0.01742414257169178,-0.009700014951207425,-0.008659192489360534,-0.0059753007668197355,-0.011381522999911797,-0.03780757695399228,-0.020887675999917588,-0.022758620689655173,-0.026215490004325548,-0.013359420609498351,0.004458491592762126,-0.029308590726586536,-0.008196708760356941,-0.01355670586573321
2025-11-07,-0.0003195982291221977,0.00665880140486097,-0.002875614051003672,0.0022957075954397332,-0.00714665078050869,-0.007299251360219028,-0.013751257251950255,0.02916951830549719,0.005333319652893076,0.0005646075004410722,0.007342135398164862,-0.00561420659836831,-0.001985727925865155,-0.018286148860636176,0.006386196023906443,-0.0018317972413796069
2025-11-10,0.01694369461836831,0.002480499354934995,0.014659985356373584,0.02305698863163097,0.011463618352894667,0.011678202514512792,0.01102462374764368,0.03517846742036945,0.02437005364730771,-0.0014106361483433583,0.013605458479650112,0.02623710971885007,0.0160345865875533,0.011262684756268682,0.008585229784308535,0.013248704748178852
2025-11-11,0.007230476373670358,0.010957938907492748,-0.0004737311826210622,0.008209000772504638,0.006589351846312486,0.012398480209266705,0.011545882759642634,0.01997096234530127,0.024275784920233967,0.0077694586951773115,0.03691279531501168,-0.00032364434794696084,0.025803542865579843,0.007067933933788906,0.024056267895257832,0.012503270155980628
2025-11-12,0.012796499241465753,0.004079236150026366,0.004739336143825934,0.025758664473135795,0.009164763063740589,0.012668913258708336,0.016804116718804885,-0.007895138655989897,0.02259438466033825,0.0005606439097542992,0.017105858403076324,0.004208541069063765,0.012127952438501621,0.01701403613847119,-0.0007227776673228714,0.010422738705237578
2025-11-13,0.018798169368557716,0.005223411959046853,-0.008254698049673936,0.00432956297300402,0.010638293660416798,0.005838187186561372,-0.0024946001873876744,0.02291907243843827,-0.01606927511147649,0.0061642259586851544,-0.016363639216867898,-0.010638356481895928,0.0034395339779789147,-0.01861151021930385,0.016093948228136812,-0.0010617333982697597
2025-11-14,-0.011796829647465867,-0.012240156781417433,-0.017835963420094858,-0.010921030993389147,-0.011809989100445395,-0.009121053095465181,-0.003125976927413121,-0.0023339758385494402,0.00031409373082835756,-0.0002784909546529324,-0.0036969596204993183,-0.008145976049915626,-0.009398563473793642,0.004261666422378685,0.0007119137299878009,-0.00757977098648055
2025-11-17,-0.007040084332020413,-0.00865089847848255,0.003874121967034627,-0.007700112817049964,-0.006495193273526434,-0.008368175254980903,-0.010348033415265356,-0.022301909862473157,-0.020408135652844495,-0.01239557717836004,-0.014378447735224897,0.004927726774232699,0.003348622212532959,-0.015489047277835954,0.005335206473778387,-0.006250827738181863
2025-11-18,-0.020961727084269466,-0.02158020949524897,-0.015195439224165552,-0.02357248226082076,-0.009937265989431565,-0.015189919406272456,-0.013308023212311504,-0.011644653896855539,-0.020352647549961356,-0.007897300491810255,-0.02117644683264852,-0.02190252312237828,-0.025698048440077836,-0.023491366156216276,-0.018751068458401687,-0.018609369528161723
2025-11-19,0.0006297373305899079,-0.0026515754786831103,-0.004408424200163963,0.0056979643050971696,-0.0015848223012074891,0.009854361369982412,-0.008670461600428503,-0.042123909594421804,-0.0027809139512875447,-0.003127238389525555,0.014423060393349507,-0.0013369799389770787,-0.018725729108935885,0.0028690968339377676,-0.0012618789358302962,-0.0017771436166748034
2025-11-20,0.0059785595532986235,0.0012084407748773618,0.00565797575553062,0.043983852119650946,-0.0005291126499298304,-0.008909580203587564,0.008098477165991769,-0.007245159508426635,0.016404208553338906,0.0042777699304419325,-0.0009478350617395659,0.00502008052637315,-0.007214367337314731,0.005281676779756328,0.004873518078944095,0.003432310039196862
2025-11-21,0.007194290100872358,0.0014484339021383352,-0.008072365105200041,0.006426800902757268,0.009528867707344402,0.02054789452839989,-0.01670955013835873,0.005431170745375136,0.005487422169447864,0.02655120336666572,0.007590225392832828,-0.036297017447762925,0.011720581382757222,-0.026707491277303763,0.005388945370889964,0.00019797823597600406
2025-11-24,-0.0003106253414124627,-0.009159962939000565,-0.01331689962445437,-0.0007095650758002225,0.002621979297815713,0.001677886740601764,-0.007516299977022078,-0.0018569865861889356,-0.0020866844099565185,0.010511722802126755,-0.006591460417219586,-0.02384241203181381,-0.00428640810808778,0.0022492127446511745,-0.0014293540751801892,-0.0028787408629812328
2025-11-25,0.014911449602798665,0.0,0.008497882870446283,0.019170668975058813,0.0015689737437312168,0.01340028023212092,0.01646361474819935,0.009132557797060015,-0.0038603730258105484,0.005201271496179993,0.007582914238691618,0.013451284222898208,0.005119283967761179,0.004263900068356419,0.00500986516798374,0.008308118736275683
2025-11-26,0.007346240952499805,0.0035275625685065037,0.015365573646234143,0.007942033182180452,0.011488314625878182,0.008677701672547666,0.014253300040472539,0.0016757987669455687,0.009849817789255866,0.01824613689194421,0.011759236479557567,0.009780015473041637,-0.0018520203014842362,0.015865935426850664,0.008723560183666601,0.008800415262351535
2025-11-27,0.0027347357339768674,-0.0027879194779829586,-0.0034172176668423315,0.014514834184582881,0.004904455820263776,0.0020483506535320384,0.0,-0.008867243455962237,0.0031979944220157375,-0.0034768328809565707,-0.017666288109901118,-0.0003459221771161536,-0.003942989145874987,0.0039594979516099915,-0.0037063362032132563,0.00037547894522615977
2025-11-28,0.0012121489553740261,0.003524990000735473,0.0014695762322209927,0.004087791991453926,-0.0007705825600233807,-0.00040880700301038075,-0.014052998437277808,-0.01147882934953226,0.012910353922515716,0.008051529658769097,-0.0061524144349084375,0.004498227657331322,-0.0015135318936052577,0.012269952187566657,0.0062002070572391155,0.002869292123719225
2025-12-01,0.003631928830497344,0.004844979865642918,-0.058058209550276074,-0.003392590469769363,-0.0071980098460372455,0.0024539736945536905,-0.005507004016219841,0.02288258663964915,0.011329730157012552,0.006256672165410038,0.02238101484196009,-0.014467729473169655,0.009678103789476422,-0.0045454677565273105,-0.001584534327522813,-0.0031651949978689364
2025-12-02,0.01568155790580472,-0.009884278011976222,-0.010800724922461868,0.02233114563084193,-0.0007767679991339538,-0.005712007190172286,0.0013029117149327973,-0.016694562719776873,-0.001569365946080814,-0.01640431804943321,-0.01350710473157557,0.014330674645397057,-0.005081358478117637,0.0013046447303295405,-0.0033503755558276227,-0.002765238572156381
2025-12-03,-0.01068885412973819,-0.0031653535203609584,0.03999998694741036,-0.011054898918654299,-0.010365419131828868,-0.020106617885994327,0.0045543068454185764,-0.0020372896203514346,-0.009273851463150407,-0.00672494956287828,-0.006610133240064431,0.02239834502612914,-0.00591993183049766,-0.0032573289902280145,0.00920028783967397,0.001586461613706236
2025-12-04,0.010804340145521785,-0.0034196237016261843,-0.005552135526042723,0.01939397227483175,0.00968847237201187,0.0008374722786346211,-0.01813463668169557,0.004933692013350921,0.004442309768675434,-0.001218719585731054,0.008079924894602852,-0.009100141880504009,-0.012494158132298594,0.035076266020731106,0.002454361145240558,0.004279469053861895
2025-12-05,-0.0026722135324345198,-0.0008578394133967882,-0.001624276176801831,-0.003963575664963859,-0.00025939149051479315,0.009205012503251897,-0.001978911871236777,0.0005078046830691019,-0.00789764680589744,0.01071044560133938,0.020744806270192484,-0.0037415173588967177,0.005084548973955938,-0.008629774891272701,-0.01364107256806657,-0.0008975035765779182
2025-12-08,0.006251833388469796,-0.0094443352703929,0.007015850053586625,0.013662273347070819,0.0070039030637412125,0.0029021828680726447,0.0019828357283984133,-0.012182785749450309,-0.004617041062931038,-0.019852431647174762,-0.015242432460723543,0.007169703473117073,-0.01647060618681062,0.008917223369492966,-0.0014184564509441833,-0.000777604508770291
2025-12-09,0.015384629275183803,-0.01857355077170153,-0.013327940730535337,0.014655885545901137,0.005409559147952825,-0.004960764279743124,-0.05573886455691435,-0.018499449770398302,-0.01423548342976566,0.007800755593003084,-0.00609758495522672,-0.0006780074814618509,-0.004425778994506024,-0.014099351925336623,0.003373506468812293,-0.006896576642329122
2025-12-10,-0.003787909943799961,0.0015139428962069879,-0.007470352805137526,-0.006835166018043459,0.005380551005328416,-0.031159073510952373,-0.004540649138653818,0.008027857626320412,0.004056466087161148,0.0070613131443233446,0.004719279558078382,-0.002713662910768355,-0.006608230560788408,-0.0032017075773745907,-0.0122101396599269,-0.0037031714442677943
2025-12-11,0.01082195850961476,-0.0018895679223258632,-0.003608627185060942,0.021555590009961545,0.017074366470095637,0.027444276973475512,-0.00035089860882675517,0.010561063808681714,0.010342638235803836,0.0031014683169423574,0.0009393761824005864,-0.009183714989902225,0.01161101936295661,0.0241969760020746,0.00035831627532822985,0.00786143110096238
2025-12-12,-0.009548663713587757,0.0008834998341331612,0.003828659814686608,-0.007372592405673117,0.011776527749939314,-0.004173642520212795,-0.00982796719183543,0.014904935812527054,-0.0011196612177919452,-0.00510827893992627,0.0014077418744131709,0.0,-0.0038259169913842372,-0.015680535629129855,-0.004477138848081652,-0.0021197325834939607
2025-12-15,0.0023371846954298725,0.006179039658418706,0.010823569442239389,0.01267775053901099,0.008915319485611084,0.00712487650955973,0.0014179152351296853,0.026502297700230937,0.0025620105459367437,0.008512429450004078,0.00843492421244929,0.0058359501485441,-0.03264523800606889,0.03101105879793664,-0.0016189537783168895,0.006972662587640954
2025-12-16,0.004954770100290551,-0.0011280106059960993,-0.01611254246721827,-0.002782008290454163,-0.004663780892936842,0.0024968646974743436,-0.015221195727323056,0.019240226210966327,0.016610804695096126,0.0013397641576780028,0.0032527919912517245,0.0023891201605161783,0.0042184115846395365,-0.014215067950651528,-0.018018054233507552,-0.0023040004076982923
2025-12-17,0.008990759205529608,-0.0003763962414748967,-0.01326705216762547,0.015470469328692671,0.01085086189111717,-0.005811528821924261,-0.016175412661920352,0.010003252784888117,-0.00754122198424001,0.005351886365184244,-0.019916635475119904,0.0,0.014578703602461607,-0.03448275862068961,0.011559617187823168,-0.0024808727159176813
2025-12-18,0.002874345256957511,0.0022593235761607655,0.01911764021701856,0.001997952410795145,-0.0039033871885924,0.004175385341080418,0.00949936233094073,-0.008626229701729327,0.009023289689541913,0.0005322908782416924,0.013232530039605228,0.026217165030369083,-0.00024359804909734883,0.013636337214218086,0.005441659018382783,0.007987872149118669
2025-12-19,0.008885106870566206,-0.0012523290674013587,0.009276469794869291,0.004486548104883692,0.00906193767552943,-0.0037421823902809015,-0.005428881890229942,-0.02497584538677744,-0.008942598036878135,-0.013035365725049042,-0.019589575414275417,0.016257445241247392,0.00341046022534508,0.007260355547063391,0.006855557149862079,9.075926324086936e-05
2025-12-22,-0.0025568224612838586,0.0031347962382444194,-0.0006126942860247286,-0.004342412912494931,-0.0024272399749157847,0.0008346760416890753,-0.008005756139663922,0.008593630294850607,-0.006332119554699367,-0.012264118040346883,0.00237872335433309,-0.01338549052998561,-0.009711039682391953,0.00296797511183855,0.002329332867368805,-0.0037183960298132757
2025-12-23,0.001139302615550175,-0.0010000228881835715,0.005109339402680435,0.004485988914038064,0.00024336098787869354,-0.0008339799386151148,-0.009170946236335187,-0.01867927334038133,-0.0006372859746425208,-0.010642718745112578,-0.011865275247139095,-0.0059563806678926134,0.007845052406027397,-0.0025364874055162634,-0.0016088943857466287,-0.002120376617271158
2025-12-24,-0.0019914563808107744,0.0011261757926332994,-0.0038633808548245163,-0.0011165359955797038,0.0007297197482727391,-0.001252145218417322,0.0,0.013858711861965078,0.0076518219135577326,0.003447800419493552,0.006244020790740379,-0.003661804679978342,-0.007419126748905547,-0.002966717343911407,-0.0042972054848590124,-3.331990695731868e-05
2025-12-29,-0.005701275726912924,0.0027496714764303487,0.0002041327929023229,-0.003725725718707107,-0.006805998625447951,0.00208943753933033,0.004072588221616158,-0.015151492215045748,0.0017402889789293052,0.004123144723285677,0.002863982096904305,-0.016705647189864226,0.007719608488007568,0.004463349848067288,0.006114027725653504,0.0010415077440937281
2025-12-30,0.010034359615918698,0.0009970609287435206,0.014999984538550892,0.010969798554314458,0.00685263766799693,0.004587151755387486,-0.0014750162096494046,0.005016672371001674,0.009633568332817699,0.004516902461539685,0.009995252261044696,0.01053349042507068,0.009241271351799085,-0.001481193817162052,0.00804289412948056,0.006919347175839974
